﻿alpha_raw,alpha_raw_hex,cont,area_hi16,area_lo16,parent_hi16,parent_lo16,zone_base_hex,zone_name,sub_lo16,sub_name,parent_ok
589825,0x00090001,0,9,1,9,0,0x00090000,Burning Steppes,1,Dreadmaul Rock,1
589827,0x00090003,0,9,3,9,0,0x00090000,Burning Steppes,3,Flame Crest,1
589828,0x00090004,0,9,4,9,0,0x00090000,Burning Steppes,4,Blackrock Stronghold,1
589829,0x00090005,0,9,5,9,0,0x00090000,Burning Steppes,5,The Pillar of Ash,1
589831,0x00090007,0,9,7,9,0,0x00090000,Burning Steppes,7,Altar of Storms,1
327684,0x00050004,1,5,4,5,0,0x00050000,Teldrassil,4,Aldrassil,1
327685,0x00050005,1,5,5,5,0,0x00050000,Teldrassil,5,Shadowthread Cave,1
327686,0x00050006,1,5,6,5,0,0x00050000,Teldrassil,6,Fel Rock,1
327687,0x00050007,1,5,7,5,0,0x00050000,Teldrassil,7,Lake Al'Ameth,1
327688,0x00050008,1,5,8,5,0,0x00050000,Teldrassil,8,Starbreeze Village,1
327689,0x00050009,1,5,9,5,0,0x00050000,Teldrassil,9,Gnarlpine Hold,1
327690,0x0005000A,1,5,10,5,0,0x00050000,Teldrassil,10,Ban'ethil Barrow Den,1
327691,0x0005000B,1,5,11,5,0,0x00050000,Teldrassil,11,The Cleft,1
327692,0x0005000C,1,5,12,5,0,0x00050000,Teldrassil,12,The Oracle Glade,1
327693,0x0005000D,1,5,13,5,0,0x00050000,Teldrassil,13,The Wellspring River,1
327694,0x0005000E,1,5,14,5,0,0x00050000,Teldrassil,14,Wellspring Lake,1
1966080,0x001E0000,0,30,0,0,0,0x001E0000,Hillsbrad Foothills,0,,1
2031616,0x001F0000,0,31,0,0,0,0x001F0000,Dun Algaz,0,,1
1966083,0x001E0003,0,30,3,30,0,0x001E0000,Hillsbrad Foothills,3,Tarren Mill,1
1966086,0x001E0006,0,30,6,30,0,0x001E0000,Hillsbrad Foothills,6,Durnholde Keep,1
1310721,0x00140001,0,20,1,20,0,0x00140000,Alterac Mountains,1,The Foothill Caverns,1
1310722,0x00140002,0,20,2,20,0,0x00140000,Alterac Mountains,2,Lordamere Internment Camp,1
1310723,0x00140003,0,20,3,20,0,0x00140000,Alterac Mountains,3,Dalaran,1
1310724,0x00140004,0,20,4,20,0,0x00140000,Alterac Mountains,4,Strahnbrad,1
1310725,0x00140005,0,20,5,20,0,0x00140000,Alterac Mountains,5,Ruins of Alterac,1
1310726,0x00140006,0,20,6,20,0,0x00140000,Alterac Mountains,6,Crushridge Hold,1
1310727,0x00140007,0,20,7,20,0,0x00140000,Alterac Mountains,7,Slaughter Hollow,1
1310728,0x00140008,0,20,8,20,0,0x00140000,Alterac Mountains,8,The Uplands,1
1966087,0x001E0007,0,30,7,30,0,0x001E0000,Hillsbrad Foothills,7,Southpoint Tower,1
1966088,0x001E0008,0,30,8,30,0,0x001E0000,Hillsbrad Foothills,8,Hillsbrad Fields,1
1966089,0x001E0009,0,30,9,30,0,0x001E0000,Hillsbrad Foothills,9,Hillsbrad,1
1966090,0x001E000A,0,30,10,30,0,0x001E0000,Hillsbrad Foothills,10,Azureload Mine,1
1966091,0x001E000B,0,30,11,30,0,0x001E0000,Hillsbrad Foothills,11,Nethander Stead,1
1966092,0x001E000C,0,30,12,30,0,0x001E0000,Hillsbrad Foothills,12,Dun Garok,1
2162688,0x00210000,0,33,0,0,0,0x00210000,Thoradin's Wall,0,,1
1966095,0x001E000F,0,30,15,30,0,0x001E0000,Hillsbrad Foothills,15,Eastern Strand,1
2228224,0x00220000,0,34,0,0,0,0x00220000,South Seas,0,,1
720919,0x000B0017,0,11,23,11,0,0x000B0000,Stranglethorn Vale,23,Jaguero Isle,1
917509,0x000E0005,0,14,5,14,0,0x000E0000,Wetlands,5,Baradin Bay,1
917510,0x000E0006,0,14,6,14,0,0x000E0000,Wetlands,6,Menethil Bay,1
458757,0x00070005,0,7,5,7,0,0x00070000,Swamp of Sorrows,5,Mistyreed Strand,1
720920,0x000B0018,0,11,24,11,0,0x000B0000,Stranglethorn Vale,24,The Savage Coast,1
720922,0x000B001A,0,11,26,11,0,0x000B0000,Stranglethorn Vale,26,Shell Beach,1
1638419,0x00190013,0,25,19,25,0,0x00190000,Silverpine Forest,19,North Tide's Run,1
1638420,0x00190014,0,25,20,25,0,0x00190000,Silverpine Forest,20,South Tide's Run,1
786433,0x000C0001,0,12,1,12,0,0x000C0000,The Hinterlands,1,The Overlook Cliffs,1
917511,0x000E0007,0,14,7,14,0,0x000E0000,Wetlands,7,Ironbeard's Tomb,1
720923,0x000B001B,0,11,27,11,0,0x000B0000,Stranglethorn Vale,27,Crystalvein Mine,1
720925,0x000B001D,0,11,29,11,0,0x000B0000,Stranglethorn Vale,29,Janeiro's Point,1
851970,0x000D0002,0,13,2,13,0,0x000D0000,Arathi Highlands,2,Go'Shek Farm,1
851972,0x000D0004,0,13,4,13,0,0x000D0000,Arathi Highlands,4,Boulderfist Hall,1
851974,0x000D0006,0,13,6,13,0,0x000D0000,Arathi Highlands,6,Drywhisker Gorge,1
851976,0x000D0008,0,13,8,13,0,0x000D0000,Arathi Highlands,8,Refuge Pointe,1
851977,0x000D0009,0,13,9,13,0,0x000D0000,Arathi Highlands,9,Hammerfall,1
851979,0x000D000B,0,13,11,13,0,0x000D0000,Arathi Highlands,11,O'Breen's Camp,1
851980,0x000D000C,0,13,12,13,0,0x000D0000,Arathi Highlands,12,Stromgarde Keep,1
851981,0x000D000D,0,13,13,13,0,0x000D0000,Arathi Highlands,13,The Tower of Arathor,1
851982,0x000D000E,0,13,14,13,0,0x000D0000,Arathi Highlands,14,The Sanctum,1
851983,0x000D000F,0,13,15,13,0,0x000D0000,Arathi Highlands,15,Faldir's Cove,1
2359296,0x00240000,0,36,0,0,0,0x00240000,Thandol Span,0,,1
524288,0x00080000,1,8,0,0,0,0x00080000,Ashenvale,0,,1
589824,0x00090000,1,9,0,0,0,0x00090000,The Great Sea,0,,1
851985,0x000D0011,0,13,17,13,0,0x000D0000,Arathi Highlands,17,Circle of East Binding,1
851986,0x000D0012,0,13,18,13,0,0x000D0000,Arathi Highlands,18,Circle of West Binding,1
851987,0x000D0013,0,13,19,13,0,0x000D0000,Arathi Highlands,19,Circle of Inner Binding,1
851988,0x000D0014,0,13,20,13,0,0x000D0000,Arathi Highlands,20,Circle of Outer Binding,1
1114113,0x00110001,0,17,1,17,0,0x00110000,Badlands,1,Apocryphan's Rest,1
1114116,0x00110004,0,17,4,17,0,0x00110000,Badlands,4,Kargath,1
1114117,0x00110005,0,17,5,17,0,0x00110000,Badlands,5,Camp Kosh,1
1114118,0x00110006,0,17,6,17,0,0x00110000,Badlands,6,Camp Boff,1
1114119,0x00110007,0,17,7,17,0,0x00110000,Badlands,7,Camp Wurg,1
1114120,0x00110008,0,17,8,17,0,0x00110000,Badlands,8,Camp Cagg,1
1114121,0x00110009,0,17,9,17,0,0x00110000,Badlands,9,Agmond's End,1
1114122,0x0011000A,0,17,10,17,0,0x00110000,Badlands,10,Hammertoe's Digsite,1
1114123,0x0011000B,0,17,11,17,0,0x00110000,Badlands,11,Dustbelch Grotto,1
786434,0x000C0002,0,12,2,12,0,0x000C0000,The Hinterlands,2,Aerie Peak,1
786435,0x000C0003,0,12,3,12,0,0x000C0000,The Hinterlands,3,Wildhammer Keep,1
786436,0x000C0004,0,12,4,12,0,0x000C0000,The Hinterlands,4,Quel'Danil Lodge,1
786437,0x000C0005,0,12,5,12,0,0x000C0000,The Hinterlands,5,Skulk Rock,1
786438,0x000C0006,0,12,6,12,0,0x000C0000,The Hinterlands,6,Zun'watha,1
786439,0x000C0007,0,12,7,12,0,0x000C0000,The Hinterlands,7,Shadra'Alor,1
786442,0x000C000A,0,12,10,12,0,0x000C0000,The Hinterlands,10,Seradane,1
655360,0x000A0000,1,10,0,0,0,0x000A0000,Feralas,0,,1
458759,0x00070007,1,7,7,7,0,0x00070000,Mulgore,7,Brambleblade Ravine,1
65537,0x00010001,1,1,1,1,0,0x00010000,The Barrens,1,Bael Modan,1
458760,0x00070008,1,7,8,7,0,0x00070000,Mulgore,8,The Venture Co. Mine,1
720896,0x000B0000,1,11,0,0,0,0x000B0000,Felwood,0,,1
131073,0x00020001,1,2,1,2,0,0x00020000,Durotar,1,Razor Hill,1
131074,0x00020002,1,2,2,2,0,0x00020000,Durotar,2,Valley of Trials,1
131075,0x00020003,1,2,3,2,0,0x00020000,Durotar,3,The Den,1
131076,0x00020004,1,2,4,2,0,0x00020000,Durotar,4,Burning Blade Coven,1
131077,0x00020005,1,2,5,2,0,0x00020000,Durotar,5,Kolkar Crag,1
131078,0x00020006,1,2,6,2,0,0x00020000,Durotar,6,Sen'jin Village,1
131079,0x00020007,1,2,7,2,0,0x00020000,Durotar,7,Echo Isles,1
131080,0x00020008,1,2,8,2,0,0x00020000,Durotar,8,Thunder Ridge,1
131081,0x00020009,1,2,9,2,0,0x00020000,Durotar,9,Drygulch Ravine,1
131083,0x0002000B,1,2,11,2,0,0x00020000,Durotar,11,Tiragarde Keep,1
131084,0x0002000C,1,2,12,2,0,0x00020000,Durotar,12,Scuttle Coast,1
131085,0x0002000D,1,2,13,2,0,0x00020000,Durotar,13,Bladefist Bay,1
131086,0x0002000E,1,2,14,2,0,0x00020000,Durotar,14,Deadeye Shore,1
786432,0x000C0000,1,12,0,0,0,0x000C0000,Southfury River,0,,1
65538,0x00010002,1,1,2,1,0,0x00010000,The Barrens,2,Camp Taurajo,1
65539,0x00010003,1,1,3,1,0,0x00010000,The Barrens,3,Far Watch Post,1
65540,0x00010004,1,1,4,1,0,0x00010000,The Barrens,4,The Crossroads,1
65541,0x00010005,1,1,5,1,0,0x00010000,The Barrens,5,Boulder Load Mine,1
65543,0x00010007,1,1,7,1,0,0x00010000,The Barrens,7,The Dry Hills,1
65544,0x00010008,1,1,8,1,0,0x00010000,The Barrens,8,Dreadmist Peak,1
65545,0x00010009,1,1,9,1,0,0x00010000,The Barrens,9,Northwatch Hold,1
65546,0x0001000A,1,1,10,1,0,0x00010000,The Barrens,10,The Forgotten Pools,1
65548,0x0001000C,1,1,12,1,0,0x00010000,The Barrens,12,The Stagnant Oasis,1
65550,0x0001000E,1,1,14,1,0,0x00010000,The Barrens,14,Field of Giants,1
65551,0x0001000F,1,1,15,1,0,0x00010000,The Barrens,15,The Merchant Coast,1
65552,0x00010010,1,1,16,1,0,0x00010000,The Barrens,16,Ratchet,1
131087,0x0002000F,1,2,15,2,0,0x00020000,Durotar,15,Darkspear Strand,1
2424832,0x00250000,0,37,0,0,0,0x00250000,Darrowmere Lake,0,,1
2424833,0x00250001,0,37,1,37,0,0x00250000,Darrowmere Lake,1,Caer Darrow,1
458761,0x00070009,1,7,9,7,0,0x00070000,Mulgore,9,Winterhoof Water Well,1
458762,0x0007000A,1,7,10,7,0,0x00070000,Mulgore,10,Thunderhorn Water Well,1
1048576,0x00100000,0,16,0,0,0,0x00100000,Dun Morogh,0,,1
196611,0x00030003,0,3,3,3,0,0x00030000,Westfall,3,Longshore,1
1114112,0x00110000,0,17,0,0,0,0x00110000,Badlands,0,,1
131072,0x00020000,0,2,0,0,0,0x00020000,Blasted Lands,0,,1
720897,0x000B0001,0,11,1,11,0,0x000B0000,Stranglethorn Vale,1,Blackwater Cove,1
458752,0x00070000,0,7,0,0,0,0x00070000,Swamp of Sorrows,0,,1
393218,0x00060002,0,6,2,6,0,0x00060000,Elwynn Forest,2,Northshire Valley,1
393216,0x00060000,0,6,0,0,0,0x00060000,Elwynn Forest,0,,1
131072,0x00020000,1,2,0,0,0,0x00020000,Durotar,0,,1
196608,0x00030000,1,3,0,0,0,0x00030000,Dustwallow Marsh,0,,1
262144,0x00040000,1,4,0,0,0,0x00040000,Aszhara,0,,1
65536,0x00010000,1,1,0,0,0,0x00010000,The Barrens,0,,1
393220,0x00060004,0,6,4,6,0,0x00060000,Elwynn Forest,4,Crystal Lake,1
196610,0x00030002,0,3,2,3,0,0x00030000,Westfall,2,Moonbrook,1
1376256,0x00150000,0,21,0,0,0,0x00150000,Kul Tiras,0,,1
393223,0x00060007,0,6,7,6,0,0x00060000,Elwynn Forest,7,Northshire River,1
393224,0x00060008,0,6,8,6,0,0x00060000,Elwynn Forest,8,Northshire Abbey,1
1179648,0x00120000,0,18,0,0,0,0x00120000,Blackrock Mountain,0,,1
1245184,0x00130000,0,19,0,0,0,0x00130000,Western Plaguelands,0,,1
655360,0x000A0000,0,10,0,0,0,0x000A0000,Nine,0,,1
262147,0x00040003,0,4,3,4,0,0x00040000,Duskwood,3,The Cemetary,1
720896,0x000B0000,0,11,0,0,0,0x000B0000,Stranglethorn Vale,0,,1
393222,0x00060006,0,6,6,6,0,0x00060000,Elwynn Forest,6,Echo Ridge Mine,1
720901,0x000B0005,0,11,5,11,0,0x000B0000,Stranglethorn Vale,5,Booty Bay,1
1310720,0x00140000,0,20,0,0,0,0x00140000,Alterac Mountains,0,,1
720899,0x000B0003,0,11,3,11,0,0x000B0000,Stranglethorn Vale,3,Lake Nazferiti,1
983040,0x000F0000,0,15,0,0,0,0x000F0000,Loch Modan,0,,1
196608,0x00030000,0,3,0,0,0,0x00030000,Westfall,0,,1
262145,0x00040001,0,4,1,4,0,0x00040000,Duskwood,1,Darkshire,1
720898,0x000B0002,0,11,2,11,0,0x000B0000,Stranglethorn Vale,2,Wild Shore,1
524288,0x00080000,0,8,0,0,0,0x00080000,Redridge Mountains,0,,1
851968,0x000D0000,0,13,0,0,0,0x000D0000,Arathi Highlands,0,,1
589824,0x00090000,0,9,0,0,0,0x00090000,Burning Steppes,0,,1
786432,0x000C0000,0,12,0,0,0,0x000C0000,The Hinterlands,0,,1
1441793,0x00160001,0,22,1,22,0,0x00160000,Programmer Isle,1,Dead Man's Hole,1
1507328,0x00170000,0,23,0,0,0,0x00170000,Searing Gorge,0,,1
393228,0x0006000C,0,6,12,6,0,0x00060000,Elwynn Forest,12,Thieves Camp,1
393230,0x0006000E,0,6,14,6,0,0x00060000,Elwynn Forest,14,Valley of Heroes,1
393231,0x0006000F,0,6,15,6,0,0x00060000,Elwynn Forest,15,Hero's Vigil,1
393232,0x00060010,0,6,16,6,0,0x00060000,Elwynn Forest,16,Fargodeep Mine,1
393233,0x00060011,0,6,17,6,0,0x00060000,Elwynn Forest,17,Northshire Vineyards,1
393235,0x00060013,0,6,19,6,0,0x00060000,Elwynn Forest,19,Thunder Falls,1
393236,0x00060014,0,6,20,6,0,0x00060000,Elwynn Forest,20,Brackwell Pumpkin Patch,1
393237,0x00060015,0,6,21,6,0,0x00060000,Elwynn Forest,21,The Stonefield Farm,1
393238,0x00060016,0,6,22,6,0,0x00060000,Elwynn Forest,22,The Maclure Vineyards,1
524290,0x00080002,0,8,2,8,0,0x00080000,Redridge Mountains,2,Lakeshire,1
524291,0x00080003,0,8,3,8,0,0x00080000,Redridge Mountains,3,Stonewatch,1
131073,0x00020001,0,2,1,2,0,0x00020000,Blasted Lands,1,Dark Portal,1
131074,0x00020002,0,2,2,2,0,0x00020000,Blasted Lands,2,Demonic Stronghold,1
458753,0x00070001,0,7,1,7,0,0x00070000,Swamp of Sorrows,1,Pool of Tears,1
458754,0x00070002,0,7,2,7,0,0x00070000,Swamp of Sorrows,2,Stonard,1
458755,0x00070003,0,7,3,7,0,0x00070000,Swamp of Sorrows,3,Fallow Sanctuary,1
1048577,0x00100001,0,16,1,16,0,0x00100000,Dun Morogh,1,Anvilmar,1
393239,0x00060017,0,6,23,6,0,0x00060000,Elwynn Forest,23,Stormwind City,1
1441797,0x00160005,0,22,5,22,0,0x00160000,Programmer Isle,5,Jeff NW Quadrant,1
1441798,0x00160006,0,22,6,22,0,0x00160000,Programmer Isle,6,Jeff SE Quadrant,1
1441799,0x00160007,0,22,7,22,0,0x00160000,Programmer Isle,7,Jeff SW Quadrant,1
1572864,0x00180000,0,24,0,0,0,0x00180000,Tirisfal Glades,0,,1
393240,0x00060018,0,6,24,6,0,0x00060000,Elwynn Forest,24,Stone Cairn Lake,1
393242,0x0006001A,0,6,26,6,0,0x00060000,Elwynn Forest,26,Eastvale Logging Camp,1
393243,0x0006001B,0,6,27,6,0,0x00060000,Elwynn Forest,27,Mirror Lake Orchard,1
393244,0x0006001C,0,6,28,6,0,0x00060000,Elwynn Forest,28,Tower of Azora,1
262149,0x00040005,0,4,5,4,0,0x00040000,Duskwood,5,Raven Hill,1
524293,0x00080005,0,8,5,8,0,0x00080000,Redridge Mountains,5,Redridge Canyons,1
524294,0x00080006,0,8,6,8,0,0x00080000,Redridge Mountains,6,Tower of Ilgalar,1
524295,0x00080007,0,8,7,8,0,0x00080000,Redridge Mountains,7,Alther's Mill,1
524296,0x00080008,0,8,8,8,0,0x00080000,Redridge Mountains,8,Rethban Caverns,1
720902,0x000B0006,0,11,6,11,0,0x000B0000,Stranglethorn Vale,6,Rebel Camp,1
720904,0x000B0008,0,11,8,11,0,0x000B0000,Stranglethorn Vale,8,Kurzen's Compound,1
720906,0x000B000A,0,11,10,11,0,0x000B0000,Stranglethorn Vale,10,Ruins of Zul'Mamwe,1
720907,0x000B000B,0,11,11,11,0,0x000B0000,Stranglethorn Vale,11,The Vile Reef,1
720908,0x000B000C,0,11,12,11,0,0x000B0000,Stranglethorn Vale,12,Mosh'Ogg Ogre Mound,1
720909,0x000B000D,0,11,13,11,0,0x000B0000,Stranglethorn Vale,13,The Stockpile,1
196612,0x00030004,0,3,4,3,0,0x00030000,Westfall,4,Saldean's Farm,1
196613,0x00030005,0,3,5,3,0,0x00030000,Westfall,5,Sentinel Hill,1
196614,0x00030006,0,3,6,3,0,0x00030000,Westfall,6,Furlbrow's Pumpkin Farm,1
196616,0x00030008,0,3,8,3,0,0x00030000,Westfall,8,Jangolode Mine,1
196620,0x0003000C,0,3,12,3,0,0x00030000,Westfall,12,Westfall Lighthouse,1
458756,0x00070004,0,7,4,7,0,0x00070000,Swamp of Sorrows,4,Misty Valley,1
917505,0x000E0001,0,14,1,14,0,0x000E0000,Wetlands,1,Whelgar's Excavation Site,1
262150,0x00040006,0,4,6,4,0,0x00040000,Duskwood,6,Tranquil Gardens Cemetery,1
720911,0x000B000F,0,11,15,11,0,0x000B0000,Stranglethorn Vale,15,Zuuldaia Ruins,1
720912,0x000B0010,0,11,16,11,0,0x000B0000,Stranglethorn Vale,16,Bal'lal Ruins,1
720914,0x000B0012,0,11,18,11,0,0x000B0000,Stranglethorn Vale,18,Kal'ai Ruins,1
720915,0x000B0013,0,11,19,11,0,0x000B0000,Stranglethorn Vale,19,Tkashi Ruins,1
720916,0x000B0014,0,11,20,11,0,0x000B0000,Stranglethorn Vale,20,Balia'mah Ruins,1
720917,0x000B0015,0,11,21,11,0,0x000B0000,Stranglethorn Vale,21,Ziata'jai Ruins,1
720918,0x000B0016,0,11,22,11,0,0x000B0000,Stranglethorn Vale,22,Mizjah Ruins,1
1638400,0x00190000,0,25,0,0,0,0x00190000,Silverpine Forest,0,,1
1048578,0x00100002,0,16,2,16,0,0x00100000,Dun Morogh,2,Kharanos,1
1048579,0x00100003,0,16,3,16,0,0x00100000,Dun Morogh,3,Coldridge Valley,1
1048580,0x00100004,0,16,4,16,0,0x00100000,Dun Morogh,4,Gnomeregan,1
1048581,0x00100005,0,16,5,16,0,0x00100000,Dun Morogh,5,Gol'Bolar Quarry,1
1048582,0x00100006,0,16,6,16,0,0x00100000,Dun Morogh,6,Frostmane Hold,1
1048583,0x00100007,0,16,7,16,0,0x00100000,Dun Morogh,7,The Grizzled Den,1
1048584,0x00100008,0,16,8,16,0,0x00100000,Dun Morogh,8,Brewnall Village,1
1048585,0x00100009,0,16,9,16,0,0x00100000,Dun Morogh,9,Misty Pine Refuge,1
1703936,0x001A0000,0,26,0,0,0,0x001A0000,Eastern Plaguelands,0,,1
327680,0x00050000,1,5,0,0,0,0x00050000,Teldrassil,0,,1
983041,0x000F0001,0,15,1,15,0,0x000F0000,Loch Modan,1,Ironband's Excavation Site,1
983042,0x000F0002,0,15,2,15,0,0x000F0000,Loch Modan,2,Mo'grosh Stronghold,1
983043,0x000F0003,0,15,3,15,0,0x000F0000,Loch Modan,3,Thelsamar,1
983044,0x000F0004,0,15,4,15,0,0x000F0000,Loch Modan,4,Algaz Gate,1
983045,0x000F0005,0,15,5,15,0,0x000F0000,Loch Modan,5,Stonewrought Dam,1
983046,0x000F0006,0,15,6,15,0,0x000F0000,Loch Modan,6,The Farstrider Lodge,1
393216,0x00060000,1,6,0,0,0,0x00060000,Darkshore,0,,1
983047,0x000F0007,0,15,7,15,0,0x000F0000,Loch Modan,7,Silver Stream Mine,1
917507,0x000E0003,0,14,3,14,0,0x000E0000,Wetlands,3,Menethil Harbor,1
1572865,0x00180001,0,24,1,24,0,0x00180000,Tirisfal Glades,1,The Bulwark,1
1572867,0x00180003,0,24,3,24,0,0x00180000,Tirisfal Glades,3,Deathknell,1
1572868,0x00180004,0,24,4,24,0,0x00180000,Tirisfal Glades,4,Night Web's Hollow,1
1572869,0x00180005,0,24,5,24,0,0x00180000,Tirisfal Glades,5,Solliden Farmstead,1
1572870,0x00180006,0,24,6,24,0,0x00180000,Tirisfal Glades,6,Agamand Mills,1
1572871,0x00180007,0,24,7,24,0,0x00180000,Tirisfal Glades,7,Agamand Family Crypt,1
1572872,0x00180008,0,24,8,24,0,0x00180000,Tirisfal Glades,8,Brill,1
1572873,0x00180009,0,24,9,24,0,0x00180000,Tirisfal Glades,9,Whispering Gardens,1
1572874,0x0018000A,0,24,10,24,0,0x00180000,Tirisfal Glades,10,Terrace of Repose,1
1572875,0x0018000B,0,24,11,24,0,0x00180000,Tirisfal Glades,11,Brightwater Lake,1
1572876,0x0018000C,0,24,12,24,0,0x00180000,Tirisfal Glades,12,Gunther's Retreat,1
1572877,0x0018000D,0,24,13,24,0,0x00180000,Tirisfal Glades,13,Garren's Haunt,1
1572878,0x0018000E,0,24,14,24,0,0x00180000,Tirisfal Glades,14,Balnir Farmstead,1
1572879,0x0018000F,0,24,15,24,0,0x00180000,Tirisfal Glades,15,Cold Hearth Manor,1
1572880,0x00180010,0,24,16,24,0,0x00180000,Tirisfal Glades,16,Crusader Outpost,1
1572881,0x00180011,0,24,17,24,0,0x00180000,Tirisfal Glades,17,The North Coast,1
1835008,0x001C0000,0,28,0,0,0,0x001C0000,Lordamere Lake,0,,1
1638401,0x00190001,0,25,1,25,0,0x00190000,Silverpine Forest,1,Fenris Isle,1
327682,0x00050002,1,5,2,5,0,0x00050000,Teldrassil,2,Darnassus,1
1048586,0x0010000A,0,16,10,16,0,0x00100000,Dun Morogh,10,Steelgrill's Depot,1
1245185,0x00130001,0,19,1,19,0,0x00130000,Western Plaguelands,1,Hearthglenn,1
1245187,0x00130003,0,19,3,19,0,0x00130000,Western Plaguelands,3,Northridge Lumber Camp,1
1245188,0x00130004,0,19,4,19,0,0x00130000,Western Plaguelands,4,Ruins of Anderhol,1
1245190,0x00130006,0,19,6,19,0,0x00130000,Western Plaguelands,6,School of Necromancy,1
1245192,0x00130008,0,19,8,19,0,0x00130000,Western Plaguelands,8,Sorrow Hill,1
1245193,0x00130009,0,19,9,19,0,0x00130000,Western Plaguelands,9,The Weeping Cave,1
1245194,0x0013000A,0,19,10,19,0,0x00130000,Western Plaguelands,10,Felstone Field,1
1245195,0x0013000B,0,19,11,19,0,0x00130000,Western Plaguelands,11,Dalson's Tears,1
1245196,0x0013000C,0,19,12,19,0,0x00130000,Western Plaguelands,12,Gahrron's Withering,1
1245197,0x0013000D,0,19,13,19,0,0x00130000,Western Plaguelands,13,The Writhing Haunt,1
1245198,0x0013000E,0,19,14,19,0,0x00130000,Western Plaguelands,14,Mardenholde Keep,1
1638402,0x00190002,0,25,2,25,0,0x00190000,Silverpine Forest,2,Pyrewood Village,1
917508,0x000E0004,0,14,4,14,0,0x000E0000,Wetlands,4,Dun Modr,1
65536,0x00010000,36,1,0,0,0,0x00010000,Westfall,0,,1
131072,0x00020000,36,2,0,0,0,0x00020000,The Great Sea,0,,1
196608,0x00030000,36,3,0,0,0,0x00030000,Ironclad Cove,0,,1
65536,0x00010000,33,1,0,0,0,0x00010000,Shadowfang,0,,1
1048587,0x0010000B,0,16,11,16,0,0x00100000,Dun Morogh,11,Iceflow Lake,1
1048588,0x0010000C,0,16,12,16,0,0x00100000,Dun Morogh,12,Helm's Bed Lake,1
1638403,0x00190003,0,25,3,25,0,0x00190000,Silverpine Forest,3,Deep Elem Mine,1
1900544,0x001D0000,0,29,0,0,0,0x001D0000,The Great Sea,0,,1
458752,0x00070000,1,7,0,0,0,0x00070000,Mulgore,0,,1
196621,0x0003000D,0,3,13,3,0,0x00030000,Westfall,13,Alexston Farmstead,1
458754,0x00070002,1,7,2,7,0,0x00070000,Mulgore,2,Camp Narache,1
458755,0x00070003,1,7,3,7,0,0x00070000,Mulgore,3,Bloodhoof Village,1
458756,0x00070004,1,7,4,7,0,0x00070000,Mulgore,4,Stonebull Lake,1
458757,0x00070005,1,7,5,7,0,0x00070000,Mulgore,5,Ravaged Caravan,1
458758,0x00070006,1,7,6,7,0,0x00070000,Mulgore,6,Red Rocks,1
1638405,0x00190005,0,25,5,25,0,0x00190000,Silverpine Forest,5,Valgan's Field,1
1638406,0x00190006,0,25,6,25,0,0x00190000,Silverpine Forest,6,The Sepulcher,1
1638407,0x00190007,0,25,7,25,0,0x00190000,Silverpine Forest,7,Olsen's Farthing,1
1638408,0x00190008,0,25,8,25,0,0x00190000,Silverpine Forest,8,The Greymane Wall,1
1638409,0x00190009,0,25,9,25,0,0x00190000,Silverpine Forest,9,Beren's Peril,1
1638410,0x0019000A,0,25,10,25,0,0x00190000,Silverpine Forest,10,The Dawning Isles,1
1638411,0x0019000B,0,25,11,25,0,0x00190000,Silverpine Forest,11,Ambermill,1
1638414,0x0019000E,0,25,14,25,0,0x00190000,Silverpine Forest,14,Shadowfang Keep,1
1638415,0x0019000F,0,25,15,25,0,0x00190000,Silverpine Forest,15,The Decrepit Ferry,1
1638418,0x00190012,0,25,18,25,0,0x00190000,Silverpine Forest,18,The Dead Field,1
262151,0x00040007,0,4,7,4,0,0x00040000,Duskwood,7,The Rotting Orchard,1
262152,0x00040008,0,4,8,4,0,0x00040000,Duskwood,8,Brightwood Grove,1
262153,0x00040009,0,4,9,4,0,0x00040000,Duskwood,9,Forlorn Rowe,1
262154,0x0004000A,0,4,10,4,0,0x00040000,Duskwood,10,The Whipple Estate,1
1507329,0x00170001,0,23,1,23,0,0x00170000,Searing Gorge,1,The Cauldron,1
1507330,0x00170002,0,23,2,23,0,0x00170000,Searing Gorge,2,Grimesilt Dig Site,1
1245185,0x00130001,1,19,1,19,0,0x00130000,Moonglade,1,Lake Elune'ara,1
458758,0x00070006,0,7,6,7,0,0x00070000,Swamp of Sorrows,6,The Harborage,1
65536,0x00010000,150,1,0,0,0,0x00010000,Outland,0,,1
327696,0x00050010,1,5,16,5,0,0x00050000,Teldrassil,16,Craftsmen's Terrace,1
327697,0x00050011,1,5,17,5,0,0x00050000,Teldrassil,17,Tradesmen's Terrace,1
327698,0x00050012,1,5,18,5,0,0x00050000,Teldrassil,18,The Temple Gardens,1
327699,0x00050013,1,5,19,5,0,0x00050000,Teldrassil,19,Temple of Elune,1
327700,0x00050014,1,5,20,5,0,0x00050000,Teldrassil,20,Cenarion Enclave,1
327701,0x00050015,1,5,21,5,0,0x00050000,Teldrassil,21,Warrior's Terrace,1
327702,0x00050016,1,5,22,5,0,0x00050000,Teldrassil,22,Rut'theran Village,1
65536,0x00010000,90,1,0,0,0,0x00010000,Gnomeragon,0,,1
458763,0x0007000B,1,7,11,7,0,0x00070000,Mulgore,11,Wildmane Water Well,1
851968,0x000D0000,1,13,0,0,0,0x000D0000,Thousand Needles,0,,1
65553,0x00010011,1,1,17,1,0,0x00010000,The Barrens,17,The Tidus Stair,1
458765,0x0007000D,1,7,13,7,0,0x00070000,Mulgore,13,Bael'Dun Digsite,1
917504,0x000E0000,1,14,0,0,0,0x000E0000,Desolace,0,,1
983040,0x000F0000,1,15,0,0,0,0x000F0000,Stonetalon Mountains,0,,1
131088,0x00020010,1,2,16,2,0,0x00020000,Durotar,16,Orgrimmar,1
2490368,0x00260000,0,38,0,0,0,0x00260000,Gillijim's Isle,0,,1
2555904,0x00270000,0,39,0,0,0,0x00270000,Island of Doctor Lapidis,0,,1
131089,0x00020011,1,2,17,2,0,0x00020000,Durotar,17,Razorwind Canyon,1
524289,0x00080001,1,8,1,8,0,0x00080000,Ashenvale,1,Bathran's Haunt,1
524291,0x00080003,1,8,3,8,0,0x00080000,Ashenvale,3,Maestra's Post,1
524292,0x00080004,1,8,4,8,0,0x00080000,Ashenvale,4,The Zoram Strand,1
524293,0x00080005,1,8,5,8,0,0x00080000,Ashenvale,5,Astranaar,1
524294,0x00080006,1,8,6,8,0,0x00080000,Ashenvale,6,The Shrine of Aessina,1
524295,0x00080007,1,8,7,8,0,0x00080000,Ashenvale,7,Fire Scar Shrine,1
524296,0x00080008,1,8,8,8,0,0x00080000,Ashenvale,8,The Ruins of Stardust,1
524297,0x00080009,1,8,9,8,0,0x00080000,Ashenvale,9,The Howling Vale,1
524298,0x0008000A,1,8,10,8,0,0x00080000,Ashenvale,10,Silverwind Refuge,1
524299,0x0008000B,1,8,11,8,0,0x00080000,Ashenvale,11,Mystral Lake,1
524300,0x0008000C,1,8,12,8,0,0x00080000,Ashenvale,12,Fallen Sky Lake,1
524302,0x0008000E,1,8,14,8,0,0x00080000,Ashenvale,14,Iris Lake,1
524304,0x00080010,1,8,16,8,0,0x00080000,Ashenvale,16,Raynewood Retreat,1
524305,0x00080011,1,8,17,8,0,0x00080000,Ashenvale,17,The Shady Nook,1
524308,0x00080014,1,8,20,8,0,0x00080000,Ashenvale,20,Satyrnaar,1
524310,0x00080016,1,8,22,8,0,0x00080000,Ashenvale,22,The Dor'Danil Barrow Den,1
524311,0x00080017,1,8,23,8,0,0x00080000,Ashenvale,23,Falfarren River,1
524313,0x00080019,1,8,25,8,0,0x00080000,Ashenvale,25,Demon Fall Canyon,1
524314,0x0008001A,1,8,26,8,0,0x00080000,Ashenvale,26,Demon Fall Ridge,1
524316,0x0008001C,1,8,28,8,0,0x00080000,Ashenvale,28,Bough Shadow,1
851969,0x000D0001,1,13,1,13,0,0x000D0000,Thousand Needles,1,The Shimmering Flats,1
1048576,0x00100000,1,16,0,0,0,0x00100000,Tanaris,0,,1
524317,0x0008001D,1,8,29,8,0,0x00080000,Ashenvale,29,Lake Falathim,1
393217,0x00060001,1,6,1,6,0,0x00060000,Darkshore,1,Auberdine,1
393218,0x00060002,1,6,2,6,0,0x00060000,Darkshore,2,Ruins of Mathystra,1
393219,0x00060003,1,6,3,6,0,0x00060000,Darkshore,3,Tower of Althalaxx,1
393220,0x00060004,1,6,4,6,0,0x00060000,Darkshore,4,Cliffspring Falls,1
393221,0x00060005,1,6,5,6,0,0x00060000,Darkshore,5,Bashal'Aran,1
393222,0x00060006,1,6,6,6,0,0x00060000,Darkshore,6,Ameth'Aran,1
393223,0x00060007,1,6,7,6,0,0x00060000,Darkshore,7,Grove of the Ancients,1
393224,0x00060008,1,6,8,6,0,0x00060000,Darkshore,8,The Master's Glaive,1
393225,0x00060009,1,6,9,6,0,0x00060000,Darkshore,9,Remtravel's Excavation,1
393227,0x0006000B,1,6,11,6,0,0x00060000,Darkshore,11,Mist's Edge,1
393229,0x0006000D,1,6,13,6,0,0x00060000,Darkshore,13,Wildbend River,1
393230,0x0006000E,1,6,14,6,0,0x00060000,Darkshore,14,Blackwood Den,1
393231,0x0006000F,1,6,15,6,0,0x00060000,Darkshore,15,Cliffspring River,1
65554,0x00010012,1,1,18,1,0,0x00010000,The Barrens,18,Gold Road,1
1572884,0x00180014,0,24,20,24,0,0x00180000,Tirisfal Glades,20,Scarlet Watch Post,1
983041,0x000F0001,1,15,1,15,0,0x000F0000,Stonetalon Mountains,1,Sun Rock Retreat,1
983042,0x000F0002,1,15,2,15,0,0x000F0000,Stonetalon Mountains,2,Windshear Crag,1
983044,0x000F0004,1,15,4,15,0,0x000F0000,Stonetalon Mountains,4,Cragpool Lake,1
983045,0x000F0005,1,15,5,15,0,0x000F0000,Stonetalon Mountains,5,Mirkfallon Lake,1
983046,0x000F0006,1,15,6,15,0,0x000F0000,Stonetalon Mountains,6,The Charred Vale,1
983047,0x000F0007,1,15,7,15,0,0x000F0000,Stonetalon Mountains,7,Valley of the Bloodfuries,1
983049,0x000F0009,1,15,9,15,0,0x000F0000,Stonetalon Mountains,9,The Talon Den,1
983050,0x000F000A,1,15,10,15,0,0x000F0000,Stonetalon Mountains,10,Greatwood Vale,1
458766,0x0007000E,1,7,14,7,0,0x00070000,Mulgore,14,Thunder Bluff,1
458767,0x0007000F,1,7,15,7,0,0x00070000,Mulgore,15,Brave Wind Mesa,1
458768,0x00070010,1,7,16,7,0,0x00070000,Mulgore,16,Fire Stone Mesa,1
458770,0x00070012,1,7,18,7,0,0x00070000,Mulgore,18,Hunter Rise,1
458771,0x00070013,1,7,19,7,0,0x00070000,Mulgore,19,Spirit Rise,1
458772,0x00070014,1,7,20,7,0,0x00070000,Mulgore,20,Elder Rise,1
720926,0x000B001E,0,11,30,11,0,0x000B0000,Stranglethorn Vale,30,Ruins of Jubuwal,1
327695,0x0005000F,1,5,15,5,0,0x00050000,Teldrassil,15,Pools of Arlithrien,1
851970,0x000D0002,1,13,2,13,0,0x000D0000,Thousand Needles,2,The Rustmaul Dig Site,1
851971,0x000D0003,1,13,3,13,0,0x000D0000,Thousand Needles,3,Camp E'thok,1
851973,0x000D0005,1,13,5,13,0,0x000D0000,Thousand Needles,5,Highperch,1
851974,0x000D0006,1,13,6,13,0,0x000D0000,Thousand Needles,6,The Screeching Canyon,1
851975,0x000D0007,1,13,7,13,0,0x000D0000,Thousand Needles,7,Freewind Post,1
851976,0x000D0008,1,13,8,13,0,0x000D0000,Thousand Needles,8,The Great Lift,1
851977,0x000D0009,1,13,9,13,0,0x000D0000,Thousand Needles,9,Galak Hold,1
851978,0x000D000A,1,13,10,13,0,0x000D0000,Thousand Needles,10,Roguefeather Den,1
851979,0x000D000B,1,13,11,13,0,0x000D0000,Thousand Needles,11,The Weathered Nook,1
655361,0x000A0001,1,10,1,10,0,0x000A0000,Feralas,1,Thalanaar,1
1179648,0x00120000,1,18,0,0,0,0x00120000,Ungoro Crater,0,,1
65536,0x00010000,47,1,0,0,0,0x00010000,Razorfen Kraul,0,,1
262156,0x0004000C,0,4,12,4,0,0x00040000,Duskwood,12,Raven Hill Cemetery,1
1245184,0x00130000,1,19,0,0,0,0x00130000,Moonglade,0,,1
196610,0x00030002,1,3,2,3,0,0x00030000,Dustwallow Marsh,2,Brackenwall Village,1
2621440,0x00280000,0,40,0,0,0,0x00280000,Twilight Grove,0,,1
196611,0x00030003,1,3,3,3,0,0x00030000,Dustwallow Marsh,3,Swamplight Manor,1
196612,0x00030004,1,3,4,3,0,0x00030000,Dustwallow Marsh,4,Bloodfen Burrow,1
196613,0x00030005,1,3,5,3,0,0x00030000,Dustwallow Marsh,5,Darkmist Cavern,1
196618,0x0003000A,1,3,10,3,0,0x00030000,Dustwallow Marsh,10,North Point Tower,1
196619,0x0003000B,1,3,11,3,0,0x00030000,Dustwallow Marsh,11,West Point Tower,1
196620,0x0003000C,1,3,12,3,0,0x00030000,Dustwallow Marsh,12,Lost Point,1
196621,0x0003000D,1,3,13,3,0,0x00030000,Dustwallow Marsh,13,Bluefen,1
196622,0x0003000E,1,3,14,3,0,0x00030000,Dustwallow Marsh,14,Stonemaul Ruins,1
196623,0x0003000F,1,3,15,3,0,0x00030000,Dustwallow Marsh,15,The Den of Flame,1
196625,0x00030011,1,3,17,3,0,0x00030000,Dustwallow Marsh,17,Wyrmbog,1
196626,0x00030012,1,3,18,3,0,0x00030000,Dustwallow Marsh,18,Onyxia's Lair,1
196627,0x00030013,1,3,19,3,0,0x00030000,Dustwallow Marsh,19,Theramore Isle,1
196628,0x00030014,1,3,20,3,0,0x00030000,Dustwallow Marsh,20,Foothold Citadel,1
196629,0x00030015,1,3,21,3,0,0x00030000,Dustwallow Marsh,21,Ironclad Prison,1
196630,0x00030016,1,3,22,3,0,0x00030000,Dustwallow Marsh,22,Dustwallow Bay,1
196631,0x00030017,1,3,23,3,0,0x00030000,Dustwallow Marsh,23,Tidefury Cove,1
196632,0x00030018,1,3,24,3,0,0x00030000,Dustwallow Marsh,24,Dreadmurk Shore,1
262157,0x0004000D,0,4,13,4,0,0x00040000,Duskwood,13,Addle's Stead,1
1179649,0x00120001,1,18,1,18,0,0x00120000,Ungoro Crater,1,Fire Plume Ridge,1
1179650,0x00120002,1,18,2,18,0,0x00120000,Ungoro Crater,2,Lik'ash Tar Pits,1
1179651,0x00120003,1,18,3,18,0,0x00120000,Ungoro Crater,3,Terror Run,1
1179652,0x00120004,1,18,4,18,0,0x00120000,Ungoro Crater,4,The Slithering Scar,1
1179653,0x00120005,1,18,5,18,0,0x00120000,Ungoro Crater,5,Marshal's Refuge,1
1179654,0x00120006,1,18,6,18,0,0x00120000,Ungoro Crater,6,Fungal Rock,1
1179655,0x00120007,1,18,7,18,0,0x00120000,Ungoro Crater,7,Golakka Hot Springs,1
983048,0x000F0008,0,15,8,15,0,0x000F0000,Loch Modan,8,The Loch,1
262158,0x0004000E,0,4,14,4,0,0x00040000,Duskwood,14,Beggar's Haunt,1
1441792,0x00160000,0,22,0,0,0,0x00160000,Programmer Isle,0,,1
393241,0x00060019,0,6,25,6,0,0x00060000,Elwynn Forest,25,Goldshire,1
524303,0x0008000F,1,8,15,8,0,0x00080000,Ashenvale,15,Moonwell,1
393229,0x0006000D,0,6,13,6,0,0x00060000,Elwynn Forest,13,Jasperlode Mine,1
1638404,0x00190004,0,25,4,25,0,0x00190000,Silverpine Forest,4,The Skittering Dark,1
65542,0x00010006,1,1,6,1,0,0x00010000,The Barrens,6,The Sludge Fen,1
524309,0x00080015,1,8,21,8,0,0x00080000,Ashenvale,21,Solace Glade,1
458769,0x00070011,1,7,17,7,0,0x00070000,Mulgore,17,Mantle Rock,1
262146,0x00040002,0,4,2,4,0,0x00040000,Duskwood,2,The World Tree,1
327680,0x00050000,0,5,0,0,0,0x00050000,Deadwind Pass,0,,1
524289,0x00080001,0,8,1,8,0,0x00080000,Redridge Mountains,1,Lake Everstill,1
393245,0x0006001D,0,6,29,6,0,0x00060000,Elwynn Forest,29,Mirror Lake,1
393246,0x0006001E,0,6,30,6,0,0x00060000,Elwynn Forest,30,Westbrook Garrison,1
1769472,0x001B0000,0,27,0,0,0,0x001B0000,Designer Island,0,,1
327683,0x00050003,1,5,3,5,0,0x00050000,Teldrassil,3,Shadowglen,1
458753,0x00070001,1,7,1,7,0,0x00070000,Mulgore,1,Red Cloud Mesa,1
262155,0x0004000B,0,4,11,4,0,0x00040000,Duskwood,11,The Yorgen Farmstead,1
2097152,0x00200000,0,32,0,0,0,0x00200000,Stonewrought Pass,0,,1
720921,0x000B0019,0,11,25,11,0,0x000B0000,Stranglethorn Vale,25,The Crystal Shore,1
851984,0x000D0010,0,13,16,13,0,0x000D0000,Arathi Highlands,16,The Drowned Reef,1
131082,0x0002000A,1,2,10,2,0,0x00020000,Durotar,10,Dustwind Cave,1
196609,0x00030001,1,3,1,3,0,0x00030000,Dustwallow Marsh,1,Shady Rest Inn,1
524306,0x00080012,1,8,18,8,0,0x00080000,Ashenvale,18,Night Run,1
524312,0x00080018,1,8,24,8,0,0x00080000,Ashenvale,24,Felfire Hill,1
1114112,0x00110000,1,17,0,0,0,0x00110000,The Veiled Sea,0,,1
851972,0x000D0004,1,13,4,13,0,0x000D0000,Thousand Needles,4,Splithoof Crag,1
196617,0x00030009,1,3,9,3,0,0x00030000,Dustwallow Marsh,9,Sentry Point,1
720900,0x000B0004,0,11,4,11,0,0x000B0000,Stranglethorn Vale,4,Zul Gurub,1
1441796,0x00160004,0,22,4,22,0,0x00160000,Programmer Isle,4,Jeff NE Quadrant,1
196618,0x0003000A,0,3,10,3,0,0x00030000,Westfall,10,Gold Coast Quarry,1
1572882,0x00180012,0,24,18,24,0,0x00180000,Tirisfal Glades,18,Whispering Shore,1
1245191,0x00130007,0,19,7,19,0,0x00130000,Western Plaguelands,7,Uther's Tomb,1
589826,0x00090002,0,9,2,9,0,0x00090000,Burning Steppes,2,Ruins of Thaurisan,1
65536,0x00010000,37,1,0,0,0,0x00010000,Plains of Snow,0,,1
851978,0x000D000A,0,13,10,13,0,0x000D0000,Arathi Highlands,10,Blackwater Shipwrecks,1
65547,0x0001000B,1,1,11,1,0,0x00010000,The Barrens,11,Lushwater Oasis,1
393228,0x0006000C,1,6,12,6,0,0x00060000,Darkshore,12,The Long Wash,1
196624,0x00030010,1,3,16,3,0,0x00030000,Dustwallow Marsh,16,The Dragonmurk,1
720903,0x000B0007,0,11,7,11,0,0x000B0000,Stranglethorn Vale,7,Nesingwary's Expedition,1
720905,0x000B0009,0,11,9,11,0,0x000B0000,Stranglethorn Vale,9,Ruins of Zul'Kunda,1
1638416,0x00190010,0,25,16,25,0,0x00190000,Silverpine Forest,16,Malden's Orchard,1
1638417,0x00190011,0,25,17,25,0,0x00190000,Silverpine Forest,17,The Ivar Patch,1
720924,0x000B001C,0,11,28,11,0,0x000B0000,Stranglethorn Vale,28,Ruins of Aboraz,1
851971,0x000D0003,0,13,3,13,0,0x000D0000,Arathi Highlands,3,Dabyrie's Farmstead,1
786440,0x000C0008,0,12,8,12,0,0x000C0000,The Hinterlands,8,Jintha'Alor,1
786441,0x000C0009,0,12,9,12,0,0x000C0000,The Hinterlands,9,The Altar of Zul,1
917505,0x000E0001,1,14,1,14,0,0x000E0000,Desolace,1,Kodo Graveyard,1
917506,0x000E0002,1,14,2,14,0,0x000E0000,Desolace,2,Ghost Walker Post,1
917507,0x000E0003,1,14,3,14,0,0x000E0000,Desolace,3,Sar'theris Strand,1
917508,0x000E0004,1,14,4,14,0,0x000E0000,Desolace,4,Thunder Axe Fortress,1
917509,0x000E0005,1,14,5,14,0,0x000E0000,Desolace,5,Bolgan's Hole,1
917518,0x000E000E,1,14,14,14,0,0x000E0000,Desolace,14,Kolkar Village,1
917511,0x000E0007,1,14,7,14,0,0x000E0000,Desolace,7,Mannoroc Coven,1
917512,0x000E0008,1,14,8,14,0,0x000E0000,Desolace,8,Sargeron,1
917513,0x000E0009,1,14,9,14,0,0x000E0000,Desolace,9,Magram Village,1
196609,0x00030001,0,3,1,3,0,0x00030000,Westfall,1,Lighthouse,1
917515,0x000E000B,1,14,11,14,0,0x000E0000,Desolace,11,Gelkis Village,1
917516,0x000E000C,1,14,12,14,0,0x000E0000,Desolace,12,Valley of Spears,1
917517,0x000E000D,1,14,13,14,0,0x000E0000,Desolace,13,Nijel's Point,1
393234,0x00060012,0,6,18,6,0,0x00060000,Elwynn Forest,18,Forest's Edge,1
1572866,0x00180002,0,24,2,24,0,0x00180000,Tirisfal Glades,2,Ruins of Lordaeron,1
1638413,0x0019000D,0,25,13,25,0,0x00190000,Silverpine Forest,13,Fenris Keep,1
851973,0x000D0005,0,13,5,13,0,0x000D0000,Arathi Highlands,5,Witherbark Village,1
458764,0x0007000C,1,7,12,7,0,0x00070000,Mulgore,12,Skyline Ridge,1
524307,0x00080013,1,8,19,8,0,0x00080000,Ashenvale,19,Xavian,1
524315,0x0008001B,1,8,27,8,0,0x00080000,Ashenvale,27,Kargathia Outpost,1
983048,0x000F0008,1,15,8,15,0,0x000F0000,Stonetalon Mountains,8,Stonetalon Peak,1
196615,0x00030007,1,3,7,3,0,0x00030000,Dustwallow Marsh,7,Beezil's Wreck,1
1966082,0x001E0002,0,30,2,30,0,0x001E0000,Hillsbrad Foothills,2,Southshore,1
1966096,0x001E0010,0,30,16,30,0,0x001E0000,Hillsbrad Foothills,16,Western Strand,1
262144,0x00040000,0,4,0,0,0,0x00040000,Duskwood,0,,1
917504,0x000E0000,0,14,0,0,0,0x000E0000,Wetlands,0,,1
1310720,0x00140000,1,20,0,0,0,0x00140000,Hyjal,0,,1
1572883,0x00180013,0,24,19,24,0,0x00180000,Tirisfal Glades,19,Faol's Rest,1
1376256,0x00150000,1,21,0,0,0,0x00150000,Winterspring,0,,1
327681,0x00050001,1,5,1,5,0,0x00050000,Teldrassil,1,Dolanaar,1
196614,0x00030006,1,3,6,3,0,0x00030000,Dustwallow Marsh,6,Moggle Point,1
196616,0x00030008,1,3,8,3,0,0x00030000,Dustwallow Marsh,8,Witch Hill,1
524290,0x00080002,1,8,2,8,0,0x00080000,Ashenvale,2,The Ruins of Ordil'Aran,1
983051,0x000F000B,1,15,11,15,0,0x000F0000,Stonetalon Mountains,11,Blackwolf River,1
524292,0x00080004,0,8,4,8,0,0x00080000,Redridge Mountains,4,Stonewatch Falls,1
262148,0x00040004,0,4,4,4,0,0x00040000,Duskwood,4,Vul'Gol Ogre Mound,1
720910,0x000B000E,0,11,14,11,0,0x000B0000,Stranglethorn Vale,14,Grom'gol Base Camp,1
589830,0x00090006,0,9,6,9,0,0x00090000,Burning Steppes,6,Blackrock Spire,1
2293760,0x00230000,0,35,0,0,0,0x00230000,The Forbidding Sea,0,,1
851969,0x000D0001,0,13,1,13,0,0x000D0000,Arathi Highlands,1,Northfold Manor,1
1114114,0x00110002,0,17,2,17,0,0x00110000,Badlands,2,Angor Fortress,1
1114115,0x00110003,0,17,3,17,0,0x00110000,Badlands,3,Lethlor Ravine,1
458773,0x00070015,1,7,21,7,0,0x00070000,Mulgore,21,Kodo Rock,1
131090,0x00020012,1,2,18,2,0,0x00020000,Durotar,18,Hidden Path,1
131091,0x00020013,1,2,19,2,0,0x00020000,Durotar,19,Spirit Rock,1
131092,0x00020014,1,2,20,2,0,0x00020000,Durotar,20,Shrine of the Dormant Flame,1
1048589,0x0010000D,0,16,13,16,0,0x00100000,Dun Morogh,13,Ironband's Compound,1
65536,0x00010000,34,1,0,0,0,0x00010000,The Stockade,0,,1
65536,0x00010000,43,1,0,0,0,0x00010000,Wailing Caverns,0,,1
65536,0x00010000,48,1,0,0,0,0x00010000,Blackfathom Deeps,0,,1
65555,0x00010013,1,1,19,1,0,0x00010000,The Barrens,19,Fray Island,1
65536,0x00010000,129,1,0,0,0,0x00010000,Razorfen Downs,0,,1
