﻿row_key,id,parent,continentId,name
1,1,1,0,Dun Morogh
2,2,40,0,Longshore
3,3,3,0,Badlands
4,4,4,0,Blasted Lands
5,7,33,0,Blackwater Cove
6,8,8,0,Swamp of Sorrows
7,9,12,0,Northshire Valley
8,10,10,0,Duskwood
9,11,11,0,Wetlands
10,12,12,0,Elwynn Forest
11,13,10,0,The World Tree
12,14,14,1,Durotar
13,15,15,1,Dustwallow Marsh
14,16,16,1,Azshara
15,17,17,1,The Barrens
16,18,12,0,Crystal Lake
17,19,33,0,Zul'Gurub
18,20,40,0,Moonbrook
19,21,21,0,Kul Tiras
20,22,22,451,Programmer Isle
21,23,12,0,Northshire River
22,24,12,0,Northshire Abbey
23,25,25,0,Blackrock Mountain
24,26,40,0,Lighthouse
25,28,28,0,Western Plaguelands
26,30,30,0,Nine
27,32,10,0,The Cemetary
28,33,33,0,Stranglethorn Vale
29,34,12,0,Echo Ridge Mine
30,35,33,0,Booty Bay
31,36,36,0,Alterac Mountains
32,37,33,0,Lake Nazferiti
33,38,38,0,Loch Modan
34,40,40,0,Westfall
35,41,41,0,Deadwind Pass
36,42,10,0,Darkshire
37,43,33,0,Wild Shore
38,44,44,0,Redridge Mountains
39,45,45,0,Arathi Highlands
40,46,46,0,Burning Steppes
41,47,47,0,The Hinterlands
42,49,22,451,Dead Man's Hole
43,51,51,0,Searing Gorge
44,53,12,0,Thieves Camp
45,54,12,0,Jasperlode Mine
46,55,12,0,Valley of Heroes UNUSED
47,56,12,0,Heroes' Vigil
48,57,12,0,Fargodeep Mine
49,59,12,0,Northshire Vineyards
50,60,12,0,Forest's Edge
51,61,12,0,Thunder Falls
52,62,12,0,Brackwell Pumpkin Patch
53,63,12,0,The Stonefield Farm
54,64,12,0,The Maclure Vineyards
55,65,65,571,Dragonblight
56,66,66,571,Zul'Drak
57,67,67,571,The Storm Peaks
58,68,44,0,Lake Everstill
59,69,44,0,Lakeshire
60,70,44,0,Stonewatch
61,71,44,0,Stonewatch Falls
62,72,4,0,The Dark Portal
63,73,4,0,The Tainted Scar
64,74,8,0,Pool of Tears
65,75,8,0,Stonard
66,76,8,0,Fallow Sanctuary
67,77,1,0,Anvilmar
68,80,12,0,Stormwind Mountains
69,81,22,451,Jeff NE Quadrant Changed
70,82,22,451,Jeff NW Quadrant
71,83,22,451,Jeff SE Quadrant
72,84,22,451,Jeff SW Quadrant
73,85,85,0,Tirisfal Glades
74,86,12,0,Stone Cairn Lake
75,87,12,0,Goldshire
76,88,12,0,Eastvale Logging Camp
77,89,12,0,Mirror Lake Orchard
78,91,12,0,Tower of Azora
79,92,12,0,Mirror Lake
80,93,10,0,Vul'Gol Ogre Mound
81,94,10,0,Raven Hill
82,95,44,0,Redridge Canyons
83,96,44,0,Tower of Ilgalar
84,97,44,0,Alther's Mill
85,98,44,0,Rethban Caverns
86,99,33,0,Rebel Camp
87,100,33,0,Nesingwary's Expedition
88,101,33,0,Kurzen's Compound
89,102,33,0,Ruins of Zul'Kunda
90,103,33,0,Ruins of Zul'Mamwe
91,104,33,0,The Vile Reef
92,105,33,0,Mosh'Ogg Ogre Mound
93,106,33,0,The Stockpile
94,107,40,0,Saldean's Farm
95,108,40,0,Sentinel Hill
96,109,40,0,Furlbrow's Pumpkin Farm
97,111,40,0,Jangolode Mine
98,113,40,0,Gold Coast Quarry
99,115,40,0,Westfall Lighthouse
100,116,8,0,Misty Valley
101,117,33,0,Grom'gol Base Camp
102,118,11,0,Whelgar's Excavation Site
103,120,12,0,Westbrook Garrison
104,121,10,0,Tranquil Gardens Cemetery
105,122,33,0,Zuuldaia Ruins
106,123,33,0,Bal'lal Ruins
107,125,33,0,Kal'ai Ruins
108,126,33,0,Tkashi Ruins
109,127,33,0,Balia'mah Ruins
110,128,33,0,Ziata'jai Ruins
111,129,33,0,Mizjah Ruins
112,130,130,0,Silverpine Forest
113,131,1,0,Kharanos
114,132,1,0,Coldridge Valley
115,133,1,0,Gnomeregan
116,134,1,0,Gol'Bolar Quarry
117,135,1,0,Frostmane Hold
118,136,1,0,The Grizzled Den
119,137,1,0,Brewnall Village
120,138,1,0,Misty Pine Refuge
121,139,139,0,Eastern Plaguelands
122,141,141,1,Teldrassil
123,142,38,0,Ironband's Excavation Site
124,143,38,0,Mo'grosh Stronghold
125,144,38,0,Thelsamar
126,145,38,0,Algaz Gate
127,146,38,0,Stonewrought Dam
128,147,38,0,The Farstrider Lodge
129,148,148,1,Darkshore
130,149,38,0,Silver Stream Mine
131,150,11,0,Menethil Harbor
132,151,151,451,Designer Island
133,152,85,0,The Bulwark
134,153,85,0,Ruins of Lordaeron
135,154,85,0,Deathknell
136,155,85,0,Night Web's Hollow
137,156,85,0,Solliden Farmstead
138,157,85,0,Agamand Mills
139,158,85,0,Agamand Family Crypt
140,159,85,0,Brill
141,160,85,0,Whispering Gardens
142,161,85,0,Terrace of Repose
143,162,85,0,Brightwater Lake
144,163,85,0,Gunther's Retreat
145,164,85,0,Garren's Haunt
146,165,85,0,Balnir Farmstead
147,166,85,0,Cold Hearth Manor
148,167,85,0,Crusader Outpost
149,168,85,0,The North Coast
150,169,85,0,Whispering Shore
151,170,170,0,Lordamere Lake
152,172,130,0,Fenris Isle
153,173,85,0,Faol's Rest
154,186,141,1,Dolanaar
155,187,141,1,Darnassus UNUSED
156,188,141,1,Shadowglen
157,189,1,0,Steelgrill's Depot
158,190,28,0,Hearthglen
159,192,28,0,Northridge Lumber Camp
160,193,28,0,Ruins of Andorhal
161,195,28,0,School of Necromancy
162,196,28,0,Uther's Tomb
163,197,28,0,Sorrow Hill
164,198,28,0,The Weeping Cave
165,199,28,0,Felstone Field
166,200,28,0,Dalson's Tears
167,201,28,0,Gahrron's Withering
168,202,28,0,The Writhing Haunt
169,203,28,0,Mardenholde Keep
170,204,130,0,Pyrewood Village
171,205,11,0,Dun Modr
172,206,206,574,Utgarde Keep
173,207,207,36,The Great Sea
174,208,208,36,Unused Ironcladcove
175,209,209,33,Shadowfang Keep
176,210,210,571,Icecrown
177,211,1,0,Iceflow Lake
178,212,1,0,Helm's Bed Lake
179,213,130,0,Deep Elem Mine
180,214,214,0,The Great Sea
181,215,215,1,Mulgore
182,219,40,0,Alexston Farmstead
183,220,215,1,Red Cloud Mesa
184,221,215,1,Camp Narache
185,222,215,1,Bloodhoof Village
186,223,215,1,Stonebull Lake
187,224,215,1,Ravaged Caravan
188,225,215,1,Red Rocks
189,226,130,0,The Skittering Dark
190,227,130,0,Valgan's Field
191,228,130,0,The Sepulcher
192,229,130,0,Olsen's Farthing
193,230,130,0,The Greymane Wall
194,231,130,0,Beren's Peril
195,232,130,0,The Dawning Isles
196,233,130,0,Ambermill
197,235,130,0,Fenris Keep
198,236,130,0,Shadowfang Keep
199,237,130,0,The Decrepit Ferry
200,238,130,0,Malden's Orchard
201,239,130,0,The Ivar Patch
202,240,130,0,The Dead Field
203,241,10,0,The Rotting Orchard
204,242,10,0,Brightwood Grove
205,243,10,0,Forlorn Rowe
206,244,10,0,The Whipple Estate
207,245,10,0,The Yorgen Farmstead
208,246,51,0,The Cauldron
209,247,51,0,Grimesilt Dig Site
210,249,46,0,Dreadmaul Rock
211,250,46,0,Ruins of Thaurissan
212,251,46,0,Flame Crest
213,252,46,0,Blackrock Stronghold
214,253,46,0,The Pillar of Ash
215,254,46,0,Blackrock Mountain
216,255,46,0,Altar of Storms
217,256,141,1,Aldrassil
218,257,141,1,Shadowthread Cave
219,258,141,1,Fel Rock
220,259,141,1,Lake Al'Ameth
221,260,141,1,Starbreeze Village
222,261,141,1,Gnarlpine Hold
223,262,141,1,Ban'ethil Barrow Den
224,263,141,1,The Cleft
225,264,141,1,The Oracle Glade
226,265,141,1,Wellspring River
227,266,141,1,Wellspring Lake
228,267,267,0,Hillsbrad Foothills
229,268,268,37,Azshara Crater
230,269,269,0,Dun Algaz
231,271,267,0,Southshore
232,272,267,0,Tarren Mill
233,275,267,0,Durnholde Keep
234,276,276,0,UNUSED Stonewrought Pass
235,277,36,0,The Foothill Caverns
236,278,36,0,Lordamere Internment Camp
237,279,36,0,Dalaran Crater
238,280,36,0,Strahnbrad
239,281,36,0,Ruins of Alterac
240,282,36,0,Crushridge Hold
241,283,36,0,Slaughter Hollow
242,284,36,0,The Uplands
243,285,267,0,Southpoint Tower
244,286,267,0,Hillsbrad Fields
245,287,267,0,Hillsbrad
246,288,267,0,Azurelode Mine
247,289,267,0,Nethander Stead
248,290,267,0,Dun Garok
249,293,293,0,Thoradin's Wall
250,294,267,0,Eastern Strand
251,295,267,0,Western Strand
252,296,296,0,South Seas UNUSED
253,297,33,0,Jaguero Isle
254,298,11,0,Baradin Bay
255,299,11,0,Menethil Bay
256,300,8,0,Misty Reed Strand
257,301,33,0,The Savage Coast
258,302,33,0,The Crystal Shore
259,303,33,0,Shell Beach
260,305,130,0,North Tide's Run
261,306,130,0,South Tide's Run
262,307,47,0,The Overlook Cliffs
263,308,308,0,The Forbidding Sea
264,309,11,0,Ironbeard's Tomb
265,310,33,0,Crystalvein Mine
266,311,33,0,Ruins of Aboraz
267,312,33,0,Janeiro's Point
268,313,45,0,Northfold Manor
269,314,45,0,Go'Shek Farm
270,315,45,0,Dabyrie's Farmstead
271,316,45,0,Boulderfist Hall
272,317,45,0,Witherbark Village
273,318,45,0,Drywhisker Gorge
274,320,45,0,Refuge Pointe
275,321,45,0,Hammerfall
276,322,45,0,Blackwater Shipwrecks
277,323,45,0,O'Breen's Camp
278,324,45,0,Stromgarde Keep
279,325,45,0,The Tower of Arathor
280,326,45,0,The Sanctum
281,327,45,0,Faldir's Cove
282,328,45,0,The Drowned Reef
283,330,330,0,Thandol Span
284,331,331,1,Ashenvale
285,332,332,1,The Great Sea
286,333,45,0,Circle of East Binding
287,334,45,0,Circle of West Binding
288,335,45,0,Circle of Inner Binding
289,336,45,0,Circle of Outer Binding
290,337,3,0,Apocryphan's Rest
291,338,3,0,Angor Fortress
292,339,3,0,Lethlor Ravine
293,340,3,0,Kargath
294,341,3,0,Camp Kosh
295,342,3,0,Camp Boff
296,343,3,0,Camp Wurg
297,344,3,0,Camp Cagg
298,345,3,0,Agmond's End
299,346,3,0,Hammertoe's Digsite
300,347,3,0,Dustbelch Grotto
301,348,47,0,Aerie Peak
302,349,47,0,Wildhammer Keep
303,350,47,0,Quel'Danil Lodge
304,351,47,0,Skulk Rock
305,352,47,0,Zun'watha
306,353,47,0,Shadra'Alor
307,354,47,0,Jintha'Alor
308,355,47,0,The Altar of Zul
309,356,47,0,Seradane
310,357,357,1,Feralas
311,358,215,1,Brambleblade Ravine
312,359,17,1,Bael Modan
313,360,215,1,The Venture Co. Mine
314,361,361,1,Felwood
315,362,14,1,Razor Hill
316,363,14,1,Valley of Trials
317,364,14,1,The Den
318,365,14,1,Burning Blade Coven
319,366,14,1,Kolkar Crag
320,367,14,1,Sen'jin Village
321,368,14,1,Echo Isles
322,369,14,1,Thunder Ridge
323,370,14,1,Drygulch Ravine
324,371,14,1,Dustwind Cave
325,372,14,1,Tiragarde Keep
326,373,14,1,Scuttle Coast
327,374,14,1,Bladefist Bay
328,375,14,1,Deadeye Shore
329,377,377,1,Southfury River
330,378,17,1,Camp Taurajo
331,379,17,1,Far Watch Post
332,380,17,1,The Crossroads
333,381,17,1,Boulder Lode Mine
334,382,17,1,The Sludge Fen
335,383,17,1,The Dry Hills
336,384,17,1,Dreadmist Peak
337,385,17,1,Northwatch Hold
338,386,17,1,The Forgotten Pools
339,387,17,1,Lushwater Oasis
340,388,17,1,The Stagnant Oasis
341,390,17,1,Field of Giants
342,391,17,1,The Merchant Coast
343,392,17,1,Ratchet
344,393,14,1,Darkspear Strand
345,394,394,571,Grizzly Hills
346,395,394,571,Grizzlemaw
347,396,215,1,Winterhoof Water Well
348,397,215,1,Thunderhorn Water Well
349,398,215,1,Wildmane Water Well
350,399,215,1,Skyline Ridge
351,400,400,1,Thousand Needles
352,401,17,1,The Tidus Stair
353,403,15,1,Shady Rest Inn
354,404,215,1,Bael'dun Digsite
355,405,405,1,Desolace
356,406,406,1,Stonetalon Mountains
357,407,14,1,Orgrimmar UNUSED
358,408,408,0,Gillijim's Isle
359,409,409,0,Island of Doctor Lapidis
360,410,14,1,Razorwind Canyon
361,411,331,1,Bathran's Haunt
362,412,331,1,The Ruins of Ordil'Aran
363,413,331,1,Maestra's Post
364,414,331,1,The Zoram Strand
365,415,331,1,Astranaar
366,416,331,1,The Shrine of Aessina
367,417,331,1,Fire Scar Shrine
368,418,331,1,The Ruins of Stardust
369,419,331,1,The Howling Vale
370,420,331,1,Silverwind Refuge
371,421,331,1,Mystral Lake
372,422,331,1,Fallen Sky Lake
373,424,331,1,Iris Lake
374,425,331,1,Moonwell
375,426,331,1,Raynewood Retreat
376,427,331,1,The Shady Nook
377,428,331,1,Night Run
378,429,331,1,Xavian
379,430,331,1,Satyrnaar
380,431,331,1,Splintertree Post
381,432,331,1,The Dor'Danil Barrow Den
382,433,331,1,Falfarren River
383,434,331,1,Felfire Hill
384,435,331,1,Demon Fall Canyon
385,436,331,1,Demon Fall Ridge
386,437,331,1,Warsong Lumber Camp
387,438,331,1,Bough Shadow
388,439,400,1,The Shimmering Flats
389,440,440,1,Tanaris
390,441,331,1,Lake Falathim
391,442,148,1,Auberdine
392,443,148,1,Ruins of Mathystra
393,444,148,1,Tower of Althalaxx
394,445,148,1,Cliffspring Falls
395,446,148,1,Bashal'Aran
396,447,148,1,Ameth'Aran
397,448,148,1,Grove of the Ancients
398,449,148,1,The Master's Glaive
399,450,148,1,Remtravel's Excavation
400,452,148,1,Mist's Edge
401,453,148,1,The Long Wash
402,454,148,1,Wildbend River
403,455,148,1,Blackwood Den
404,456,148,1,Cliffspring River
405,457,457,1,The Veiled Sea
406,458,17,1,Gold Road
407,459,85,0,Scarlet Watch Post
408,460,406,1,Sun Rock Retreat
409,461,406,1,Windshear Crag
410,463,406,1,Cragpool Lake
411,464,406,1,Mirkfallon Lake
412,465,406,1,The Charred Vale
413,466,406,1,Valley of the Bloodfuries
414,467,406,1,Stonetalon Peak
415,468,406,1,The Talon Den
416,469,406,1,Greatwood Vale
417,470,215,1,Thunder Bluff UNUSED
418,471,215,1,Brave Wind Mesa
419,472,215,1,Fire Stone Mesa
420,473,215,1,Mantle Rock
421,474,215,1,Hunter Rise UNUSED
422,475,215,1,Spirit RiseUNUSED
423,476,215,1,Elder RiseUNUSED
424,477,33,0,Ruins of Jubuwal
425,478,141,1,Pools of Arlithrien
426,479,400,1,The Rustmaul Dig Site
427,480,400,1,Camp E'thok
428,481,400,1,Splithoof Crag
429,482,400,1,Highperch
430,483,400,1,The Screeching Canyon
431,484,400,1,Freewind Post
432,485,400,1,The Great Lift
433,486,400,1,Galak Hold
434,487,400,1,Roguefeather Den
435,488,400,1,The Weathered Nook
436,489,357,1,Thalanaar
437,490,490,1,Un'Goro Crater
438,491,491,47,Razorfen Kraul
439,492,10,0,Raven Hill Cemetery
440,493,493,1,Moonglade
441,495,495,571,Howling Fjord
442,496,15,1,Brackenwall Village
443,497,15,1,Swamplight Manor
444,498,15,1,Bloodfen Burrow
445,499,15,1,Darkmist Cavern
446,500,15,1,Moggle Point
447,501,15,1,Beezil's Wreck
448,502,15,1,Witch Hill
449,503,15,1,Sentry Point
450,504,15,1,North Point Tower
451,505,15,1,West Point Tower
452,506,15,1,Lost Point
453,507,15,1,Bluefen
454,508,15,1,Stonemaul Ruins
455,509,15,1,The Den of Flame
456,510,15,1,The Dragonmurk
457,511,15,1,Wyrmbog
458,512,15,1,Blackhoof Village
459,513,15,1,Theramore Isle
460,514,15,1,Foothold Citadel
461,515,15,1,Ironclad Prison
462,516,15,1,Dustwallow Bay
463,517,15,1,Tidefury Cove
464,518,15,1,Dreadmurk Shore
465,536,10,0,Addle's Stead
466,537,490,1,Fire Plume Ridge
467,538,490,1,Lakkari Tar Pits
468,539,490,1,Terror Run
469,540,490,1,The Slithering Scar
470,541,490,1,Marshal's Refuge
471,542,490,1,Fungal Rock
472,543,490,1,Golakka Hot Springs
473,556,38,0,The Loch
474,576,10,0,Beggar's Haunt
475,596,405,1,Kodo Graveyard
476,597,405,1,Ghost Walker Post
477,598,405,1,Sar'theris Strand
478,599,405,1,Thunder Axe Fortress
479,600,405,1,Bolgan's Hole
480,602,405,1,Mannoroc Coven
481,603,405,1,Sargeron
482,604,405,1,Magram Village
483,606,405,1,Gelkis Village
484,607,405,1,Valley of Spears
485,608,405,1,Nijel's Point
486,609,405,1,Kolkar Village
487,616,616,1,Hyjal
488,618,618,1,Winterspring
489,636,406,1,Blackwolf River
490,637,215,1,Kodo Rock
491,638,14,1,Hidden Path
492,639,14,1,Spirit Rock
493,640,14,1,Shrine of the Dormant Flame
494,656,493,1,Lake Elune'ara
495,657,8,0,The Harborage
496,676,676,150,Outland
497,696,141,1,Craftsmen's Terrace UNUSED
498,697,141,1,Tradesmen's Terrace UNUSED
499,698,141,1,The Temple Gardens UNUSED
500,699,141,1,Temple of Elune UNUSED
501,700,141,1,Cenarion Enclave UNUSED
502,701,141,1,Warrior's Terrace UNUSED
503,702,141,1,Rut'theran Village
504,716,1,0,Ironband's Compound
505,717,717,34,The Stockade
506,718,718,43,Wailing Caverns
507,719,719,48,Blackfathom Deeps
508,720,17,1,Fray Island
509,721,721,90,Gnomeregan
510,722,722,129,Razorfen Downs
511,736,141,1,Ban'ethil Hollow
512,796,796,189,Scarlet Monastery
513,797,12,0,Jerod's Landing
514,798,12,0,Ridgepoint Tower
515,799,10,0,The Darkened Bank
516,800,1,0,Coldridge Pass
517,801,1,0,Chill Breeze Valley
518,802,1,0,Shimmer Ridge
519,803,1,0,Amberstill Ranch
520,804,1,0,The Tundrid Hills
521,805,1,0,South Gate Pass
522,806,1,0,South Gate Outpost
523,807,1,0,North Gate Pass
524,808,1,0,North Gate Outpost
525,809,1,0,Gates of Ironforge
526,810,85,0,Stillwater Pond
527,811,85,0,Nightmare Vale
528,812,85,0,Venomweb Vale
529,813,28,0,The Bulwark
530,814,14,1,Southfury River
531,815,17,1,Southfury River
532,816,14,1,Razormane Grounds
533,817,14,1,Skull Rock
534,818,215,1,Palemane Rock
535,819,215,1,Windfury Ridge
536,820,215,1,The Golden Plains
537,821,215,1,The Rolling Plains
538,836,11,0,Dun Algaz
539,837,38,0,Dun Algaz
540,838,38,0,North Gate Pass
541,839,38,0,South Gate Pass
542,856,10,0,Twilight Grove
543,876,876,1,GM Island
544,877,17,1,Delete ME
545,878,16,1,Southfury River
546,879,331,1,Southfury River
547,880,45,0,Thandol Span
548,881,11,0,Thandol Span
549,896,267,0,Purgation Isle
550,916,40,0,The Jansen Stead
551,917,40,0,The Dead Acre
552,918,40,0,The Molsen Farm
553,919,40,0,Stendel's Pond
554,920,40,0,The Dagger Hills
555,921,40,0,Demont's Place
556,922,40,0,The Dust Plains
557,923,38,0,Stonesplinter Valley
558,924,38,0,Valley of Kings
559,925,38,0,Algaz Station
560,926,130,0,Bucklebree Farm
561,927,130,0,The Shining Strand
562,928,130,0,North Tide's Hollow
563,936,38,0,Grizzlepaw Ridge
564,956,956,169,The Verdant Fields
565,976,440,1,Gadgetzan
566,977,440,1,Steamwheedle Port
567,978,440,1,Zul'Farrak
568,979,440,1,Sandsorrow Watch
569,980,440,1,Thistleshrub Valley
570,981,440,1,The Gaping Chasm
571,982,440,1,The Noxious Lair
572,983,440,1,Dunemaul Compound
573,984,440,1,Eastmoon Ruins
574,985,440,1,Waterspring Field
575,986,440,1,Zalashji's Den
576,987,440,1,Land's End Beach
577,988,440,1,Wavestrider Beach
578,989,440,1,Uldum
579,990,440,1,Valley of the Watchers
580,991,440,1,Gunstan's Post
581,992,440,1,Southmoon Ruins
582,996,44,0,Render's Camp
583,997,44,0,Render's Valley
584,998,44,0,Render's Rock
585,999,44,0,Stonewatch Tower
586,1000,44,0,Galardell Valley
587,1001,44,0,Lakeridge Highway
588,1002,44,0,Three Corners
589,1016,11,0,Direforge Hill
590,1017,11,0,Raptor Ridge
591,1018,11,0,Black Channel Marsh
592,1019,139,0,The Green Belt
593,1020,11,0,Mosshide Fen
594,1021,11,0,Thelgen Rock
595,1022,11,0,Bluegill Marsh
596,1023,11,0,Saltspray Glen
597,1024,11,0,Sundown Marsh
598,1025,11,0,The Green Belt
599,1036,11,0,Angerfang Encampment
600,1037,11,0,Grim Batol
601,1038,11,0,Dragonmaw Gates
602,1039,11,0,The Lost Fleet
603,1056,267,0,Darrow Hill
604,1057,267,0,Thoradin's Wall
605,1076,406,1,Webwinder Path
606,1097,10,0,The Hushed Bank
607,1098,10,0,Manor Mistmantle
608,1099,357,1,Camp Mojache
609,1100,357,1,Grimtotem Compound
610,1101,357,1,The Writhing Deep
611,1102,357,1,Wildwind Lake
612,1103,357,1,Gordunni Outpost
613,1104,357,1,Mok'Gordun
614,1105,357,1,Feral Scar Vale
615,1106,357,1,Frayfeather Highlands
616,1107,357,1,Idlewind Lake
617,1108,357,1,The Forgotten Coast
618,1109,357,1,East Pillar
619,1110,357,1,West Pillar
620,1111,357,1,Dream Bough
621,1112,357,1,Jademir Lake
622,1113,357,1,Oneiros
623,1114,357,1,Ruins of Ravenwind
624,1115,357,1,Rage Scar Hold
625,1116,357,1,Feathermoon Stronghold
626,1117,357,1,Ruins of Solarsal
627,1118,357,1,Lower Wilds UNUSED
628,1119,357,1,The Twin Colossals
629,1120,357,1,Sardor Isle
630,1121,357,1,Isle of Dread
631,1136,357,1,High Wilderness
632,1137,357,1,Lower Wilds
633,1156,17,1,Southern Barrens
634,1157,17,1,Southern Gold Road
635,1176,1176,209,Zul'Farrak
636,1196,1196,575,Utgarde Pinnacle
637,1216,16,1,Timbermaw Hold
638,1217,16,1,Vanndir Encampment
639,1218,16,1,TESTAzshara
640,1219,16,1,Legash Encampment
641,1220,16,1,Thalassian Base Camp
642,1221,16,1,Ruins of Eldarath
643,1222,16,1,Hetaera's Clutch
644,1223,16,1,Temple of Zin-Malor
645,1224,16,1,Bear's Head
646,1225,16,1,Ursolan
647,1226,16,1,Temple of Arkkoran
648,1227,16,1,Bay of Storms
649,1228,16,1,The Shattered Strand
650,1229,16,1,Tower of Eldara
651,1230,16,1,Jagged Reef
652,1231,16,1,Southridge Beach
653,1232,16,1,Ravencrest Monument
654,1233,16,1,Forlorn Ridge
655,1234,16,1,Lake Mennar
656,1235,16,1,Shadowsong Shrine
657,1236,16,1,Haldarr Encampment
658,1237,16,1,Valormok
659,1256,16,1,The Ruined Reaches
660,1276,331,1,The Talondeep Path
661,1277,406,1,The Talondeep Path
662,1296,14,1,Rocktusk Farm
663,1297,14,1,Jaggedswine Farm
664,1316,17,1,Razorfen Downs
665,1336,440,1,Lost Rigger Cove
666,1337,1337,70,Uldaman
667,1338,130,0,Lordamere Lake
668,1339,36,0,Lordamere Lake
669,1357,36,0,Gallows' Corner
670,1377,1377,1,Silithus
671,1397,1397,169,Emerald Forest
672,1417,1417,109,Sunken Temple
673,1437,4,0,Dreadmaul Hold
674,1438,4,0,Nethergarde Keep
675,1439,4,0,Dreadmaul Post
676,1440,4,0,Serpent's Coil
677,1441,4,0,Altar of Storms
678,1442,51,0,Firewatch Ridge
679,1443,51,0,The Slag Pit
680,1444,51,0,The Sea of Cinders
681,1445,51,0,Blackrock Mountain
682,1446,51,0,Thorium Point
683,1457,4,0,Garrison Armory
684,1477,1477,109,The Temple of Atal'Hakkar
685,1497,1497,0,Undercity
686,1517,3,0,Uldaman
687,1518,40,0,Not Used Deadmines
688,1519,1519,0,Stormwind City
689,1537,1537,0,Ironforge
690,1557,400,1,Splithoof Hold
691,1577,33,0,The Cape of Stranglethorn
692,1578,33,0,Southern Savage Coast
693,1579,1579,0,Unused The Deadmines 002
694,1580,1579,0,Unused Ironclad Cove 003
695,1581,1581,36,The Deadmines
696,1582,1581,36,Ironclad Cove
697,1583,1583,229,Blackrock Spire
698,1584,1584,230,Blackrock Depths
699,1597,17,1,Raptor Grounds UNUSED
700,1598,17,1,Grol'dom Farm UNUSED
701,1599,17,1,Mor'shan Base Camp
702,1600,17,1,Honor's Stand UNUSED
703,1601,17,1,Blackthorn Ridge UNUSED
704,1602,17,1,Bramblescar UNUSED
705,1603,17,1,Agama'gor UNUSED
706,1617,1519,0,Valley of Heroes
707,1637,1637,1,Orgrimmar
708,1638,1638,1,Thunder Bluff
709,1639,1638,1,Elder Rise
710,1640,1638,1,Spirit Rise
711,1641,1638,1,Hunter Rise
712,1657,1657,1,Darnassus
713,1658,1657,1,Cenarion Enclave
714,1659,1657,1,Craftsmen's Terrace
715,1660,1657,1,Warrior's Terrace
716,1661,1657,1,The Temple Gardens
717,1662,1657,1,Tradesmen's Terrace
718,1677,36,0,Gavin's Naze
719,1678,36,0,Sofera's Naze
720,1679,36,0,Corrahn's Dagger
721,1680,36,0,The Headland
722,1681,36,0,Misty Shore
723,1682,36,0,Dandred's Fold
724,1683,36,0,Growless Cave
725,1684,36,0,Chillwind Point
726,1697,17,1,Raptor Grounds
727,1698,17,1,Bramblescar
728,1699,17,1,Thorn Hill
729,1700,17,1,Agama'gor
730,1701,17,1,Blackthorn Ridge
731,1702,17,1,Honor's Stand
732,1703,17,1,The Mor'shan Rampart
733,1704,17,1,Grol'dom Farm
734,1717,17,1,Razorfen Kraul
735,1718,17,1,The Great Lift
736,1737,33,0,Mistvale Valley
737,1738,33,0,Nek'mani Wellspring
738,1739,33,0,Bloodsail Compound
739,1740,33,0,Venture Co. Base Camp
740,1741,33,0,Gurubashi Arena
741,1742,33,0,Spirit Den
742,1757,33,0,The Crimson Veil
743,1758,33,0,The Riptide
744,1759,33,0,The Damsel's Luck
745,1760,33,0,Venture Co. Operations Center
746,1761,361,1,Deadwood Village
747,1762,361,1,Felpaw Village
748,1763,361,1,Jaedenar
749,1764,361,1,Bloodvenom River
750,1765,361,1,Bloodvenom Falls
751,1766,361,1,Shatter Scar Vale
752,1767,361,1,Irontree Woods
753,1768,361,1,Irontree Cavern
754,1769,361,1,Timbermaw Hold
755,1770,361,1,Shadow Hold
756,1771,361,1,Shrine of the Deceiver
757,1777,8,0,Itharius's Cave
758,1778,8,0,Sorrowmurk
759,1779,8,0,Draenil'dur Village
760,1780,8,0,Splinterspear Junction
761,1797,8,0,Stagalbog
762,1798,8,0,The Shifting Mire
763,1817,8,0,Stagalbog Cave
764,1837,45,0,Witherbark Caverns
765,1857,45,0,Thoradin's Wall
766,1858,45,0,Boulder'gor
767,1877,3,0,Valley of Fangs
768,1878,3,0,The Dustbowl
769,1879,3,0,Mirage Flats
770,1880,47,0,Featherbeard's Hovel
771,1881,47,0,Shindigger's Camp
772,1882,47,0,Plaguemist Ravine
773,1883,47,0,Valorwind Lake
774,1884,47,0,Agol'watha
775,1885,47,0,Hiri'watha
776,1886,47,0,The Creeping Ruin
777,1887,47,0,Bogen's Ledge
778,1897,3,0,The Maker's Terrace
779,1898,3,0,Dustwind Gulch
780,1917,47,0,Shaol'watha
781,1937,440,1,Noonshade Ruins
782,1938,440,1,Broken Pillar
783,1939,440,1,Abyssal Sands
784,1940,440,1,Southbreak Shore
785,1941,1941,1,Caverns of Time
786,1942,490,1,The Marshlands
787,1943,490,1,Ironstone Plateau
788,1957,51,0,Blackchar Cave
789,1958,51,0,Tanner Camp
790,1959,51,0,Dustfire Valley
791,1977,1977,309,Zul'Gurub
792,1978,8,0,Misty Reed Post
793,1997,361,1,Bloodvenom Post 
794,1998,361,1,Talonbranch Glade 
795,2017,2017,329,Stratholme
796,2037,2037,0,Quel'thalas
797,2057,2057,289,Scholomance
798,2077,148,1,Twilight Vale
799,2078,148,1,Twilight Shore
800,2079,15,1,Alcaz Island
801,2097,400,1,Darkcloud Pinnacle
802,2098,10,0,Dawning Wood Catacombs
803,2099,44,0,Stonewatch Keep
804,2100,2100,349,Maraudon
805,2101,38,0,Stoutlager Inn
806,2102,1,0,Thunderbrew Distillery
807,2103,11,0,Menethil Keep
808,2104,11,0,Deepwater Tavern
809,2117,85,0,Shadow Grave
810,2118,85,0,Brill Town Hall
811,2119,85,0,Gallows' End Tavern
812,2137,215,1,The Pools of VisionUNUSED
813,2138,17,1,Dreadmist Den
814,2157,17,1,Bael'dun Keep
815,2158,15,1,Emberstrife's Den
816,2159,2159,1,Onyxia's Lair
817,2160,406,1,Windshear Mine
818,2161,10,0,Roland's Doom
819,2177,33,0,Battle Ring
820,2197,1638,1,The Pools of Vision
821,2198,405,1,Shadowbreak Ravine
822,2217,405,1,Broken Spear Village
823,2237,400,1,Whitereach Post
824,2238,400,1,Gornia
825,2239,400,1,Zane's Eye Crater
826,2240,400,1,Mirage Raceway
827,2241,618,1,Frostsaber Rock
828,2242,618,1,The Hidden Grove
829,2243,618,1,Timbermaw Post
830,2244,618,1,Winterfall Village
831,2245,618,1,Mazthoril
832,2246,618,1,Frostfire Hot Springs
833,2247,618,1,Ice Thistle Hills
834,2248,618,1,Dun Mandarr
835,2249,618,1,Frostwhisper Gorge
836,2250,618,1,Owl Wing Thicket
837,2251,618,1,Lake Kel'Theril
838,2252,618,1,The Ruins of Kel'Theril
839,2253,618,1,Starfall Village
840,2254,618,1,Ban'Thallow Barrow Den
841,2255,618,1,Everlook
842,2256,618,1,Darkwhisper Gorge
843,2257,2257,369,Deeprun Tram
844,2258,139,0,The Fungal Vale
845,2259,139,0,UNUSEDThe Marris Stead
846,2260,139,0,The Marris Stead
847,2261,139,0,The Undercroft
848,2262,139,0,Darrowshire
849,2263,139,0,Crown Guard Tower
850,2264,139,0,Corin's Crossing
851,2265,139,0,Scarlet Base Camp
852,2266,139,0,Tyr's Hand
853,2267,139,0,The Scarlet Basilica
854,2268,139,0,Light's Hope Chapel
855,2269,139,0,Browman Mill
856,2270,139,0,The Noxious Glade
857,2271,139,0,Eastwall Tower
858,2272,139,0,Northdale
859,2273,139,0,Zul'Mashar
860,2274,139,0,Mazra'Alor
861,2275,139,0,Northpass Tower
862,2276,139,0,Quel'Lithien Lodge
863,2277,139,0,Plaguewood
864,2278,139,0,Scourgehold
865,2279,139,0,Stratholme
866,2280,2280,0,DO NOT USE
867,2297,28,0,Darrowmere Lake
868,2298,28,0,Caer Darrow
869,2299,139,0,Darrowmere Lake
870,2300,440,1,Caverns of Time
871,2301,331,1,Thistlefur Village
872,2302,15,1,The Quagmire
873,2303,400,1,Windbreak Canyon
874,2317,440,1,South Seas
875,2318,15,1,The Great Sea
876,2319,17,1,The Great Sea
877,2320,14,1,The Great Sea
878,2321,16,1,The Great Sea
879,2322,141,1,The Veiled Sea
880,2323,357,1,The Veiled Sea
881,2324,405,1,The Veiled Sea
882,2325,331,1,The Veiled Sea
883,2326,148,1,The Veiled Sea
884,2337,14,1,Razor Hill Barracks
885,2338,33,0,South Seas
886,2339,33,0,The Great Sea
887,2357,331,1,Bloodtooth Camp
888,2358,331,1,Forest Song
889,2359,331,1,Greenpaw Village
890,2360,331,1,Silverwing Outpost
891,2361,493,1,Nighthaven
892,2362,493,1,Shrine of Remulos
893,2363,493,1,Stormrage Barrow Dens
894,2364,40,0,The Great Sea
895,2365,11,0,The Great Sea
896,2366,2366,269,The Black Morass
897,2367,2367,560,Old Hillsbrad Foothills
898,2368,2367,560,Tarren Mill
899,2369,2367,560,Southshore
900,2370,2367,560,Durnholde Keep
901,2371,2367,560,Dun Garok
902,2372,2367,560,Hillsbrad Fields
903,2373,2367,560,Eastern Strand
904,2374,2367,560,Nethander Stead
905,2375,2367,560,Darrow Hill
906,2376,2367,560,Southpoint Tower
907,2377,2367,560,Thoradin's Wall
908,2378,2367,560,Western Strand
909,2379,2367,560,Azurelode Mine
910,2397,267,0,The Great Sea
911,2398,130,0,The Great Sea
912,2399,85,0,The Great Sea
913,2400,47,0,The Forbidding Sea
914,2401,45,0,The Forbidding Sea
915,2402,11,0,The Forbidding Sea
916,2403,8,0,The Forbidding Sea
917,2404,405,1,Tethris Aran
918,2405,405,1,Ethel Rethor
919,2406,405,1,Ranazjar Isle
920,2407,405,1,Kormek's Hut
921,2408,405,1,Shadowprey Village
922,2417,46,0,Blackrock Pass
923,2418,46,0,Morgan's Vigil
924,2419,46,0,Slither Rock
925,2420,46,0,Terror Wing Path
926,2421,46,0,Draco'dar
927,2437,2437,389,Ragefire Chasm
928,2457,331,1,Nightsong Woods
929,2477,1377,1,The Veiled Sea
930,2478,361,1,Morlos'Aran
931,2479,361,1,Emerald Sanctuary
932,2480,361,1,Jadefire Glen
933,2481,361,1,Ruins of Constellas
934,2497,16,1,Bitter Reaches
935,2517,4,0,Rise of the Defiler
936,2518,357,1,Lariss Pavilion
937,2519,357,1,Woodpaw Hills
938,2520,357,1,Woodpaw Den
939,2521,357,1,Verdantis River
940,2522,357,1,Ruins of Isildien
941,2537,406,1,Grimtotem Post
942,2538,406,1,Camp Aparaje
943,2539,406,1,Malaka'jin
944,2540,406,1,Boulderslide Ravine
945,2541,406,1,Sishir Canyon
946,2557,2557,429,Dire Maul
947,2558,41,0,Deadwind Ravine
948,2559,41,0,Diamondhead River
949,2560,41,0,Ariden's Camp
950,2561,41,0,The Vice
951,2562,41,0,Karazhan
952,2563,41,0,Morgan's Plot
953,2577,357,1,Dire Maul
954,2597,2597,30,Alterac Valley
955,2617,405,1,Scrabblescrew's Camp
956,2618,361,1,Jadefire Run
957,2619,139,0,Thondroril River
958,2620,28,0,Thondroril River
959,2621,139,0,Lake Mereldar
960,2622,139,0,Pestilent Scar
961,2623,139,0,The Infectis Scar
962,2624,139,0,Blackwood Lake
963,2625,139,0,Eastwall Gate
964,2626,139,0,Terrorweb Tunnel
965,2627,139,0,Terrordale
966,2637,331,1,Kargathia Keep
967,2657,405,1,Valley of Bones
968,2677,2677,469,Blackwing Lair
969,2697,41,0,Deadman's Crossing
970,2717,2717,409,Molten Core
971,2737,1377,1,The Scarab Wall
972,2738,1377,1,Southwind Village
973,2739,1377,1,Twilight Base Camp
974,2740,1377,1,The Crystal Vale
975,2741,1377,1,The Scarab Dais
976,2742,1377,1,Hive'Ashi
977,2743,1377,1,Hive'Zora
978,2744,1377,1,Hive'Regal
979,2757,17,1,Shrine of the Fallen Warrior
980,2777,267,0,UNUSED Alterac Valley
981,2797,331,1,Blackfathom Deeps
982,2817,2817,571,Crystalsong Forest
983,2837,41,0,The Master's Cellar
984,2838,51,0,Stonewrought Pass
985,2839,36,0,Alterac Valley
986,2857,440,1,The Rumble Cage
987,2877,22,451,Chunk Test
988,2897,331,1,Zoram'gar Outpost
989,2917,2917,1,Hall of Legends
990,2918,2918,449,Champions' Hall
991,2937,41,0,Grosh'gok Compound
992,2938,41,0,Sleeping Gorge
993,2957,2597,30,Irondeep Mine
994,2958,2597,30,Stonehearth Outpost
995,2959,2597,30,Dun Baldar
996,2960,2597,30,Icewing Pass
997,2961,2597,30,Frostwolf Village
998,2962,2597,30,Tower Point
999,2963,2597,30,Coldtooth Mine
1000,2964,2597,30,Winterax Hold
1001,2977,2597,30,Iceblood Garrison
1002,2978,2597,30,Frostwolf Keep
1003,2979,14,1,Tor'kren Farm
1004,3017,2597,30,Frost Dagger Pass
1005,3037,400,1,Ironstone Camp
1006,3038,400,1,Weazel's Crater
1007,3039,400,1,Tahonda Ruins
1008,3057,2597,30,Field of Strife
1009,3058,2597,30,Icewing Cavern
1010,3077,1377,1,Valor's Rest
1011,3097,1377,1,The Swarming Pillar
1012,3098,1377,1,Twilight Post
1013,3099,1377,1,Twilight Outpost
1014,3100,1377,1,Ravaged Twilight Camp
1015,3117,357,1,Shalzaru's Lair
1016,3137,16,1,Talrendis Point
1017,3138,16,1,Rethress Sanctum
1018,3139,618,1,Moon Horror Den
1019,3140,16,1,Scalebeard's Cave
1020,3157,406,1,Boulderslide Cavern
1021,3177,331,1,Warsong Labor Camp
1022,3197,28,0,Chillwind Camp
1023,3217,2557,429,The Maul
1024,3237,2557,429,The Maul UNUSED
1025,3257,1377,1,Bones of Grakkarond
1026,3277,3277,489,Warsong Gulch
1027,3297,2597,30,Frostwolf Graveyard
1028,3298,2597,30,Frostwolf Pass
1029,3299,2597,30,Dun Baldar Pass
1030,3300,2597,30,Iceblood Graveyard
1031,3301,2597,30,Snowfall Graveyard
1032,3302,2597,30,Stonehearth Graveyard
1033,3303,2597,30,Stormpike Graveyard
1034,3304,2597,30,Icewing Bunker
1035,3305,2597,30,Stonehearth Bunker
1036,3306,2597,30,Wildpaw Ridge
1037,3317,47,0,Revantusk Village
1038,3318,2597,30,Rock of Durotan
1039,3319,331,1,Silverwing Grove
1040,3320,3277,489,Warsong Lumber Mill
1041,3321,3277,489,Silverwing Hold
1042,3337,2597,30,Wildpaw Cavern
1043,3338,2597,30,The Veiled Cleft
1044,3357,33,0,Yojamba Isle
1045,3358,3358,529,Arathi Basin
1046,3377,1977,309,The Coil
1047,3378,1977,309,Altar of Hir'eek
1048,3379,1977,309,Shadra'zaar
1049,3380,1977,309,Hakkari Grounds
1050,3381,1977,309,Naze of Shirvallah
1051,3382,1977,309,Temple of Bethekk
1052,3383,1977,309,The Bloodfire Pit
1053,3384,1977,309,Altar of the Blood God
1054,3397,1977,309,Zanza's Rise
1055,3398,1977,309,Edge of Madness
1056,3417,3358,529,Trollbane Hall
1057,3418,3358,529,Defiler's Den
1058,3419,1977,309,Pagle's Pointe
1059,3420,3358,529,Farm
1060,3421,3358,529,Blacksmith
1061,3422,3358,529,Lumber Mill
1062,3423,3358,529,Gold Mine
1063,3424,3358,529,Stables
1064,3425,1377,1,Cenarion Hold
1065,3426,1377,1,Staghelm Point
1066,3427,1377,1,Bronzebeard Encampment
1067,3428,3428,531,Ahn'Qiraj
1068,3429,3429,509,Ruins of Ahn'Qiraj
1069,3430,3430,530,Eversong Woods
1070,3431,3430,530,Sunstrider Isle
1071,3432,3430,530,Shrine of Dath'Remar
1072,3433,3433,530,Ghostlands
1073,3434,3428,531,Scarab Terrace
1074,3435,3428,531,General's Terrace
1075,3436,3428,531,The Reservoir
1076,3437,3428,531,The Hatchery
1077,3438,3428,531,The Comb
1078,3439,3428,531,Watchers' Terrace
1079,3440,3429,509,Scarab Terrace
1080,3441,3429,509,General's Terrace
1081,3442,3429,509,The Reservoir
1082,3443,3429,509,The Hatchery
1083,3444,3429,509,The Comb
1084,3445,3429,509,Watchers' Terrace
1085,3446,1377,1,Twilight's Run
1086,3447,1377,1,Ortell's Hideout
1087,3448,3429,509,Scarab Terrace
1088,3449,3429,509,General's Terrace
1089,3450,3429,509,The Reservoir
1090,3451,3429,509,The Hatchery
1091,3452,3429,509,The Comb
1092,3453,3429,509,Watchers' Terrace
1093,3454,1377,1,Ruins of Ahn'Qiraj
1094,3455,3455,530,The North Sea
1095,3456,3456,533,Naxxramas
1096,3457,3457,532,Karazhan
1097,3459,3459,0,City
1098,3460,3430,530,Golden Strand
1099,3461,3430,530,Sunsail Anchorage
1100,3462,3430,530,Fairbreeze Village
1101,3463,3430,530,Magisters Gate
1102,3464,3430,530,Farstrider Retreat
1103,3465,3430,530,North Sanctum
1104,3466,3430,530,West Sanctum
1105,3467,3430,530,East Sanctum
1106,3468,3430,530,Saltheril's Haven
1107,3469,3430,530,Thuron's Livery
1108,3470,3430,530,Stillwhisper Pond
1109,3471,3430,530,The Living Wood
1110,3472,3430,530,Azurebreeze Coast
1111,3473,3430,530,Lake Elrendar
1112,3474,3430,530,The Scorched Grove
1113,3475,3430,530,Zeb'Watha
1114,3476,3430,530,Tor'Watha
1115,3477,3477,571,Azjol-Nerub
1116,3478,3478,1,Gates of Ahn'Qiraj
1117,3479,3479,530,The Veiled Sea
1118,3480,3430,530,Duskwither Grounds
1119,3481,3430,530,Duskwither Spire
1120,3482,3430,530,The Dead Scar
1121,3483,3483,530,Hellfire Peninsula
1122,3484,3430,530,The Sunspire
1123,3485,3430,530,Falthrien Academy
1124,3486,36,0,Ravenholdt Manor
1125,3487,3487,530,Silvermoon City
1126,3488,3433,530,Tranquillien
1127,3489,3433,530,Suncrown Village
1128,3490,3433,530,Goldenmist Village
1129,3491,3433,530,Windrunner Village
1130,3492,3433,530,Windrunner Spire
1131,3493,3433,530,Sanctum of the Sun
1132,3494,3433,530,Sanctum of the Moon
1133,3495,3433,530,Dawnstar Spire
1134,3496,3433,530,Farstrider Enclave
1135,3497,3433,530,An'daroth
1136,3498,3433,530,An'telas
1137,3499,3433,530,An'owyn
1138,3500,3433,530,Deatholme
1139,3501,3433,530,Bleeding Ziggurat
1140,3502,3433,530,Howling Ziggurat
1141,3503,3433,530,Shalandis Isle
1142,3504,3433,530,Toryl Estate
1143,3505,3433,530,Underlight Mines
1144,3506,3433,530,Andilien Estate
1145,3507,3433,530,Hatchet Hills
1146,3508,3433,530,Amani Pass
1147,3509,3433,530,Sungraze Peak
1148,3510,3433,530,Amani Catacombs
1149,3511,3433,530,Tower of the Damned
1150,3512,3433,530,Zeb'Sora
1151,3513,3433,530,Lake Elrendar
1152,3514,3433,530,The Dead Scar
1153,3515,3433,530,Elrendar River
1154,3516,3433,530,Zeb'Tela
1155,3517,3433,530,Zeb'Nowa
1156,3518,3518,530,Nagrand
1157,3519,3519,530,Terokkar Forest
1158,3520,3520,530,Shadowmoon Valley
1159,3521,3521,530,Zangarmarsh
1160,3522,3522,530,Blade's Edge Mountains
1161,3523,3523,530,Netherstorm
1162,3524,3524,530,Azuremyst Isle
1163,3525,3525,530,Bloodmyst Isle
1164,3526,3524,530,Ammen Vale
1165,3527,3524,530,Crash Site
1166,3528,3524,530,Silverline Lake
1167,3529,3524,530,Nestlewood Thicket
1168,3530,3524,530,Shadow Ridge
1169,3531,3430,530,Skulking Row
1170,3532,3430,530,Dawning Lane
1171,3533,3430,530,Ruins of Silvermoon
1172,3534,3430,530,Feth's Way
1173,3535,3535,540,Hellfire Citadel
1174,3536,3483,530,Thrallmar
1175,3537,3537,571,Borean Tundra
1176,3538,3483,530,Honor Hold
1177,3539,3483,530,The Stair of Destiny
1178,3540,3540,530,Twisting Nether
1179,3541,3483,530,Forge Camp: Mageddon
1180,3542,3483,530,The Path of Glory
1181,3543,3483,530,The Great Fissure
1182,3544,3483,530,Plain of Shards
1183,3545,3483,530,Hellfire Citadel
1184,3546,3483,530,Expedition Armory
1185,3547,3483,530,Throne of Kil'jaeden
1186,3548,3483,530,Forge Camp: Rage
1187,3549,3483,530,Invasion Point: Annihilator
1188,3550,3483,530,Borune Ruins
1189,3551,3483,530,Ruins of Sha'naar
1190,3552,3483,530,Temple of Telhamat
1191,3553,3483,530,Pools of Aggonar
1192,3554,3483,530,Falcon Watch
1193,3555,3483,530,Mag'har Post
1194,3556,3483,530,Den of Haal'esh
1195,3557,3557,530,The Exodar
1196,3558,3430,530,Elrendar Falls
1197,3559,3524,530,Nestlewood Hills
1198,3560,3524,530,Ammen Fields
1199,3561,3524,530,The Sacred Grove
1200,3562,3562,543,Hellfire Ramparts
1201,3563,3562,543,Hellfire Citadel
1202,3564,3524,530,Emberglade
1203,3565,3521,530,Cenarion Refuge
1204,3566,3524,530,Moonwing Den
1205,3567,3524,530,Pod Cluster
1206,3568,3524,530,Pod Wreckage
1207,3569,3524,530,Tides' Hollow
1208,3570,3524,530,Wrathscale Point
1209,3571,3524,530,Bristlelimb Village
1210,3572,3524,530,Stillpine Hold
1211,3573,3524,530,Odesyus' Landing
1212,3574,3524,530,Valaar's Berth
1213,3575,3524,530,Silting Shore
1214,3576,3524,530,Azure Watch
1215,3577,3524,530,Geezle's Camp
1216,3578,3524,530,Menagerie Wreckage
1217,3579,3524,530,Traitor's Cove
1218,3580,3524,530,Wildwind Peak
1219,3581,3524,530,Wildwind Path
1220,3582,3483,530,Zeth'Gor
1221,3583,3525,530,Beryl Coast
1222,3584,3525,530,Blood Watch
1223,3585,3525,530,Bladewood
1224,3586,3525,530,The Vector Coil
1225,3587,3525,530,The Warp Piston
1226,3588,3525,530,The Cryo-Core
1227,3589,3525,530,The Crimson Reach
1228,3590,3525,530,Wrathscale Lair
1229,3591,3525,530,Ruins of Loreth'Aran
1230,3592,3525,530,Nazzivian
1231,3593,3525,530,Axxarien
1232,3594,3525,530,Blacksilt Shore
1233,3595,3525,530,The Foul Pool
1234,3596,3525,530,The Hidden Reef
1235,3597,3525,530,Amberweb Pass
1236,3598,3525,530,Wyrmscar Island
1237,3599,3525,530,Talon Stand
1238,3600,3525,530,Bristlelimb Enclave
1239,3601,3525,530,Ragefeather Ridge
1240,3602,3525,530,Kessel's Crossing
1241,3603,3525,530,Tel'athion's Camp
1242,3604,3525,530,The Bloodcursed Reef
1243,3605,3605,560,Hyjal Past
1244,3606,3606,534,Hyjal Summit
1245,3607,3607,548,Serpentshrine Cavern
1246,3608,3525,530,Vindicator's Rest
1247,3609,3518,530,Unused3
1248,3610,3518,530,Burning Blade Ruins
1249,3611,3518,530,Clan Watch
1250,3612,3525,530,Bloodcurse Isle
1251,3613,3518,530,Garadar
1252,3614,3518,530,Skysong Lake
1253,3615,3518,530,Throne of the Elements
1254,3616,3518,530,Laughing Skull Ruins
1255,3617,3518,530,Warmaul Hill
1256,3618,3518,530,Gruul's Lair
1257,3619,3518,530,Auren Ridge
1258,3620,3518,530,Auren Falls
1259,3621,3518,530,Lake Sunspring
1260,3622,3518,530,Sunspring Post
1261,3623,3518,530,Aeris Landing
1262,3624,3518,530,Forge Camp: Fear
1263,3625,3518,530,Forge Camp: Hate
1264,3626,3518,530,Telaar
1265,3627,3518,530,Northwind Cleft
1266,3628,3518,530,Halaa
1267,3629,3518,530,Southwind Cleft
1268,3630,3518,530,Oshu'gun
1269,3631,3518,530,Spirit Fields
1270,3632,3518,530,Shamanar
1271,3633,3518,530,Ancestral Grounds
1272,3634,3518,530,Windyreed Village
1273,3635,3518,530,Unused2
1274,3636,3518,530,Elemental Plateau
1275,3637,3518,530,Kil'sorrow Fortress
1276,3638,3518,530,The Ring of Trials
1277,3639,3524,530,Silvermyst Isle
1278,3640,3521,530,Daggerfen Village
1279,3641,3521,530,Umbrafen Village
1280,3642,3521,530,Feralfen Village
1281,3643,3521,530,Bloodscale Enclave
1282,3644,3521,530,Telredor
1283,3645,3521,530,Zabra'jin
1284,3646,3521,530,Quagg Ridge
1285,3647,3521,530,The Spawning Glen
1286,3648,3521,530,The Dead Mire
1287,3649,3521,530,Sporeggar
1288,3650,3521,530,Ango'rosh Grounds
1289,3651,3521,530,Ango'rosh Stronghold
1290,3652,3521,530,Funggor Cavern
1291,3653,3521,530,Serpent Lake
1292,3654,3521,530,The Drain
1293,3655,3521,530,Umbrafen Lake
1294,3656,3521,530,Marshlight Lake
1295,3657,3521,530,Portal Clearing
1296,3658,3521,530,Sporewind Lake
1297,3659,3521,530,The Lagoon
1298,3660,3521,530,Blades' Run
1299,3661,3521,530,Blade Tooth Canyon
1300,3662,3430,530,Commons Hall
1301,3663,3430,530,Derelict Manor
1302,3664,3430,530,Huntress of the Sun
1303,3665,3430,530,Falconwing Square
1304,3666,3518,530,Halaani Basin
1305,3667,3521,530,Hewn Bog
1306,3668,3521,530,Boha'mu Ruins
1307,3669,3483,530,The Stadium
1308,3670,3483,530,The Overlook
1309,3671,3483,530,Broken Hill
1310,3672,3518,530,Mag'hari Procession
1311,3673,3518,530,Nesingwary Safari
1312,3674,3519,530,Cenarion Thicket
1313,3675,3519,530,Tuurem
1314,3676,3519,530,Veil Shienor
1315,3677,3519,530,Veil Skith
1316,3678,3519,530,Veil Shalas
1317,3679,3519,530,Skettis
1318,3680,3519,530,Blackwind Valley
1319,3681,3519,530,Firewing Point
1320,3682,3519,530,Grangol'var Village
1321,3683,3519,530,Stonebreaker Hold
1322,3684,3519,530,Allerian Stronghold
1323,3685,3519,530,Bonechewer Ruins
1324,3686,3519,530,Veil Lithic
1325,3687,3519,530,Olembas
1326,3688,3519,530,Auchindoun
1327,3689,3519,530,Veil Reskk
1328,3690,3519,530,Blackwind Lake
1329,3691,3519,530,Lake Ere'Noru
1330,3692,3519,530,Lake Jorune
1331,3693,3519,530,Skethyl Mountains
1332,3694,3519,530,Misty Ridge
1333,3695,3519,530,The Broken Hills
1334,3696,3519,530,The Barrier Hills
1335,3697,3519,530,The Bone Wastes
1336,3698,3698,559,Nagrand Arena
1337,3699,3518,530,Laughing Skull Courtyard
1338,3700,3518,530,The Ring of Blood
1339,3701,3518,530,Arena Floor
1340,3702,3702,562,Blade's Edge Arena
1341,3703,3703,530,Shattrath City
1342,3704,3487,530,The Shepherd's Gate
1343,3705,3518,530,Telaari Basin
1344,3706,2366,269,The Dark Portal
1345,3707,3606,534,Alliance Base
1346,3708,3606,534,Horde Encampment
1347,3709,3606,534,Night Elf Village
1348,3710,3606,534,Nordrassil
1349,3711,3711,571,Sholazar Basin
1350,3712,3523,530,Area 52
1351,3713,3713,542,The Blood Furnace
1352,3714,3714,540,The Shattered Halls
1353,3715,3715,545,The Steamvault
1354,3716,3716,546,The Underbog
1355,3717,3717,547,The Slave Pens
1356,3718,3521,530,Swamprat Post
1357,3719,3519,530,Bleeding Hollow Ruins
1358,3720,3521,530,Twin Spire Ruins
1359,3721,3523,530,The Crumbling Waste
1360,3722,3523,530,Manaforge Ara
1361,3723,3523,530,Arklon Ruins
1362,3724,3523,530,Cosmowrench
1363,3725,3523,530,Ruins of Enkaat
1364,3726,3523,530,Manaforge B'naar
1365,3727,3523,530,The Scrap Field
1366,3728,3523,530,The Vortex Fields
1367,3729,3523,530,The Heap
1368,3730,3523,530,Manaforge Coruu
1369,3731,3523,530,The Tempest Rift
1370,3732,3523,530,Kirin'Var Village
1371,3733,3523,530,The Violet Tower
1372,3734,3523,530,Manaforge Duro
1373,3735,3523,530,Voidwind Plateau
1374,3736,3523,530,Manaforge Ultris
1375,3737,3523,530,Celestial Ridge
1376,3738,3523,530,The Stormspire
1377,3739,3523,530,Forge Base: Oblivion
1378,3740,3523,530,Forge Base: Gehenna
1379,3741,3523,530,Ruins of Farahlon
1380,3742,3523,530,Socrethar's Seat
1381,3743,3520,530,Legion Hold
1382,3744,3520,530,Shadowmoon Village
1383,3745,3520,530,Wildhammer Stronghold
1384,3746,3520,530,The Hand of Gul'dan
1385,3747,3520,530,The Fel Pits
1386,3748,3520,530,The Deathforge
1387,3749,3520,530,Coilskar Cistern
1388,3750,3520,530,Coilskar Point
1389,3751,3520,530,Sunfire Point
1390,3752,3520,530,Illidari Point
1391,3753,3520,530,Ruins of Baa'ri
1392,3754,3520,530,Altar of Sha'tar
1393,3755,3520,530,The Stair of Doom
1394,3756,3520,530,Ruins of Karabor
1395,3757,3520,530,Ata'mal Terrace
1396,3758,3520,530,Netherwing Fields
1397,3759,3520,530,Netherwing Ledge
1398,3760,3518,530,The Barrier Hills
1399,3761,3518,530,The High Path
1400,3762,3518,530,Windyreed Pass
1401,3763,3518,530,Zangar Ridge
1402,3764,3518,530,The Twilight Ridge
1403,3765,3483,530,Razorthorn Trail
1404,3766,3521,530,Orebor Harborage
1405,3767,3522,530,Blades' Run
1406,3768,3522,530,Jagged Ridge
1407,3769,3522,530,Thunderlord Stronghold
1408,3770,3522,530,Blade Tooth Canyon
1409,3771,3522,530,The Living Grove
1410,3772,3522,530,Sylvanaar
1411,3773,3522,530,Bladespire Hold
1412,3774,3522,530,Gruul's Lair
1413,3775,3522,530,Circle of Blood
1414,3776,3522,530,Bloodmaul Outpost
1415,3777,3522,530,Bloodmaul Camp
1416,3778,3522,530,Draenethyst Mine
1417,3779,3522,530,Trogma's Claim
1418,3780,3522,530,Blackwing Coven
1419,3781,3522,530,Grishnath
1420,3782,3522,530,Veil Lashh
1421,3783,3522,530,Veil Vekh
1422,3784,3522,530,Forge Camp: Terror
1423,3785,3522,530,Forge Camp: Wrath
1424,3786,3522,530,Ogri'la
1425,3787,3522,530,Forge Camp: Anger
1426,3788,3518,530,The Low Path
1427,3789,3789,555,Shadow Labyrinth
1428,3790,3790,558,Auchenai Crypts
1429,3791,3791,556,Sethekk Halls
1430,3792,3792,557,Mana-Tombs
1431,3793,3483,530,Felspark Ravine
1432,3794,3483,530,Valley of Bones
1433,3795,3483,530,Sha'naari Wastes
1434,3796,3483,530,The Warp Fields
1435,3797,3483,530,Fallen Sky Ridge
1436,3798,3483,530,Haal'eshi Gorge
1437,3799,3483,530,Stonewall Canyon
1438,3800,3483,530,Thornfang Hill
1439,3801,3483,530,Mag'har Grounds
1440,3802,3483,530,Void Ridge
1441,3803,3483,530,The Abyssal Shelf
1442,3804,3483,530,The Legion Front
1443,3805,3805,568,Zul'Aman
1444,3806,3483,530,Supply Caravan
1445,3807,3483,530,Reaver's Fall
1446,3808,3483,530,Cenarion Post
1447,3809,3483,530,Southern Rampart
1448,3810,3483,530,Northern Rampart
1449,3811,3483,530,Gor'gaz Outpost
1450,3812,3483,530,Spinebreaker Post
1451,3813,3483,530,The Path of Anguish
1452,3814,3483,530,East Supply Caravan
1453,3815,3483,530,Expedition Point
1454,3816,3483,530,Zeppelin Crash
1455,3817,3817,13,Testing
1456,3818,3521,530,Bloodscale Grounds
1457,3819,3521,530,Darkcrest Enclave
1458,3820,3820,566,Eye of the Storm
1459,3821,3520,530,Warden's Cage
1460,3822,3520,530,Eclipse Point
1461,3823,3433,530,Isle of Tribulations
1462,3824,3522,530,Bloodmaul Ravine
1463,3825,3522,530,Dragons' End
1464,3826,3522,530,Daggermaw Canyon
1465,3827,3522,530,Vekhaar Stand
1466,3828,3522,530,Ruuan Weald
1467,3829,3522,530,Veil Ruuan
1468,3830,3522,530,Raven's Wood
1469,3831,3522,530,Death's Door
1470,3832,3522,530,Vortex Pinnacle
1471,3833,3522,530,Razor Ridge
1472,3834,3522,530,Ridge of Madness
1473,3835,3483,530,Dustquill Ravine
1474,3836,3836,544,Magtheridon's Lair
1475,3837,3523,530,Sunfury Hold
1476,3838,3483,530,Spinebreaker Mountains
1477,3839,3518,530,Abandoned Armory
1478,3840,3520,530,The Black Temple
1479,3841,3521,530,Darkcrest Shore
1480,3842,3523,530,Tempest Keep
1481,3844,3522,530,Mok'Nathal Village
1482,3845,3845,550,Tempest Keep
1483,3846,3525,530,The Arcatraz
1484,3847,3847,553,The Botanica
1485,3848,3848,552,The Arcatraz
1486,3849,3849,554,The Mechanar
1487,3850,3523,530,Netherstone
1488,3851,3523,530,Midrealm Post
1489,3852,3523,530,Tuluman's Landing
1490,3854,3523,530,Protectorate Watch Post
1491,3855,3522,530,Circle of Blood Arena
1492,3856,3433,530,Elrendar Crossing
1493,3857,3524,530,Ammen Ford
1494,3858,3519,530,Razorthorn Shelf
1495,3859,3519,530,Silmyr Lake
1496,3860,3519,530,Raastok Glade
1497,3861,3433,530,Thalassian Pass
1498,3862,3522,530,Churning Gulch
1499,3863,3522,530,Broken Wilds
1500,3864,3522,530,Bash'ir Landing
1501,3865,3522,530,Crystal Spine
1502,3866,3522,530,Skald
1503,3867,3522,530,Bladed Gulch
1504,3868,3523,530,Gyro-Plank Bridge
1505,3869,3820,566,Mage Tower
1506,3870,3820,566,Blood Elf Tower
1507,3871,3820,566,Draenei Ruins
1508,3872,3820,566,Fel Reaver Ruins
1509,3873,3523,530,The Proving Grounds
1510,3874,3523,530,Eco-Dome Farfield
1511,3875,3523,530,Eco-Dome Skyperch
1512,3876,3523,530,Eco-Dome Sutheron
1513,3877,3523,530,Eco-Dome Midrealm
1514,3878,3523,530,Ethereum Staging Grounds
1515,3879,3523,530,Chapel Yard
1516,3880,3523,530,Access Shaft Zeon
1517,3881,3523,530,Trelleum Mine
1518,3882,3523,530,Invasion Point: Destroyer
1519,3883,3523,530,Camp of Boom
1520,3884,3483,530,Spinebreaker Pass
1521,3885,3519,530,Netherweb Ridge
1522,3886,3519,530,Derelict Caravan
1523,3887,3519,530,Refugee Caravan
1524,3888,3519,530,Shadow Tomb
1525,3889,3519,530,Veil Rhaze
1526,3890,3519,530,Tomb of Lights
1527,3891,3519,530,Carrion Hill
1528,3892,3519,530,Writhing Mound
1529,3893,3519,530,Ring of Observance
1530,3894,3519,530,Auchenai Grounds
1531,3895,3521,530,Cenarion Watchpost
1532,3896,3703,530,Aldor Rise
1533,3897,3703,530,Terrace of Light
1534,3898,3703,530,Scryer's Tier
1535,3899,3703,530,Lower City
1536,3900,3523,530,Invasion Point: Overlord
1537,3901,3519,530,Allerian Post
1538,3902,3519,530,Stonebreaker Camp
1539,3903,3522,530,Boulder'mok
1540,3904,3522,530,Cursed Hollow
1541,3905,3521,530,Coilfang Reservoir
1542,3906,3525,530,The Bloodwash
1543,3907,3525,530,Veridian Point
1544,3908,3525,530,Middenvale
1545,3909,3525,530,The Lost Fold
1546,3910,3525,530,Mystwood
1547,3911,3430,530,Tranquil Shore
1548,3912,3430,530,Goldenbough Pass
1549,3913,3430,530,Runestone Falithas
1550,3914,3430,530,Runestone Shan'dor
1551,3915,3524,530,Fairbridge Strand
1552,3916,3524,530,Moongraze Woods
1553,3917,3917,530,Auchindoun
1554,3918,3522,530,Toshley's Station
1555,3919,3522,530,Singing Ridge
1556,3920,3483,530,Shatter Point
1557,3921,3523,530,Arklonis Ridge
1558,3922,3522,530,Bladespire Outpost
1559,3923,3923,565,Gruul's Lair
1560,3924,3522,530,Northmaul Tower
1561,3925,3522,530,Southmaul Tower
1562,3926,3520,530,Shattered Plains
1563,3927,3520,530,Oronok's Farm
1564,3928,3520,530,The Altar of Damnation
1565,3929,3520,530,The Path of Conquest
1566,3930,3520,530,Eclipsion Fields
1567,3931,3522,530,Bladespire Grounds
1568,3932,3520,530,Sketh'lon Base Camp
1569,3933,3520,530,Sketh'lon Wreckage
1570,3934,3523,530,Town Square
1571,3935,3523,530,Wizard Row
1572,3936,3520,530,Deathforge Tower
1573,3937,3520,530,Slag Watch
1574,3938,3520,530,Sanctum of the Stars
1575,3939,3520,530,Dragonmaw Fortress
1576,3940,3520,530,The Fetid Pool
1577,3941,3520,530,Test
1578,3942,3522,530,Razaan's Landing
1579,3943,3520,530,Invasion Point: Cataclysm
1580,3944,3520,530,The Altar of Shadows
1581,3945,3520,530,Netherwing Pass
1582,3946,3519,530,Wayne's Refuge
1583,3947,3520,530,The Scalding Pools
1584,3948,3948,451,Brian and Pat Test
1585,3949,3520,530,Magma Fields
1586,3950,3520,530,Crimson Watch
1587,3951,3522,530,Evergrove
1588,3952,3522,530,Wyrmskull Bridge
1589,3953,3522,530,Scalewing Shelf
1590,3954,3522,530,Wyrmskull Tunnel
1591,3955,3483,530,Hellfire Basin
1592,3956,3519,530,The Shadow Stair
1593,3957,3519,530,Sha'tari Outpost
1594,3958,3519,530,Sha'tari Base Camp
1595,3959,3959,564,Black Temple
1596,3960,3522,530,Soulgrinder's Barrow
1597,3961,3519,530,Sorrow Wing Point
1598,3962,3522,530,Vim'gol's Circle
1599,3963,3522,530,Dragonspine Ridge
1600,3964,3522,530,Skyguard Outpost
1601,3965,3520,530,Netherwing Mines
1602,3966,3520,530,Dragonmaw Base Camp
1603,3967,3520,530,Dragonmaw Skyway
1604,3968,3968,572,Ruins of Lordaeron
1605,3969,3522,530,Rivendark's Perch
1606,3970,3522,530,Obsidia's Perch
1607,3971,3522,530,Insidion's Perch
1608,3972,3522,530,Furywing's Perch
1609,3973,3519,530,Blackwind Landing
1610,3974,3519,530,Veil Harr'ik
1611,3975,3519,530,Terokk's Rest
1612,3976,3519,530,Veil Ala'rak
1613,3977,3519,530,Upper Veil Shil'ak
1614,3978,3519,530,Lower Veil Shil'ak
1615,3979,3979,571,The Frozen Sea
1616,3980,495,571,Daggercap Bay
1617,3981,495,571,Valgarde
1618,3982,495,571,Wyrmskull Village
1619,3983,495,571,Utgarde Keep
1620,3984,495,571,Nifflevar
1621,3985,495,571,Falls of Ymiron
1622,3986,495,571,Echo Reach
1623,3987,495,571,The Isle of Spears
1624,3988,495,571,Kamagua
1625,3989,495,571,Garvan's Reef
1626,3990,495,571,Scalawag Point
1627,3991,495,571,New Agamand
1628,3992,495,571,The Ancient Lift
1629,3993,495,571,Westguard Turret
1630,3994,495,571,Halgrind
1631,3995,495,571,The Laughing Stand
1632,3996,495,571,Baelgun's Excavation Site
1633,3997,495,571,Explorers' League Outpost
1634,3998,495,571,Westguard Keep
1635,3999,495,571,Steel Gate
1636,4000,495,571,Vengeance Landing
1637,4001,495,571,Baleheim
1638,4002,495,571,Skorn
1639,4003,495,571,Fort Wildervar
1640,4004,495,571,Vileprey Village
1641,4005,495,571,Ivald's Ruin
1642,4006,495,571,Gjalerbron
1643,4007,495,571,Tomb of the Lost Kings
1644,4008,3522,530,Shartuul's Transporter
1645,4009,3959,564,Illidari Training Grounds
1646,4010,15,1,Mudsprocket
1647,4018,495,571,Camp Winterhoof
1648,4019,4019,451,Development Land
1649,4020,3537,571,Mightstone Quarry
1650,4021,3537,571,Bloodspore Plains
1651,4022,3537,571,Gammoth
1652,4023,3537,571,Amber Ledge
1653,4024,3537,571,Coldarra
1654,4025,3537,571,The Westrift
1655,4026,3537,571,The Transitus Stair
1656,4027,3537,571,Coast of Echoes
1657,4028,3537,571,Riplash Strand
1658,4029,3537,571,Riplash Ruins
1659,4030,3537,571,Coast of Idols
1660,4031,3537,571,Pal'ea
1661,4032,3537,571,Valiance Keep
1662,4033,3537,571,Winterfin Village
1663,4034,3537,571,The Borean Wall
1664,4035,3537,571,The Geyser Fields
1665,4036,3537,571,Fizzcrank Pumping Station
1666,4037,3537,571,Taunka'le Village
1667,4038,3537,571,Magnamoth Caverns
1668,4039,3537,571,Coldrock Quarry
1669,4040,3537,571,Njord's Breath Bay
1670,4041,3537,571,Kaskala
1671,4042,3537,571,Transborea
1672,4043,3537,571,The Flood Plains
1673,4046,15,1,Direhorn Post
1674,4047,15,1,Nat's Landing
1675,4048,495,571,Ember Clutch
1676,4049,15,1,Tabetha's Farm
1677,4050,495,571,Derelict Strand
1678,4051,495,571,The Frozen Glade
1679,4052,495,571,The Vibrant Glade
1680,4053,495,571,The Twisted Glade
1681,4054,495,571,Rivenwood
1682,4055,495,571,Caldemere Lake
1683,4056,495,571,Utgarde Catacombs
1684,4057,495,571,Shield Hill
1685,4058,495,571,Lake Cauldros
1686,4059,495,571,Cauldros Isle
1687,4060,495,571,Bleeding Vale
1688,4061,495,571,Giants' Run
1689,4062,495,571,Apothecary Camp
1690,4063,495,571,Ember Spear Tower
1691,4064,495,571,Shattered Straits
1692,4065,495,571,Gjalerhorn
1693,4066,495,571,Frostblade Peak
1694,4067,139,0,Plaguewood Tower
1695,4068,495,571,West Spear Tower
1696,4069,495,571,North Spear Tower
1697,4070,495,571,Chillmere Coast
1698,4071,495,571,Whisper Gulch
1699,4072,151,451,Sub zone
1700,4073,495,571,Winter's Terrace
1701,4074,495,571,The Waking Halls
1702,4075,4075,580,Sunwell Plateau
1703,4076,4076,598,Reuse Me 7
1704,4077,495,571,Sorlof's Strand
1705,4078,3519,530,Razorthorn Rise
1706,4079,495,571,Frostblade Pass
1707,4080,4080,530,Isle of Quel'Danas
1708,4081,4080,530,The Dawnchaser
1709,4082,4080,530,The Sin'loren
1710,4083,4080,530,Silvermoon's Pride
1711,4084,4080,530,The Bloodoath
1712,4085,4080,530,Shattered Sun Staging Area
1713,4086,4080,530,Sun's Reach Sanctum
1714,4087,4080,530,Sun's Reach Harbor
1715,4088,4080,530,Sun's Reach Armory
1716,4089,4080,530,Dawnstar Village
1717,4090,4080,530,The Dawning Square
1718,4091,4080,530,Greengill Coast
1719,4092,4080,530,The Dead Scar
1720,4093,4080,530,The Sun Forge
1721,4094,4080,530,Sunwell Plateau
1722,4095,4080,530,Magisters' Terrace
1723,4096,4019,451,Claytön's WoWEdit Land
1724,4097,3537,571,Winterfin Caverns
1725,4098,3537,571,Glimmer Bay
1726,4099,3537,571,Winterfin Retreat
1727,4100,4100,595,The Culling of Stratholme
1728,4101,3537,571,Sands of Nasam
1729,4102,3537,571,Krom's Landing
1730,4103,3537,571,Nasam's Talon
1731,4104,3537,571,Echo Cove
1732,4105,3537,571,Beryl Point
1733,4106,3537,571,Garrosh's Landing
1734,4107,3537,571,Warsong Jetty
1735,4108,3537,571,Fizzcrank Airstrip
1736,4109,3537,571,Lake Kum'uya
1737,4110,3537,571,Farshire Fields
1738,4111,3537,571,Farshire
1739,4112,3537,571,Farshire Lighthouse
1740,4113,3537,571,Unu'pe
1741,4114,3537,571,Death's Stand
1742,4115,3537,571,The Abandoned Reach
1743,4116,3537,571,Scalding Pools
1744,4117,3537,571,Steam Springs
1745,4118,3537,571,Talramas
1746,4119,3537,571,Festering Pools
1747,4120,3537,571,The Nexus
1748,4121,3537,571,Transitus Shield
1749,4122,3537,571,Bor'gorok Outpost
1750,4123,3537,571,Magmoth
1751,4124,3537,571,The Dens of Dying
1752,4125,3537,571,Temple City of En'kilah
1753,4126,3537,571,The Wailing Ziggurat
1754,4127,3537,571,Steeljaw's Caravan
1755,4128,3537,571,Naxxanar
1756,4129,3537,571,Warsong Hold
1757,4130,3537,571,Plains of Nasam
1758,4131,4131,585,Magisters' Terrace
1759,4132,3537,571,Ruins of Eldra'nath
1760,4133,3537,571,Charred Rise
1761,4134,3537,571,Blistering Pool
1762,4135,3537,571,Spire of Blood
1763,4136,3537,571,Spire of Decay
1764,4137,3537,571,Spire of Pain
1765,4138,3537,571,Frozen Reach
1766,4139,4075,580,Parhelion Plaza
1767,4140,4075,580,The Dead Scar
1768,4141,3537,571,Torp's Farm
1769,4142,3537,571,Warsong Granary
1770,4143,3537,571,Warsong Slaughterhouse
1771,4144,3537,571,Warsong Farms Outpost
1772,4145,3537,571,West Point Station
1773,4146,3537,571,North Point Station
1774,4147,3537,571,Mid Point Station
1775,4148,3537,571,South Point Station
1776,4149,3537,571,D.E.H.T.A. Encampment
1777,4150,3537,571,Kaw's Roost
1778,4151,65,571,Westwind Refugee Camp
1779,4152,65,571,Moa'ki Harbor
1780,4153,65,571,Indu'le Village
1781,4154,65,571,Snowfall Glade
1782,4155,65,571,The Half Shell
1783,4156,65,571,Surge Needle
1784,4157,65,571,Moonrest Gardens
1785,4158,65,571,Stars' Rest
1786,4159,394,571,Westfall Brigade Encampment
1787,4160,65,571,Lothalor Woodlands
1788,4161,65,571,Wyrmrest Temple
1789,4162,65,571,Icemist Falls
1790,4163,65,571,Icemist Village
1791,4164,65,571,The Pit of Narjun
1792,4165,65,571,Agmar's Hammer
1793,4166,65,571,Lake Indu'le
1794,4167,65,571,Obsidian Dragonshrine
1795,4168,65,571,Ruby Dragonshrine
1796,4169,65,571,Fordragon Hold
1797,4170,65,571,Kor'kron Vanguard
1798,4171,65,571,The Court of Skulls
1799,4172,65,571,Angrathar the Wrathgate
1800,4173,65,571,Galakrond's Rest
1801,4174,65,571,The Wicked Coil
1802,4175,65,571,Bronze Dragonshrine
1803,4176,65,571,The Mirror of Dawn
1804,4177,65,571,Wintergarde Keep
1805,4178,65,571,Wintergarde Mine
1806,4179,65,571,Emerald Dragonshrine
1807,4180,65,571,New Hearthglen
1808,4181,65,571,Crusader's Landing
1809,4182,65,571,Sinner's Folly
1810,4183,65,571,Azure Dragonshrine
1811,4184,65,571,Path of the Titans
1812,4185,65,571,The Forgotten Shore
1813,4186,65,571,Venomspite
1814,4187,65,571,The Crystal Vice
1815,4188,65,571,The Carrion Fields
1816,4189,65,571,Onslaught Base Camp
1817,4190,65,571,Thorson's Post
1818,4191,65,571,Light's Trust
1819,4192,65,571,Frostmourne Cavern
1820,4193,65,571,Scarlet Point
1821,4194,65,571,Jintha'kalar
1822,4195,65,571,Ice Heart Cavern
1823,4196,4196,600,Drak'Tharon Keep
1824,4197,4197,571,Wintergrasp
1825,4198,65,571,Kili'ua's Atoll
1826,4199,394,571,Silverbrook
1827,4200,394,571,Vordrassil's Heart
1828,4201,4201,571,Vordrassil's Tears
1829,4202,394,571,Vordrassil's Tears
1830,4203,394,571,Vordrassil's Limb
1831,4204,394,571,Amberpine Lodge
1832,4205,394,571,Solstice Village
1833,4206,394,571,Conquest Hold
1834,4207,394,571,Voldrune
1835,4208,394,571,Granite Springs
1836,4209,394,571,Zeb'Halak
1837,4210,394,571,Drak'Tharon Keep
1838,4211,394,571,Camp Oneqwah
1839,4212,394,571,Eastwind Shore
1840,4213,394,571,The Broken Bluffs
1841,4214,394,571,Boulder Hills
1842,4215,394,571,Rage Fang Shrine
1843,4216,394,571,Drakil'jin Ruins
1844,4217,394,571,Blackriver Logging Camp
1845,4218,394,571,Heart's Blood Shrine
1846,4219,394,571,Hollowstone Mine
1847,4220,394,571,Dun Argol
1848,4221,394,571,Thor Modan
1849,4222,394,571,Blue Sky Logging Grounds
1850,4223,65,571,Maw of Neltharion
1851,4224,65,571,The Briny Pinnacle
1852,4225,65,571,Glittering Strand
1853,4226,495,571,Iskaal
1854,4227,65,571,Dragon's Fall
1855,4228,4228,578,The Oculus
1856,4229,394,571,Prospector's Point
1857,4230,65,571,Coldwind Heights
1858,4231,394,571,Redwood Trading Post
1859,4232,65,571,Vengeance Pass
1860,4233,65,571,Dawn's Reach
1861,4234,65,571,Naxxramas
1862,4235,394,571,Heartwood Trading Post
1863,4236,394,571,Evergreen Trading Post
1864,4237,394,571,Spruce Point Post
1865,4238,394,571,White Pine Trading Post
1866,4239,394,571,Aspen Grove Post
1867,4240,394,571,Forest's Edge Post
1868,4241,65,571,Eldritch Heights
1869,4242,394,571,Venture Bay
1870,4243,65,571,Wintergarde Crypt
1871,4244,394,571,Bloodmoon Isle
1872,4245,394,571,Shadowfang Tower
1873,4246,65,571,Wintergarde Mausoleum
1874,4247,394,571,Duskhowl Den
1875,4248,394,571,The Conquest Pit
1876,4249,394,571,The Path of Iron
1877,4250,394,571,Ruins of Tethys
1878,4251,394,571,Silverbrook Hills
1879,4252,495,571,The Broken Bluffs
1880,4253,65,571,7th Legion Front
1881,4254,65,571,The Dragon Wastes
1882,4255,394,571,Ruins of Drak'Zin
1883,4256,65,571,Drak'Mar Lake
1884,4257,65,571,Dragonspine Tributary
1885,4258,4258,571,The North Sea
1886,4259,394,571,Drak'ural
1887,4260,495,571,Thorvald's Camp
1888,4261,495,571,Ghostblade Post
1889,4262,394,571,Ashwood Post
1890,4263,495,571,Lydell's Ambush
1891,4264,4264,599,Halls of Stone
1892,4265,4265,576,The Nexus
1893,4266,394,571,Harkor's Camp
1894,4267,394,571,Vordrassil Pass
1895,4268,394,571,Ruuna's Camp
1896,4269,3537,571,Shrine of Scales
1897,4270,394,571,Drak'atal Passage
1898,4271,495,571,Utgarde Pinnacle
1899,4272,4272,602,Halls of Lightning
1900,4273,4273,603,Ulduar
1901,4275,66,571,The Argent Stand
1902,4276,66,571,Altar of Sseratus
1903,4277,4277,601,Azjol-Nerub
1904,4278,66,571,Drak'Sotra Fields
1905,4279,66,571,Drak'Sotra
1906,4280,66,571,Drak'Agal
1907,4281,139,0,Acherus: The Ebon Hold
1908,4282,3711,571,The Avalanche
1909,4283,3711,571,The Lost Lands
1910,4284,3711,571,Nesingwary Base Camp
1911,4285,3711,571,The Seabreach Flow
1912,4286,3711,571,The Bones of Nozronn
1913,4287,3711,571,Kartak's Hold
1914,4288,3711,571,Sparktouched Haven
1915,4289,3711,571,The Path of the Lifewarden
1916,4290,3711,571,River's Heart
1917,4291,3711,571,Rainspeaker Canopy
1918,4292,3711,571,Frenzyheart Hill
1919,4293,3711,571,Wildgrowth Mangal
1920,4294,66,571,Heb'Valok
1921,4295,3711,571,The Sundered Shard
1922,4296,3711,571,The Lifeblood Pillar
1923,4297,3711,571,Mosswalker Village
1924,4298,4298,609,Plaguelands: The Scarlet Enclave
1925,4299,66,571,Kolramas
1926,4300,3711,571,Waygate
1927,4302,3711,571,The Skyreach Pillar
1928,4303,3711,571,Hardknuckle Clearing
1929,4304,3711,571,Sapphire Hive
1930,4306,3711,571,Mistwhisper Refuge
1931,4307,3711,571,The Glimmering Pillar
1932,4308,3711,571,Spearborn Encampment
1933,4309,66,571,Drak'Tharon Keep
1934,4310,66,571,Zeramas
1935,4311,66,571,Reliquary of Agony
1936,4312,66,571,Ebon Watch
1937,4313,66,571,Thrym's End
1938,4314,66,571,Voltarus
1939,4315,66,571,Reliquary of Pain
1940,4316,66,571,Rageclaw Den
1941,4317,66,571,Light's Breach
1942,4318,66,571,Pools of Zha'Jin
1943,4319,66,571,Zim'Abwa
1944,4320,66,571,Amphitheater of Anguish
1945,4321,66,571,Altar of Rhunok
1946,4322,66,571,Altar of Har'koa
1947,4323,66,571,Zim'Torga
1948,4324,66,571,Pools of Jin'Alai
1949,4325,66,571,Altar of Quetz'lun
1950,4326,66,571,Heb'Drakkar
1951,4327,66,571,Drak'Mabwa
1952,4328,66,571,Zim'Rhuk
1953,4329,66,571,Altar of Mam'toth
1954,4342,4298,609,Acherus: The Ebon Hold
1955,4343,4298,609,New Avalon
1956,4344,4298,609,New Avalon Fields
1957,4345,4298,609,New Avalon Orchard
1958,4346,4298,609,New Avalon Town Hall
1959,4347,4298,609,Havenshire
1960,4348,4298,609,Havenshire Farms
1961,4349,4298,609,Havenshire Lumber Mill
1962,4350,4298,609,Havenshire Stables
1963,4351,4298,609,Scarlet Hold
1964,4352,4298,609,Chapel of the Crimson Flame
1965,4353,4298,609,Light's Point Tower
1966,4354,4298,609,Light's Point
1967,4355,4298,609,Crypt of Remembrance
1968,4356,4298,609,Death's Breach
1969,4357,4298,609,The Noxious Glade
1970,4358,4298,609,Tyr's Hand
1971,4359,4298,609,King's Harbor
1972,4360,4298,609,Scarlet Overlook
1973,4361,4298,609,Light's Hope Chapel
1974,4362,4298,609,Sinner's Folly
1975,4363,4298,609,Pestilent Scar
1976,4364,4298,609,Browman Mill
1977,4365,4298,609,Havenshire Mine
1978,4366,394,571,Ursoc's Den
1979,4367,3711,571,The Blight Line
1980,4368,3711,571,The Bonefields
1981,4369,3711,571,Dorian's Outpost
1982,4371,66,571,Mam'toth Crater
1983,4372,66,571,Zol'Maz Stronghold
1984,4373,66,571,Zol'Heb
1985,4374,66,571,Rageclaw Lake
1986,4375,66,571,Gundrak
1987,4376,3711,571,The Savage Thicket
1988,4377,4298,609,New Avalon Forge
1989,4378,4378,617,Dalaran Arena
1990,4379,495,571,Valgarde
1991,4380,495,571,Westguard Inn
1992,4381,490,1,Waygate
1993,4382,490,1,The Shaper's Terrace
1994,4383,3711,571,Lakeside Landing
1995,4384,4384,607,Strand of the Ancients
1996,4385,3711,571,Bittertide Lake
1997,4386,3711,571,Rainspeaker Rapids
1998,4387,3711,571,Frenzyheart River
1999,4388,3711,571,Wintergrasp River
2000,4389,3711,571,The Suntouched Pillar
2001,4390,66,571,Frigid Breach
2002,4391,3711,571,Swindlegrin's Dig
2003,4392,3711,571,The Stormwright's Shelf
2004,4393,3711,571,Death's Hand Encampment
2005,4394,4298,609,Scarlet Tavern
2006,4395,4395,571,Dalaran
2007,4396,65,571,Nozzlerust Post
2008,4399,3537,571,Farshire Mine
2009,4400,3711,571,The Mosslight Pillar
2010,4401,3537,571,Saragosa's Landing
2011,4402,495,571,Vengeance Lift
2012,4403,495,571,Balejar Watch
2013,4404,495,571,New Agamand Inn
2014,4405,4277,601,Passage of Lost Fiends
2015,4406,4406,618,The Ring of Valor
2016,4407,2597,30,Hall of the Frostwolf
2017,4408,2597,30,Hall of the Stormpike
2018,4411,1519,0,Stormwind Harbor
2019,4412,3711,571,The Makers' Overlook
2020,4413,3711,571,The Makers' Perch
2021,4414,65,571,Scarlet Tower
2022,4415,4415,608,The Violet Hold
2023,4416,4416,604,Gundrak
2024,4417,210,571,Onslaught Harbor
2025,4418,67,571,K3
2026,4419,67,571,Snowblind Hills
2027,4420,67,571,Snowblind Terrace
2028,4421,67,571,Garm
2029,4422,67,571,Brunnhildar Village
2030,4423,67,571,Sifreldar Village
2031,4424,67,571,Valkyrion
2032,4425,67,571,The Forlorn Mine
2033,4426,67,571,Bor's Breath River
2034,4427,67,571,Argent Vanguard
2035,4428,67,571,Frosthold
2036,4429,67,571,Grom'arsh Crash-Site
2037,4430,67,571,Temple of Storms
2038,4431,67,571,Engine of the Makers
2039,4432,67,571,The Foot Steppes
2040,4433,67,571,Dragonspine Peaks
2041,4434,67,571,Nidavelir
2042,4435,67,571,Narvir's Cradle
2043,4436,67,571,Snowdrift Plains
2044,4437,67,571,Valley of Ancient Winters
2045,4438,67,571,Dun Niffelem
2046,4439,67,571,Frostfield Lake
2047,4440,67,571,Thunderfall
2048,4441,67,571,Camp Tunka'lo
2049,4442,67,571,Brann's Base-Camp
2050,4443,67,571,Gate of Echoes
2051,4444,67,571,Plain of Echoes
2052,4445,67,571,Ulduar
2053,4446,67,571,Terrace of the Makers
2054,4447,67,571,Gate of Lightning
2055,4448,67,571,Path of the Titans
2056,4449,67,571,Uldis
2057,4450,67,571,Loken's Bargain
2058,4451,67,571,Bor's Fall
2059,4452,67,571,Bor's Breath
2060,4453,67,571,Rohemdal Pass
2061,4454,67,571,The Storm Foundry
2062,4455,67,571,Hibernal Cavern
2063,4456,394,571,Voldrune Dwelling
2064,4457,67,571,Torseg's Rest
2065,4458,67,571,Sparksocket Minefield
2066,4459,67,571,Ricket's Folly
2067,4460,67,571,Garm's Bane
2068,4461,67,571,Garm's Rise
2069,4462,67,571,Crystalweb Cavern
2070,4463,67,571,Temple of Life
2071,4464,67,571,Temple of Order
2072,4465,67,571,Temple of Winter
2073,4466,67,571,Temple of Invention
2074,4467,210,571,Death's Rise
2075,4468,66,571,The Dead Fields
2076,4469,66,571,Dargath's Demise
2077,4470,210,571,The Hidden Hollow
2078,4471,4019,451,Bernau's Happy Fun Land
2079,4472,67,571,Frostgrip's Hollow
2080,4473,67,571,The Frigid Tomb
2081,4474,495,571,Twin Shores
2082,4475,394,571,Zim'bo's Hideout
2083,4476,67,571,Abandoned Camp
2084,4477,210,571,The Shadow Vault
2085,4478,65,571,Coldwind Pass
2086,4479,495,571,Winter's Breath Lake
2087,4480,394,571,The Forgotten Overlook
2088,4481,66,571,Jintha'kalar Passage
2089,4482,394,571,Arriga Footbridge
2090,4483,3711,571,The Lost Passage
2091,4484,67,571,Bouldercrag's Refuge
2092,4485,67,571,The Inventor's Library
2093,4486,67,571,The Frozen Mine
2094,4487,67,571,Frostfloe Deep
2095,4488,67,571,The Howling Hollow
2096,4489,66,571,Crusader Forward Camp
2097,4490,67,571,Stormcrest
2098,4491,394,571,Bonesnap's Camp
2099,4492,210,571,Ufrang's Hall
2100,4493,4493,615,The Obsidian Sanctum
2101,4494,4494,619,Ahn'kahet: The Old Kingdom
2102,4495,67,571,Fjorn's Anvil
2103,4496,210,571,Jotunheim
2104,4497,210,571,Savage Ledge
2105,4498,210,571,Halls of the Ancestors
2106,4499,67,571,The Blighted Pool
2107,4500,4500,616,The Eye of Eternity
2108,4501,210,571,The Argent Vanguard
2109,4502,67,571,Mimir's Workshop
2110,4503,210,571,Ironwall Dam
2111,4504,210,571,Valley of Echoes
2112,4505,210,571,The Breach
2113,4506,210,571,Scourgeholme
2114,4507,210,571,The Broken Front
2115,4508,210,571,Mord'rethar: The Death Gate
2116,4509,210,571,The Bombardment
2117,4510,210,571,Aldur'thar: The Desolation Gate
2118,4511,210,571,The Skybreaker
2119,4512,210,571,Orgrim's Hammer
2120,4513,210,571,Ymirheim
2121,4514,210,571,Saronite Mines
2122,4515,210,571,The Conflagration
2123,4516,210,571,Ironwall Rampart
2124,4517,210,571,Weeping Quarry
2125,4518,210,571,Corp'rethar: The Horror Gate
2126,4519,210,571,The Court of Bones
2127,4520,210,571,Malykriss: The Vile Hold
2128,4521,210,571,Cathedral of Darkness
2129,4522,210,571,Icecrown Citadel
2130,4523,210,571,Icecrown Glacier
2131,4524,210,571,Valhalas
2132,4525,210,571,The Underhalls
2133,4526,210,571,Njorndar Village
2134,4527,210,571,Balargarde Fortress
2135,4528,210,571,Kul'galar Keep
2136,4529,210,571,The Crimson Cathedral
2137,4530,210,571,Sanctum of Reanimation
2138,4531,210,571,The Fleshwerks
2139,4532,495,571,Vengeance Landing Inn
2140,4533,210,571,Sindragosa's Fall
2141,4534,495,571,Wildervar Mine
2142,4535,67,571,The Pit of the Fang
2143,4536,67,571,Frosthowl Cavern
2144,4537,210,571,The Valley of Lost Hope
2145,4538,4197,571,The Sunken Ring
2146,4539,4197,571,The Broken Temple
2147,4540,210,571,The Valley of Fallen Heroes
2148,4541,210,571,Vanguard Infirmary
2149,4542,67,571,Hall of the Shaper
2150,4543,67,571,Temple of Wisdom
2151,4544,139,0,Death's Breach
2152,4545,139,0,Abandoned Mine
2153,4546,139,0,Ruins of the Scarlet Enclave
2154,4547,67,571,Halls of Stone
2155,4548,67,571,Halls of Lightning
2156,4549,2817,571,The Great Tree
2157,4550,2817,571,The Mirror of Twilight
2158,4551,2817,571,The Twilight Rivulet
2159,4552,2817,571,The Decrepit Flow
2160,4553,2817,571,Forlorn Woods
2161,4554,2817,571,Ruins of Shandaral
2162,4555,2817,571,The Azure Front
2163,4556,2817,571,Violet Stand
2164,4557,2817,571,The Unbound Thicket
2165,4558,2817,571,Sunreaver's Command
2166,4559,2817,571,Windrunner's Overlook
2167,4560,4395,571,The Underbelly
2168,4564,4395,571,Krasus' Landing
2169,4567,4395,571,The Violet Hold
2170,4568,4395,571,The Eventide
2171,4569,4395,571,Sewer Exit Pipe
2172,4570,4395,571,Circle of Wills
2173,4571,3277,489,Silverwing Flag Room
2174,4572,3277,489,Warsong Flag Room
2175,4575,4197,571,Wintergrasp Fortress
2176,4576,4197,571,Central Bridge
2177,4577,4197,571,Eastern Bridge
2178,4578,4197,571,Western Bridge
2179,4579,66,571,Dubra'Jin
2180,4580,210,571,Crusaders' Pinnacle
2181,4581,4197,571,Flamewatch Tower
2182,4582,4197,571,Winter's Edge Tower
2183,4583,4197,571,Shadowsight Tower
2184,4584,4197,571,The Cauldron of Flames
2185,4585,4197,571,Glacial Falls
2186,4586,4197,571,Windy Bluffs
2187,4587,4197,571,The Forest of Shadows
2188,4588,210,571,Blackwatch
2189,4589,4197,571,The Chilled Quagmire
2190,4590,4197,571,The Steppe of Life
2191,4591,210,571,Silent Vigil
2192,4592,67,571,Gimorak's Den
2193,4593,210,571,The Pit of Fiends
2194,4594,210,571,Battlescar Spire
2195,4595,210,571,Hall of Horrors
2196,4596,210,571,The Circle of Suffering
2197,4597,210,571,Rise of Suffering
2198,4598,4395,571,Krasus' Landing
2199,4599,4395,571,Sewer Exit Pipe
2200,4601,4395,571,Dalaran Island
2201,4602,4602,571,Force Interior
2202,4603,4603,624,Vault of Archavon
2203,4604,4384,607,Gate of the Red Sun
2204,4605,4384,607,Gate of the Blue Sapphire
2205,4606,4384,607,Gate of the Green Emerald
2206,4607,4384,607,Gate of the Purple Amethyst
2207,4608,4384,607,Gate of the Yellow Moon
2208,4609,4384,607,Courtyard of the Ancients
2209,4610,4384,607,Landing Beach
2210,4611,4197,571,Westspark Workshop
2211,4612,4197,571,Eastspark Workshop
2212,4613,4395,571,Dalaran City
2213,4614,4395,571,The Violet Citadel Spire
2214,4615,210,571,Naz'anak: The Forgotten Depths
2215,4616,4395,571,Sunreaver's Sanctuary
2216,4617,1497,0,Elevator
2217,4618,4395,571,Antonidas Memorial
2218,4619,4395,571,The Violet Citadel
2219,4620,4395,571,Magus Commerce Exchange
2220,4621,67,571,UNUSED
2221,4622,210,571,First Legion Forward Camp
2222,4623,4494,619,Hall of the Conquered Kings
2223,4624,4494,619,Befouled Terrace
2224,4625,4494,619,The Desecrated Altar
2225,4626,4494,619,Shimmering Bog
2226,4627,4494,619,Fallen Temple of Ahn'kahet
2227,4628,1583,229,Halls of Binding
2228,4629,67,571,Winter's Heart
2229,4630,4630,571,The North Sea
2230,4631,67,571,The Broodmother's Nest
2231,4632,4395,571,Dalaran Floating Rocks
2232,4633,4196,600,Raptor Pens
2233,4635,66,571,Drak'Tharon Keep
2234,4636,4298,609,The Noxious Pass
2235,4637,4395,571,Vargoth's Retreat
2236,4638,4395,571,Violet Citadel Balcony
2237,4639,3537,571,Band of Variance
2238,4640,3537,571,Band of Acceleration
2239,4641,3537,571,Band of Transmutation
2240,4642,3537,571,Band of Alignment
2241,4646,394,571,Ashwood Lake
2242,4650,4273,603,Iron Concourse
2243,4652,4273,603,Formation Grounds
2244,4653,4273,603,Razorscale's Aerie
2245,4654,4273,603,The Colossal Forge
2246,4655,4273,603,The Scrapyard
2247,4656,4273,603,The Conservatory of Life
2248,4657,4273,603,The Archivum
2249,4658,210,571,Argent Tournament Grounds
2250,4665,4273,603,Expedition Base Camp
2251,4666,210,571,Sunreaver Pavilion
2252,4667,210,571,Silver Covenant Pavilion
2253,4668,40,0,The Cooper Residence
2254,4669,210,571,The Ring of Champions
2255,4670,210,571,The Aspirants' Ring
2256,4671,210,571,The Argent Valiants' Ring
2257,4672,210,571,The Alliance Valiants' Ring
2258,4673,210,571,The Horde Valiants' Ring
2259,4674,210,571,Argent Pavilion
2260,4676,210,571,Sunreaver Pavilion
2261,4677,210,571,Silver Covenant Pavilion
2262,4679,1537,0,The Forlorn Cavern
2263,4688,151,451,claytonio test area
2264,4692,210,571,Quel'Delar's Rest
2265,4710,4710,628,Isle of Conquest
2266,4722,4722,649,Trial of the Crusader
2267,4723,4723,650,Trial of the Champion
2268,4739,4395,571,Runeweaver Square
2269,4740,4395,571,The Silver Enclave
2270,4741,4710,628,Isle of Conquest No Man's Land
2271,4742,4742,571,Hrothgar's Landing
2272,4743,210,571,Deathspeaker's Watch
2273,4747,4710,628,Workshop
2274,4748,4710,628,Quarry
2275,4749,4710,628,Docks
2276,4750,4710,628,Hangar
2277,4751,4710,628,Refinery
2278,4752,4710,628,Horde Keep
2279,4753,4710,628,Alliance Keep
2280,4760,4742,571,The Sea Reaver's Run
2281,4763,4763,641,Transport: Alliance Gunship
2282,4764,4764,642,Transport: Horde Gunship
2283,4769,4742,571,Hrothgar's Landing
2284,4809,4809,632,The Forge of Souls
2285,4812,4812,631,Icecrown Citadel
2286,4813,4813,658,Pit of Saron
2287,4820,4820,668,Halls of Reflection
2288,4832,4832,672,Transport: Alliance Gunship (IGB)
2289,4833,4833,673,Transport: Horde Gunship (IGB)
2290,4859,4812,631,The Frozen Throne
2291,4862,210,571,The Frozen Halls
2292,4889,4812,631,The Frost Queen's Lair
2293,4890,4812,631,Putricide's Laboratory of Alchemical Horrors and Fun
2294,4891,4812,631,The Sanctum of Blood
2295,4892,4812,631,The Crimson Hall
2296,4893,4893,631,The Frost Queen's Lair
2297,4894,4894,631,Putricide's Laboratory of Alchemical Horrors and Fun
2298,4895,4895,631,The Crimson Hall
2299,4896,4896,631,The Frozen Throne
2300,4897,4897,631,The Sanctum of Blood
2301,4898,4896,631,Frostmourne
2302,4904,4813,658,The Dark Approach
2303,4905,4813,658,Scourgelord's Command
2304,4906,4820,668,The Shadow Throne
2305,4908,4820,668,The Hidden Passage
2306,4910,4812,631,Frostmourne
2307,4987,4987,724,The Ruby Sanctum
