﻿src_row_id,src_areaNumber,src_parentNumber,src_name,src_mapId,src_chain,pivot_mapId,pivot_chain,lk_mapId,lk_chain,chosen_tgt_id,matched_depth,method
6,327684,327680,Aldrassil,1,teldrassil/aldrassil,1,teldrassil/aldrassil,1,teldrassil/aldrassil,256,2,pivot_060
7,327685,327680,Shadowthread Cave,1,teldrassil/shadowthreadcave,1,teldrassil/shadowthreadcave,1,teldrassil/shadowthreadcave,257,2,pivot_060
8,327686,327680,Fel Rock,1,teldrassil/felrock,1,teldrassil/felrock,1,teldrassil/felrock,258,2,pivot_060
9,327687,327680,Lake Al'Ameth,1,teldrassil/lakealameth,1,teldrassil/lakealameth,1,teldrassil/lakealameth,259,2,pivot_060
10,327688,327680,Starbreeze Village,1,teldrassil/starbreezevillage,1,teldrassil/starbreezevillage,1,teldrassil/starbreezevillage,260,2,pivot_060
11,327689,327680,Gnarlpine Hold,1,teldrassil/gnarlpinehold,1,teldrassil/gnarlpinehold,1,teldrassil/gnarlpinehold,261,2,pivot_060
12,327690,327680,Ban'ethil Barrow Den,1,teldrassil/banethilbarrowden,1,teldrassil/banethilbarrowden,1,teldrassil/banethilbarrowden,262,2,pivot_060
13,327691,327680,The Cleft,1,teldrassil/cleft,1,teldrassil/cleft,1,teldrassil/cleft,263,2,pivot_060
14,327692,327680,The Oracle Glade,1,teldrassil/oracleglade,1,teldrassil/oracleglade,1,teldrassil/oracleglade,264,2,pivot_060
15,327693,327680,The Wellspring River,1,teldrassil/wellspringriver,1,teldrassil/wellspringriver,1,teldrassil/wellspringriver,265,2,pivot_060
16,327694,327680,Wellspring Lake,1,teldrassil/wellspringlake,1,teldrassil/wellspringlake,1,teldrassil/wellspringlake,266,2,pivot_060
61,524288,524288,Ashenvale,1,ashenvale,1,ashenvale,1,ashenvale,331,1,pivot_060
62,589824,589824,The Great Sea,1,greatsea,1,greatsea,1,greatsea,332,1,pivot_060
83,655360,655360,Feralas,1,feralas,1,feralas,1,feralas,357,1,pivot_060
84,458759,458752,Brambleblade Ravine,1,mulgore/bramblebladeravine,1,mulgore/bramblebladeravine,1,mulgore/bramblebladeravine,358,2,pivot_060
85,65537,65536,Bael Modan,1,barrens/baelmodan,1,barrens/baelmodan,1,barrens/baelmodan,359,2,pivot_060
86,458760,458752,The Venture Co. Mine,1,mulgore/venturecomine,1,mulgore/venturecomine,1,mulgore/venturecomine,360,2,pivot_060
87,720896,720896,Felwood,1,felwood,1,felwood,1,felwood,361,1,pivot_060
88,131073,131072,Razor Hill,1,durotar/razorhill,1,durotar/razorhill,1,durotar/razorhill,362,2,pivot_060
89,131074,131072,Valley of Trials,1,durotar/valleyoftrials,1,durotar/valleyoftrials,1,durotar/valleyoftrials,363,2,pivot_060
90,131075,131072,The Den,1,durotar/den,1,durotar/den,1,durotar/den,364,2,pivot_060
91,131076,131072,Burning Blade Coven,1,durotar/burningbladecoven,1,durotar/burningbladecoven,1,durotar/burningbladecoven,365,2,pivot_060
92,131077,131072,Kolkar Crag,1,durotar/kolkarcrag,1,durotar/kolkarcrag,1,durotar/kolkarcrag,366,2,pivot_060
93,131078,131072,Sen'jin Village,1,durotar/senjinvillage,1,durotar/senjinvillage,1,durotar/senjinvillage,367,2,pivot_060
94,131079,131072,Echo Isles,1,durotar/echoisles,1,durotar/echoisles,1,durotar/echoisles,368,2,pivot_060
95,131080,131072,Thunder Ridge,1,durotar/thunderridge,1,durotar/thunderridge,1,durotar/thunderridge,369,2,pivot_060
96,131081,131072,Drygulch Ravine,1,durotar/drygulchravine,1,durotar/drygulchravine,1,durotar/drygulchravine,370,2,pivot_060
97,131083,131072,Tiragarde Keep,1,durotar/tiragardekeep,1,durotar/tiragardekeep,1,durotar/tiragardekeep,372,2,pivot_060
98,131084,131072,Scuttle Coast,1,durotar/scuttlecoast,1,durotar/scuttlecoast,1,durotar/scuttlecoast,373,2,pivot_060
99,131085,131072,Bladefist Bay,1,durotar/bladefistbay,1,durotar/bladefistbay,1,durotar/bladefistbay,374,2,pivot_060
100,131086,131072,Deadeye Shore,1,durotar/deadeyeshore,1,durotar/deadeyeshore,1,durotar/deadeyeshore,375,2,pivot_060
101,786432,786432,Southfury River,1,southfuryriver,1,southfuryriver,1,southfuryriver,377,1,pivot_060
102,65538,65536,Camp Taurajo,1,barrens/camptaurajo,1,barrens/camptaurajo,1,barrens/camptaurajo,378,2,pivot_060
103,65539,65536,Far Watch Post,1,barrens/farwatchpost,1,barrens/farwatchpost,1,barrens/farwatchpost,379,2,pivot_060
104,65540,65536,The Crossroads,1,barrens/crossroads,1,barrens/crossroads,1,barrens/crossroads,380,2,pivot_060
105,65541,65536,Boulder Load Mine,1,barrens/boulderloadmine,1,barrens/boulderloadmine,1,barrens/boulderloadmine,17,1,pivot_060_zone_only
106,65543,65536,The Dry Hills,1,barrens/dryhills,1,barrens/dryhills,1,barrens/dryhills,383,2,pivot_060
107,65544,65536,Dreadmist Peak,1,barrens/dreadmistpeak,1,barrens/dreadmistpeak,1,barrens/dreadmistpeak,384,2,pivot_060
108,65545,65536,Northwatch Hold,1,barrens/northwatchhold,1,barrens/northwatchhold,1,barrens/northwatchhold,385,2,pivot_060
109,65546,65536,The Forgotten Pools,1,barrens/forgottenpools,1,barrens/forgottenpools,1,barrens/forgottenpools,386,2,pivot_060
110,65548,65536,The Stagnant Oasis,1,barrens/stagnantoasis,1,barrens/stagnantoasis,1,barrens/stagnantoasis,388,2,pivot_060
111,65550,65536,Field of Giants,1,barrens/fieldofgiants,1,barrens/fieldofgiants,1,barrens/fieldofgiants,390,2,pivot_060
112,65551,65536,The Merchant Coast,1,barrens/merchantcoast,1,barrens/merchantcoast,1,barrens/merchantcoast,391,2,pivot_060
113,65552,65536,Ratchet,1,barrens/ratchet,1,barrens/ratchet,1,barrens/ratchet,392,2,pivot_060
114,131087,131072,Darkspear Strand,1,durotar/darkspearstrand,1,durotar/darkspearstrand,1,durotar/darkspearstrand,393,2,pivot_060
117,458761,458752,Winterhoof Water Well,1,mulgore/winterhoofwaterwell,1,mulgore/winterhoofwaterwell,1,mulgore/winterhoofwaterwell,396,2,pivot_060
118,458762,458752,Thunderhorn Water Well,1,mulgore/thunderhornwaterwell,1,mulgore/thunderhornwaterwell,1,mulgore/thunderhornwaterwell,397,2,pivot_060
127,131072,131072,Durotar,1,durotar,1,durotar,1,durotar,14,1,pivot_060
128,196608,196608,Dustwallow Marsh,1,dustwallowmarsh,1,dustwallowmarsh,1,dustwallowmarsh,15,1,pivot_060
129,262144,262144,Aszhara,1,azshara,1,azshara,1,azshara,16,1,pivot_060
130,65536,65536,The Barrens,1,barrens,1,barrens,1,barrens,17,1,pivot_060
165,0,0,***On Map Dungeon***,1,onmapdungeon,1,onmapdungeon,1,onmapdungeon,-1,0,unmatched
220,327680,327680,Teldrassil,1,teldrassil,1,teldrassil,1,teldrassil,141,1,pivot_060
227,393216,393216,Darkshore,1,darkshore,1,darkshore,1,darkshore,148,1,pivot_060
248,327682,327680,Darnassus,1,teldrassil/darnassus,1,teldrassil/darnassus,1,teldrassil/darnassus,141,1,pivot_060_zone_only
272,458752,458752,Mulgore,1,mulgore,1,mulgore,1,mulgore,215,1,pivot_060
274,458754,458752,Camp Narache,1,mulgore/campnarache,1,mulgore/campnarache,1,mulgore/campnarache,221,2,pivot_060
275,458755,458752,Bloodhoof Village,1,mulgore/bloodhoofvillage,1,mulgore/bloodhoofvillage,1,mulgore/bloodhoofvillage,222,2,pivot_060
276,458756,458752,Stonebull Lake,1,mulgore/stonebulllake,1,mulgore/stonebulllake,1,mulgore/stonebulllake,223,2,pivot_060
277,458757,458752,Ravaged Caravan,1,mulgore/ravagedcaravan,1,mulgore/ravagedcaravan,1,mulgore/ravagedcaravan,224,2,pivot_060
278,458758,458752,Red Rocks,1,mulgore/redrocks,1,mulgore/redrocks,1,mulgore/redrocks,225,2,pivot_060
295,1245185,1245184,Lake Elune'ara,1,moonglade/lakeeluneara,1,moonglade/lakeeluneara,1,moonglade/lakeeluneara,656,2,pivot_060
298,327696,327680,Craftsmen's Terrace,1,teldrassil/craftsmensterrace,1,teldrassil/craftsmensterrace,1,teldrassil/craftsmensterrace,141,1,pivot_060_zone_only
299,327697,327680,Tradesmen's Terrace,1,teldrassil/tradesmensterrace,1,teldrassil/tradesmensterrace,1,teldrassil/tradesmensterrace,141,1,pivot_060_zone_only
300,327698,327680,The Temple Gardens,1,teldrassil/templegardens,1,teldrassil/templegardens,1,teldrassil/templegardens,141,1,pivot_060_zone_only
301,327699,327680,Temple of Elune,1,teldrassil/templeofelune,1,teldrassil/templeofelune,1,teldrassil/templeofelune,141,1,pivot_060_zone_only
302,327700,327680,Cenarion Enclave,1,teldrassil/cenarionenclave,1,teldrassil/cenarionenclave,1,teldrassil/cenarionenclave,141,1,pivot_060_zone_only
303,327701,327680,Warrior's Terrace,1,teldrassil/warriorsterrace,1,teldrassil/warriorsterrace,1,teldrassil/warriorsterrace,141,1,pivot_060_zone_only
304,327702,327680,Rut'theran Village,1,teldrassil/ruttheranvillage,1,teldrassil/ruttheranvillage,1,teldrassil/ruttheranvillage,702,2,pivot_060
306,458763,458752,Wildmane Water Well,1,mulgore/wildmanewaterwell,1,mulgore/wildmanewaterwell,1,mulgore/wildmanewaterwell,398,2,pivot_060
307,851968,851968,Thousand Needles,1,thousandneedles,1,thousandneedles,1,thousandneedles,400,1,pivot_060
308,65553,65536,The Tidus Stair,1,barrens/tidusstair,1,barrens/tidusstair,1,barrens/tidusstair,401,2,pivot_060
309,458765,458752,Bael'Dun Digsite,1,mulgore/baeldundigsite,1,mulgore/baeldundigsite,1,mulgore/baeldundigsite,404,2,pivot_060
310,917504,917504,Desolace,1,desolace,1,desolace,1,desolace,405,1,pivot_060
311,983040,983040,Stonetalon Mountains,1,stonetalonmountains,1,stonetalonmountains,1,stonetalonmountains,406,1,pivot_060
312,131088,131072,Orgrimmar,1,durotar/orgrimmar,1,durotar/orgrimmar,1,durotar/orgrimmar,14,1,pivot_060_zone_only
315,131089,131072,Razorwind Canyon,1,durotar/razorwindcanyon,1,durotar/razorwindcanyon,1,durotar/razorwindcanyon,410,2,pivot_060
316,524289,524288,Bathran's Haunt,1,ashenvale/bathranshaunt,1,ashenvale/bathranshaunt,1,ashenvale/bathranshaunt,411,2,pivot_060
317,524291,524288,Maestra's Post,1,ashenvale/maestraspost,1,ashenvale/maestraspost,1,ashenvale/maestraspost,413,2,pivot_060
318,524292,524288,The Zoram Strand,1,ashenvale/zoramstrand,1,ashenvale/zoramstrand,1,ashenvale/zoramstrand,414,2,pivot_060
319,524293,524288,Astranaar,1,ashenvale/astranaar,1,ashenvale/astranaar,1,ashenvale/astranaar,415,2,pivot_060
320,524294,524288,The Shrine of Aessina,1,ashenvale/shrineofaessina,1,ashenvale/shrineofaessina,1,ashenvale/shrineofaessina,416,2,pivot_060
321,524295,524288,Fire Scar Shrine,1,ashenvale/firescarshrine,1,ashenvale/firescarshrine,1,ashenvale/firescarshrine,417,2,pivot_060
322,524296,524288,The Ruins of Stardust,1,ashenvale/ruinsofstardust,1,ashenvale/ruinsofstardust,1,ashenvale/ruinsofstardust,418,2,pivot_060
323,524297,524288,The Howling Vale,1,ashenvale/howlingvale,1,ashenvale/howlingvale,1,ashenvale/howlingvale,419,2,pivot_060
324,524298,524288,Silverwind Refuge,1,ashenvale/silverwindrefuge,1,ashenvale/silverwindrefuge,1,ashenvale/silverwindrefuge,420,2,pivot_060
325,524299,524288,Mystral Lake,1,ashenvale/mystrallake,1,ashenvale/mystrallake,1,ashenvale/mystrallake,421,2,pivot_060
326,524300,524288,Fallen Sky Lake,1,ashenvale/fallenskylake,1,ashenvale/fallenskylake,1,ashenvale/fallenskylake,422,2,pivot_060
327,524302,524288,Iris Lake,1,ashenvale/irislake,1,ashenvale/irislake,1,ashenvale/irislake,424,2,pivot_060
328,524304,524288,Raynewood Retreat,1,ashenvale/raynewoodretreat,1,ashenvale/raynewoodretreat,1,ashenvale/raynewoodretreat,426,2,pivot_060
329,524305,524288,The Shady Nook,1,ashenvale/shadynook,1,ashenvale/shadynook,1,ashenvale/shadynook,427,2,pivot_060
330,524308,524288,Satyrnaar,1,ashenvale/satyrnaar,1,ashenvale/satyrnaar,1,ashenvale/satyrnaar,430,2,pivot_060
331,524310,524288,The Dor'Danil Barrow Den,1,ashenvale/dordanilbarrowden,1,ashenvale/dordanilbarrowden,1,ashenvale/dordanilbarrowden,432,2,pivot_060
332,524311,524288,Falfarren River,1,ashenvale/falfarrenriver,1,ashenvale/falfarrenriver,1,ashenvale/falfarrenriver,433,2,pivot_060
333,524313,524288,Demon Fall Canyon,1,ashenvale/demonfallcanyon,1,ashenvale/demonfallcanyon,1,ashenvale/demonfallcanyon,435,2,pivot_060
334,524314,524288,Demon Fall Ridge,1,ashenvale/demonfallridge,1,ashenvale/demonfallridge,1,ashenvale/demonfallridge,436,2,pivot_060
335,524316,524288,Bough Shadow,1,ashenvale/boughshadow,1,ashenvale/boughshadow,1,ashenvale/boughshadow,438,2,pivot_060
336,851969,851968,The Shimmering Flats,1,thousandneedles/shimmeringflats,1,thousandneedles/shimmeringflats,1,thousandneedles/shimmeringflats,439,2,pivot_060
337,1048576,1048576,Tanaris,1,tanaris,1,tanaris,1,tanaris,440,1,pivot_060
338,524317,524288,Lake Falathim,1,ashenvale/lakefalathim,1,ashenvale/lakefalathim,1,ashenvale/lakefalathim,441,2,pivot_060
339,393217,393216,Auberdine,1,darkshore/auberdine,1,darkshore/auberdine,1,darkshore/auberdine,442,2,pivot_060
340,393218,393216,Ruins of Mathystra,1,darkshore/ruinsofmathystra,1,darkshore/ruinsofmathystra,1,darkshore/ruinsofmathystra,443,2,pivot_060
341,393219,393216,Tower of Althalaxx,1,darkshore/towerofalthalaxx,1,darkshore/towerofalthalaxx,1,darkshore/towerofalthalaxx,444,2,pivot_060
342,393220,393216,Cliffspring Falls,1,darkshore/cliffspringfalls,1,darkshore/cliffspringfalls,1,darkshore/cliffspringfalls,445,2,pivot_060
343,393221,393216,Bashal'Aran,1,darkshore/bashalaran,1,darkshore/bashalaran,1,darkshore/bashalaran,446,2,pivot_060
344,393222,393216,Ameth'Aran,1,darkshore/ametharan,1,darkshore/ametharan,1,darkshore/ametharan,447,2,pivot_060
345,393223,393216,Grove of the Ancients,1,darkshore/groveoftheancients,1,darkshore/groveoftheancients,1,darkshore/groveoftheancients,448,2,pivot_060
346,393224,393216,The Master's Glaive,1,darkshore/mastersglaive,1,darkshore/mastersglaive,1,darkshore/mastersglaive,449,2,pivot_060
347,393225,393216,Remtravel's Excavation,1,darkshore/remtravelsexcavation,1,darkshore/remtravelsexcavation,1,darkshore/remtravelsexcavation,450,2,pivot_060
348,393227,393216,Mist's Edge,1,darkshore/mistsedge,1,darkshore/mistsedge,1,darkshore/mistsedge,452,2,pivot_060
349,393229,393216,Wildbend River,1,darkshore/wildbendriver,1,darkshore/wildbendriver,1,darkshore/wildbendriver,454,2,pivot_060
350,393230,393216,Blackwood Den,1,darkshore/blackwoodden,1,darkshore/blackwoodden,1,darkshore/blackwoodden,455,2,pivot_060
351,393231,393216,Cliffspring River,1,darkshore/cliffspringriver,1,darkshore/cliffspringriver,1,darkshore/cliffspringriver,456,2,pivot_060
352,65554,65536,Gold Road,1,barrens/goldroad,1,barrens/goldroad,1,barrens/goldroad,458,2,pivot_060
354,983041,983040,Sun Rock Retreat,1,stonetalonmountains/sunrockretreat,1,stonetalonmountains/sunrockretreat,1,stonetalonmountains/sunrockretreat,460,2,pivot_060
355,983042,983040,Windshear Crag,1,stonetalonmountains/windshearcrag,1,stonetalonmountains/windshearcrag,1,stonetalonmountains/windshearcrag,461,2,pivot_060
356,983044,983040,Cragpool Lake,1,stonetalonmountains/cragpoollake,1,stonetalonmountains/cragpoollake,1,stonetalonmountains/cragpoollake,463,2,pivot_060
357,983045,983040,Mirkfallon Lake,1,stonetalonmountains/mirkfallonlake,1,stonetalonmountains/mirkfallonlake,1,stonetalonmountains/mirkfallonlake,464,2,pivot_060
358,983046,983040,The Charred Vale,1,stonetalonmountains/charredvale,1,stonetalonmountains/charredvale,1,stonetalonmountains/charredvale,465,2,pivot_060
359,983047,983040,Valley of the Bloodfuries,1,stonetalonmountains/valleyofthebloodfuries,1,stonetalonmountains/valleyofthebloodfuries,1,stonetalonmountains/valleyofthebloodfuries,466,2,pivot_060
360,983049,983040,The Talon Den,1,stonetalonmountains/talonden,1,stonetalonmountains/talonden,1,stonetalonmountains/talonden,468,2,pivot_060
361,983050,983040,Greatwood Vale,1,stonetalonmountains/greatwoodvale,1,stonetalonmountains/greatwoodvale,1,stonetalonmountains/greatwoodvale,469,2,pivot_060
362,458766,458752,Thunder Bluff,1,mulgore/thunderbluff,1,mulgore/thunderbluff,1,mulgore/thunderbluff,215,1,pivot_060_zone_only
363,458767,458752,Brave Wind Mesa,1,mulgore/bravewindmesa,1,mulgore/bravewindmesa,1,mulgore/bravewindmesa,471,2,pivot_060
364,458768,458752,Fire Stone Mesa,1,mulgore/firestonemesa,1,mulgore/firestonemesa,1,mulgore/firestonemesa,472,2,pivot_060
365,458770,458752,Hunter Rise,1,mulgore/hunterrise,1,mulgore/hunterrise,1,mulgore/hunterrise,215,1,pivot_060_zone_only
366,458771,458752,Spirit Rise,1,mulgore/spiritrise,1,mulgore/spiritrise,1,mulgore/spiritrise,215,1,pivot_060_zone_only
367,458772,458752,Elder Rise,1,mulgore/elderrise,1,mulgore/elderrise,1,mulgore/elderrise,215,1,pivot_060_zone_only
369,327695,327680,Pools of Arlithrien,1,teldrassil/poolsofarlithrien,1,teldrassil/poolsofarlithrien,1,teldrassil/poolsofarlithrien,478,2,pivot_060
370,851970,851968,The Rustmaul Dig Site,1,thousandneedles/rustmauldigsite,1,thousandneedles/rustmauldigsite,1,thousandneedles/rustmauldigsite,479,2,pivot_060
371,851971,851968,Camp E'thok,1,thousandneedles/campethok,1,thousandneedles/campethok,1,thousandneedles/campethok,480,2,pivot_060
372,851973,851968,Highperch,1,thousandneedles/highperch,1,thousandneedles/highperch,1,thousandneedles/highperch,482,2,pivot_060
373,851974,851968,The Screeching Canyon,1,thousandneedles/screechingcanyon,1,thousandneedles/screechingcanyon,1,thousandneedles/screechingcanyon,483,2,pivot_060
374,851975,851968,Freewind Post,1,thousandneedles/freewindpost,1,thousandneedles/freewindpost,1,thousandneedles/freewindpost,484,2,pivot_060
375,851976,851968,The Great Lift,1,thousandneedles/greatlift,1,thousandneedles/greatlift,1,thousandneedles/greatlift,485,2,pivot_060
376,851977,851968,Galak Hold,1,thousandneedles/galakhold,1,thousandneedles/galakhold,1,thousandneedles/galakhold,486,2,pivot_060
377,851978,851968,Roguefeather Den,1,thousandneedles/roguefeatherden,1,thousandneedles/roguefeatherden,1,thousandneedles/roguefeatherden,487,2,pivot_060
378,851979,851968,The Weathered Nook,1,thousandneedles/weatherednook,1,thousandneedles/weatherednook,1,thousandneedles/weatherednook,488,2,pivot_060
379,655361,655360,Thalanaar,1,feralas/thalanaar,1,feralas/thalanaar,1,feralas/thalanaar,489,2,pivot_060
380,1179648,1179648,Ungoro Crater,1,ungorocrater,1,ungorocrater,1,ungorocrater,490,1,pivot_060
383,1245184,1245184,Moonglade,1,moonglade,1,moonglade,1,moonglade,493,1,pivot_060
384,196610,196608,Brackenwall Village,1,dustwallowmarsh/brackenwallvillage,1,dustwallowmarsh/brackenwallvillage,1,dustwallowmarsh/brackenwallvillage,496,2,pivot_060
386,196611,196608,Swamplight Manor,1,dustwallowmarsh/swamplightmanor,1,dustwallowmarsh/swamplightmanor,1,dustwallowmarsh/swamplightmanor,497,2,pivot_060
387,196612,196608,Bloodfen Burrow,1,dustwallowmarsh/bloodfenburrow,1,dustwallowmarsh/bloodfenburrow,1,dustwallowmarsh/bloodfenburrow,498,2,pivot_060
388,196613,196608,Darkmist Cavern,1,dustwallowmarsh/darkmistcavern,1,dustwallowmarsh/darkmistcavern,1,dustwallowmarsh/darkmistcavern,499,2,pivot_060
389,196618,196608,North Point Tower,1,dustwallowmarsh/northpointtower,1,dustwallowmarsh/northpointtower,1,dustwallowmarsh/northpointtower,504,2,pivot_060
390,196619,196608,West Point Tower,1,dustwallowmarsh/westpointtower,1,dustwallowmarsh/westpointtower,1,dustwallowmarsh/westpointtower,505,2,pivot_060
391,196620,196608,Lost Point,1,dustwallowmarsh/lostpoint,1,dustwallowmarsh/lostpoint,1,dustwallowmarsh/lostpoint,506,2,pivot_060
392,196621,196608,Bluefen,1,dustwallowmarsh/bluefen,1,dustwallowmarsh/bluefen,1,dustwallowmarsh/bluefen,507,2,pivot_060
393,196622,196608,Stonemaul Ruins,1,dustwallowmarsh/stonemaulruins,1,dustwallowmarsh/stonemaulruins,1,dustwallowmarsh/stonemaulruins,508,2,pivot_060
394,196623,196608,The Den of Flame,1,dustwallowmarsh/denofflame,1,dustwallowmarsh/denofflame,1,dustwallowmarsh/denofflame,509,2,pivot_060
395,196625,196608,Wyrmbog,1,dustwallowmarsh/wyrmbog,1,dustwallowmarsh/wyrmbog,1,dustwallowmarsh/wyrmbog,511,2,pivot_060
396,196626,196608,Onyxia's Lair,1,dustwallowmarsh/onyxiaslair,1,dustwallowmarsh/onyxiaslair,1,dustwallowmarsh/onyxiaslair,15,1,pivot_060_zone_only
397,196627,196608,Theramore Isle,1,dustwallowmarsh/theramoreisle,1,dustwallowmarsh/theramoreisle,1,dustwallowmarsh/theramoreisle,513,2,pivot_060
398,196628,196608,Foothold Citadel,1,dustwallowmarsh/footholdcitadel,1,dustwallowmarsh/footholdcitadel,1,dustwallowmarsh/footholdcitadel,514,2,pivot_060
399,196629,196608,Ironclad Prison,1,dustwallowmarsh/ironcladprison,1,dustwallowmarsh/ironcladprison,1,dustwallowmarsh/ironcladprison,515,2,pivot_060
400,196630,196608,Dustwallow Bay,1,dustwallowmarsh/dustwallowbay,1,dustwallowmarsh/dustwallowbay,1,dustwallowmarsh/dustwallowbay,516,2,pivot_060
401,196631,196608,Tidefury Cove,1,dustwallowmarsh/tidefurycove,1,dustwallowmarsh/tidefurycove,1,dustwallowmarsh/tidefurycove,517,2,pivot_060
402,196632,196608,Dreadmurk Shore,1,dustwallowmarsh/dreadmurkshore,1,dustwallowmarsh/dreadmurkshore,1,dustwallowmarsh/dreadmurkshore,518,2,pivot_060
404,1179649,1179648,Fire Plume Ridge,1,ungorocrater/fireplumeridge,1,ungorocrater/fireplumeridge,1,ungorocrater/fireplumeridge,537,2,pivot_060
405,1179650,1179648,Lik'ash Tar Pits,1,ungorocrater/likashtarpits,1,ungorocrater/likashtarpits,1,ungorocrater/likashtarpits,490,1,pivot_060_zone_only
406,1179651,1179648,Terror Run,1,ungorocrater/terrorrun,1,ungorocrater/terrorrun,1,ungorocrater/terrorrun,539,2,pivot_060
407,1179652,1179648,The Slithering Scar,1,ungorocrater/slitheringscar,1,ungorocrater/slitheringscar,1,ungorocrater/slitheringscar,540,2,pivot_060
408,1179653,1179648,Marshal's Refuge,1,ungorocrater/marshalsrefuge,1,ungorocrater/marshalsrefuge,1,ungorocrater/marshalsrefuge,541,2,pivot_060
409,1179654,1179648,Fungal Rock,1,ungorocrater/fungalrock,1,ungorocrater/fungalrock,1,ungorocrater/fungalrock,542,2,pivot_060
410,1179655,1179648,Golakka Hot Springs,1,ungorocrater/golakkahotsprings,1,ungorocrater/golakkahotsprings,1,ungorocrater/golakkahotsprings,543,2,pivot_060
415,524303,524288,Moonwell,1,ashenvale/moonwell,1,ashenvale/moonwell,1,ashenvale/moonwell,425,2,pivot_060
418,65542,65536,The Sludge Fen,1,barrens/sludgefen,1,barrens/sludgefen,1,barrens/sludgefen,382,2,pivot_060
419,524309,524288,Solace Glade,1,ashenvale/solaceglade,1,ashenvale/solaceglade,1,ashenvale/solaceglade,331,1,pivot_060_zone_only
420,458769,458752,Mantle Rock,1,mulgore/mantlerock,1,mulgore/mantlerock,1,mulgore/mantlerock,473,2,pivot_060
427,327683,327680,Shadowglen,1,teldrassil/shadowglen,1,teldrassil/shadowglen,1,teldrassil/shadowglen,188,2,pivot_060
428,458753,458752,Red Cloud Mesa,1,mulgore/redcloudmesa,1,mulgore/redcloudmesa,1,mulgore/redcloudmesa,220,2,pivot_060
433,131082,131072,Dustwind Cave,1,durotar/dustwindcave,1,durotar/dustwindcave,1,durotar/dustwindcave,371,2,pivot_060
434,196609,196608,Shady Rest Inn,1,dustwallowmarsh/shadyrestinn,1,dustwallowmarsh/shadyrestinn,1,dustwallowmarsh/shadyrestinn,403,2,pivot_060
435,524306,524288,Night Run,1,ashenvale/nightrun,1,ashenvale/nightrun,1,ashenvale/nightrun,428,2,pivot_060
436,524312,524288,Felfire Hill,1,ashenvale/felfirehill,1,ashenvale/felfirehill,1,ashenvale/felfirehill,434,2,pivot_060
437,1114112,1114112,The Veiled Sea,1,veiledsea,1,veiledsea,1,veiledsea,457,1,pivot_060
438,851972,851968,Splithoof Crag,1,thousandneedles/splithoofcrag,1,thousandneedles/splithoofcrag,1,thousandneedles/splithoofcrag,481,2,pivot_060
439,196617,196608,Sentry Point,1,dustwallowmarsh/sentrypoint,1,dustwallowmarsh/sentrypoint,1,dustwallowmarsh/sentrypoint,503,2,pivot_060
448,65547,65536,Lushwater Oasis,1,barrens/lushwateroasis,1,barrens/lushwateroasis,1,barrens/lushwateroasis,387,2,pivot_060
449,393228,393216,The Long Wash,1,darkshore/longwash,1,darkshore/longwash,1,darkshore/longwash,453,2,pivot_060
450,196624,196608,The Dragonmurk,1,dustwallowmarsh/dragonmurk,1,dustwallowmarsh/dragonmurk,1,dustwallowmarsh/dragonmurk,510,2,pivot_060
459,917505,917504,Kodo Graveyard,1,desolace/kodograveyard,1,desolace/kodograveyard,1,desolace/kodograveyard,596,2,pivot_060
460,917506,917504,Ghost Walker Post,1,desolace/ghostwalkerpost,1,desolace/ghostwalkerpost,1,desolace/ghostwalkerpost,597,2,pivot_060
461,917507,917504,Sar'theris Strand,1,desolace/sartherisstrand,1,desolace/sartherisstrand,1,desolace/sartherisstrand,598,2,pivot_060
462,917508,917504,Thunder Axe Fortress,1,desolace/thunderaxefortress,1,desolace/thunderaxefortress,1,desolace/thunderaxefortress,599,2,pivot_060
463,917509,917504,Bolgan's Hole,1,desolace/bolganshole,1,desolace/bolganshole,1,desolace/bolganshole,600,2,pivot_060
464,917518,917504,Kolkar Village,1,desolace/kolkarvillage,1,desolace/kolkarvillage,1,desolace/kolkarvillage,609,2,pivot_060
465,917511,917504,Mannoroc Coven,1,desolace/mannoroccoven,1,desolace/mannoroccoven,1,desolace/mannoroccoven,602,2,pivot_060
466,917512,917504,Sargeron,1,desolace/sargeron,1,desolace/sargeron,1,desolace/sargeron,603,2,pivot_060
467,917513,917504,Magram Village,1,desolace/magramvillage,1,desolace/magramvillage,1,desolace/magramvillage,604,2,pivot_060
469,917515,917504,Gelkis Village,1,desolace/gelkisvillage,1,desolace/gelkisvillage,1,desolace/gelkisvillage,606,2,pivot_060
470,917516,917504,Valley of Spears,1,desolace/valleyofspears,1,desolace/valleyofspears,1,desolace/valleyofspears,607,2,pivot_060
471,917517,917504,Nijel's Point,1,desolace/nijelspoint,1,desolace/nijelspoint,1,desolace/nijelspoint,608,2,pivot_060
476,458764,458752,Skyline Ridge,1,mulgore/skylineridge,1,mulgore/skylineridge,1,mulgore/skylineridge,399,2,pivot_060
477,524307,524288,Xavian,1,ashenvale/xavian,1,ashenvale/xavian,1,ashenvale/xavian,429,2,pivot_060
478,524315,524288,Kargathia Outpost,1,ashenvale/kargathiaoutpost,1,ashenvale/kargathiaoutpost,1,ashenvale/kargathiaoutpost,331,1,pivot_060_zone_only
479,983048,983040,Stonetalon Peak,1,stonetalonmountains/stonetalonpeak,1,stonetalonmountains/stonetalonpeak,1,stonetalonmountains/stonetalonpeak,467,2,pivot_060
480,196615,196608,Beezil's Wreck,1,dustwallowmarsh/beezilswreck,1,dustwallowmarsh/beezilswreck,1,dustwallowmarsh/beezilswreck,501,2,pivot_060
485,1310720,1310720,Hyjal,1,hyjal,1,hyjal,1,hyjal,616,1,pivot_060
487,1376256,1376256,Winterspring,1,winterspring,1,winterspring,1,winterspring,618,1,pivot_060
488,327681,327680,Dolanaar,1,teldrassil/dolanaar,1,teldrassil/dolanaar,1,teldrassil/dolanaar,186,2,pivot_060
489,196614,196608,Moggle Point,1,dustwallowmarsh/mogglepoint,1,dustwallowmarsh/mogglepoint,1,dustwallowmarsh/mogglepoint,500,2,pivot_060
490,196616,196608,Witch Hill,1,dustwallowmarsh/witchhill,1,dustwallowmarsh/witchhill,1,dustwallowmarsh/witchhill,502,2,pivot_060
491,524290,524288,The Ruins of Ordil'Aran,1,ashenvale/ruinsofordilaran,1,ashenvale/ruinsofordilaran,1,ashenvale/ruinsofordilaran,412,2,pivot_060
492,983051,983040,Blackwolf River,1,stonetalonmountains/blackwolfriver,1,stonetalonmountains/blackwolfriver,1,stonetalonmountains/blackwolfriver,636,2,pivot_060
501,458773,458752,Kodo Rock,1,mulgore/kodorock,1,mulgore/kodorock,1,mulgore/kodorock,637,2,pivot_060
502,131090,131072,Hidden Path,1,durotar/hiddenpath,1,durotar/hiddenpath,1,durotar/hiddenpath,638,2,pivot_060
503,131091,131072,Spirit Rock,1,durotar/spiritrock,1,durotar/spiritrock,1,durotar/spiritrock,639,2,pivot_060
504,131092,131072,Shrine of the Dormant Flame,1,durotar/shrineofthedormantflame,1,durotar/shrineofthedormantflame,1,durotar/shrineofthedormantflame,640,2,pivot_060
509,65555,65536,Fray Island,1,barrens/frayisland,1,barrens/frayisland,1,barrens/frayisland,720,2,pivot_060
