﻿src_row_id,src_areaNumber,src_parentNumber,src_name,src_mapId,src_mapName,src_mapId_xwalk,src_mapName_xwalk,src_path,tgt_id_335,tgt_name,tgt_parent_id,tgt_parent_name,tgt_mapId,tgt_mapName,tgt_path,match_method
6,327684,327680,Aldrassil,1,Kalimdor,1,Kalimdor,kalimdor/teldrassil/aldrassil,256,Aldrassil,141,Teldrassil,1,Kalimdor,kalimdor/aldrassil,pivot_060
7,327685,327680,Shadowthread Cave,1,Kalimdor,1,Kalimdor,kalimdor/teldrassil/shadowthreadcave,257,Shadowthread Cave,141,Teldrassil,1,Kalimdor,kalimdor/shadowthread cave,pivot_060
8,327686,327680,Fel Rock,1,Kalimdor,1,Kalimdor,kalimdor/teldrassil/felrock,258,Fel Rock,141,Teldrassil,1,Kalimdor,kalimdor/fel rock,pivot_060
9,327687,327680,Lake Al'Ameth,1,Kalimdor,1,Kalimdor,kalimdor/teldrassil/lakealameth,259,Lake Al'Ameth,141,Teldrassil,1,Kalimdor,kalimdor/lake al'ameth,pivot_060
10,327688,327680,Starbreeze Village,1,Kalimdor,1,Kalimdor,kalimdor/teldrassil/starbreezevillage,260,Starbreeze Village,141,Teldrassil,1,Kalimdor,kalimdor/starbreeze village,pivot_060
11,327689,327680,Gnarlpine Hold,1,Kalimdor,1,Kalimdor,kalimdor/teldrassil/gnarlpinehold,261,Gnarlpine Hold,141,Teldrassil,1,Kalimdor,kalimdor/gnarlpine hold,pivot_060
12,327690,327680,Ban'ethil Barrow Den,1,Kalimdor,1,Kalimdor,kalimdor/teldrassil/banethilbarrowden,262,Ban'ethil Barrow Den,141,Teldrassil,1,Kalimdor,kalimdor/ban'ethil barrow den,pivot_060
13,327691,327680,The Cleft,1,Kalimdor,1,Kalimdor,kalimdor/teldrassil/cleft,263,The Cleft,141,Teldrassil,1,Kalimdor,kalimdor/the cleft,pivot_060
14,327692,327680,The Oracle Glade,1,Kalimdor,1,Kalimdor,kalimdor/teldrassil/oracleglade,264,The Oracle Glade,141,Teldrassil,1,Kalimdor,kalimdor/the oracle glade,pivot_060
15,327693,327680,The Wellspring River,1,Kalimdor,1,Kalimdor,kalimdor/teldrassil/wellspringriver,265,Wellspring River,141,Teldrassil,1,Kalimdor,kalimdor/wellspring river,pivot_060
16,327694,327680,Wellspring Lake,1,Kalimdor,1,Kalimdor,kalimdor/teldrassil/wellspringlake,266,Wellspring Lake,141,Teldrassil,1,Kalimdor,kalimdor/wellspring lake,pivot_060
61,524288,524288,Ashenvale,1,Kalimdor,1,Kalimdor,kalimdor/ashenvale,331,Ashenvale,331,Ashenvale,1,Kalimdor,kalimdor/ashenvale,pivot_060
62,589824,589824,The Great Sea,1,Kalimdor,1,Kalimdor,kalimdor/greatsea,332,The Great Sea,332,The Great Sea,1,Kalimdor,kalimdor/the great sea,pivot_060
83,655360,655360,Feralas,1,Kalimdor,1,Kalimdor,kalimdor/feralas,357,Feralas,357,Feralas,1,Kalimdor,kalimdor/feralas,pivot_060
84,458759,458752,Brambleblade Ravine,1,Kalimdor,1,Kalimdor,kalimdor/mulgore/bramblebladeravine,358,Brambleblade Ravine,215,Mulgore,1,Kalimdor,kalimdor/brambleblade ravine,pivot_060
85,65537,65536,Bael Modan,1,Kalimdor,1,Kalimdor,kalimdor/barrens/baelmodan,359,Bael Modan,17,The Barrens,1,Kalimdor,kalimdor/bael modan,pivot_060
86,458760,458752,The Venture Co. Mine,1,Kalimdor,1,Kalimdor,kalimdor/mulgore/venturecomine,360,The Venture Co. Mine,215,Mulgore,1,Kalimdor,kalimdor/the venture co. mine,pivot_060
87,720896,720896,Felwood,1,Kalimdor,1,Kalimdor,kalimdor/felwood,361,Felwood,361,Felwood,1,Kalimdor,kalimdor/felwood,pivot_060
88,131073,131072,Razor Hill,1,Kalimdor,1,Kalimdor,kalimdor/durotar/razorhill,362,Razor Hill,14,Durotar,1,Kalimdor,kalimdor/razor hill,pivot_060
89,131074,131072,Valley of Trials,1,Kalimdor,1,Kalimdor,kalimdor/durotar/valleyoftrials,363,Valley of Trials,14,Durotar,1,Kalimdor,kalimdor/valley of trials,pivot_060
90,131075,131072,The Den,1,Kalimdor,1,Kalimdor,kalimdor/durotar/den,364,The Den,14,Durotar,1,Kalimdor,kalimdor/the den,pivot_060
91,131076,131072,Burning Blade Coven,1,Kalimdor,1,Kalimdor,kalimdor/durotar/burningbladecoven,365,Burning Blade Coven,14,Durotar,1,Kalimdor,kalimdor/burning blade coven,pivot_060
92,131077,131072,Kolkar Crag,1,Kalimdor,1,Kalimdor,kalimdor/durotar/kolkarcrag,366,Kolkar Crag,14,Durotar,1,Kalimdor,kalimdor/kolkar crag,pivot_060
93,131078,131072,Sen'jin Village,1,Kalimdor,1,Kalimdor,kalimdor/durotar/senjinvillage,367,Sen'jin Village,14,Durotar,1,Kalimdor,kalimdor/sen'jin village,pivot_060
94,131079,131072,Echo Isles,1,Kalimdor,1,Kalimdor,kalimdor/durotar/echoisles,368,Echo Isles,14,Durotar,1,Kalimdor,kalimdor/echo isles,pivot_060
95,131080,131072,Thunder Ridge,1,Kalimdor,1,Kalimdor,kalimdor/durotar/thunderridge,369,Thunder Ridge,14,Durotar,1,Kalimdor,kalimdor/thunder ridge,pivot_060
96,131081,131072,Drygulch Ravine,1,Kalimdor,1,Kalimdor,kalimdor/durotar/drygulchravine,370,Drygulch Ravine,14,Durotar,1,Kalimdor,kalimdor/drygulch ravine,pivot_060
97,131083,131072,Tiragarde Keep,1,Kalimdor,1,Kalimdor,kalimdor/durotar/tiragardekeep,372,Tiragarde Keep,14,Durotar,1,Kalimdor,kalimdor/tiragarde keep,pivot_060
98,131084,131072,Scuttle Coast,1,Kalimdor,1,Kalimdor,kalimdor/durotar/scuttlecoast,373,Scuttle Coast,14,Durotar,1,Kalimdor,kalimdor/scuttle coast,pivot_060
99,131085,131072,Bladefist Bay,1,Kalimdor,1,Kalimdor,kalimdor/durotar/bladefistbay,374,Bladefist Bay,14,Durotar,1,Kalimdor,kalimdor/bladefist bay,pivot_060
100,131086,131072,Deadeye Shore,1,Kalimdor,1,Kalimdor,kalimdor/durotar/deadeyeshore,375,Deadeye Shore,14,Durotar,1,Kalimdor,kalimdor/deadeye shore,pivot_060
101,786432,786432,Southfury River,1,Kalimdor,1,Kalimdor,kalimdor/southfuryriver,377,Southfury River,377,Southfury River,1,Kalimdor,kalimdor/southfury river,pivot_060
102,65538,65536,Camp Taurajo,1,Kalimdor,1,Kalimdor,kalimdor/barrens/camptaurajo,378,Camp Taurajo,17,The Barrens,1,Kalimdor,kalimdor/camp taurajo,pivot_060
103,65539,65536,Far Watch Post,1,Kalimdor,1,Kalimdor,kalimdor/barrens/farwatchpost,379,Far Watch Post,17,The Barrens,1,Kalimdor,kalimdor/far watch post,pivot_060
104,65540,65536,The Crossroads,1,Kalimdor,1,Kalimdor,kalimdor/barrens/crossroads,380,The Crossroads,17,The Barrens,1,Kalimdor,kalimdor/the crossroads,pivot_060
105,65541,65536,Boulder Load Mine,1,Kalimdor,1,Kalimdor,kalimdor/barrens/boulderloadmine,17,The Barrens,17,The Barrens,1,Kalimdor,kalimdor/the barrens,pivot_060_zone_only
106,65543,65536,The Dry Hills,1,Kalimdor,1,Kalimdor,kalimdor/barrens/dryhills,383,The Dry Hills,17,The Barrens,1,Kalimdor,kalimdor/the dry hills,pivot_060
107,65544,65536,Dreadmist Peak,1,Kalimdor,1,Kalimdor,kalimdor/barrens/dreadmistpeak,384,Dreadmist Peak,17,The Barrens,1,Kalimdor,kalimdor/dreadmist peak,pivot_060
108,65545,65536,Northwatch Hold,1,Kalimdor,1,Kalimdor,kalimdor/barrens/northwatchhold,385,Northwatch Hold,17,The Barrens,1,Kalimdor,kalimdor/northwatch hold,pivot_060
109,65546,65536,The Forgotten Pools,1,Kalimdor,1,Kalimdor,kalimdor/barrens/forgottenpools,386,The Forgotten Pools,17,The Barrens,1,Kalimdor,kalimdor/the forgotten pools,pivot_060
110,65548,65536,The Stagnant Oasis,1,Kalimdor,1,Kalimdor,kalimdor/barrens/stagnantoasis,388,The Stagnant Oasis,17,The Barrens,1,Kalimdor,kalimdor/the stagnant oasis,pivot_060
111,65550,65536,Field of Giants,1,Kalimdor,1,Kalimdor,kalimdor/barrens/fieldofgiants,390,Field of Giants,17,The Barrens,1,Kalimdor,kalimdor/field of giants,pivot_060
112,65551,65536,The Merchant Coast,1,Kalimdor,1,Kalimdor,kalimdor/barrens/merchantcoast,391,The Merchant Coast,17,The Barrens,1,Kalimdor,kalimdor/the merchant coast,pivot_060
113,65552,65536,Ratchet,1,Kalimdor,1,Kalimdor,kalimdor/barrens/ratchet,392,Ratchet,17,The Barrens,1,Kalimdor,kalimdor/ratchet,pivot_060
114,131087,131072,Darkspear Strand,1,Kalimdor,1,Kalimdor,kalimdor/durotar/darkspearstrand,393,Darkspear Strand,14,Durotar,1,Kalimdor,kalimdor/darkspear strand,pivot_060
117,458761,458752,Winterhoof Water Well,1,Kalimdor,1,Kalimdor,kalimdor/mulgore/winterhoofwaterwell,396,Winterhoof Water Well,215,Mulgore,1,Kalimdor,kalimdor/winterhoof water well,pivot_060
118,458762,458752,Thunderhorn Water Well,1,Kalimdor,1,Kalimdor,kalimdor/mulgore/thunderhornwaterwell,397,Thunderhorn Water Well,215,Mulgore,1,Kalimdor,kalimdor/thunderhorn water well,pivot_060
127,131072,131072,Durotar,1,Kalimdor,1,Kalimdor,kalimdor/durotar,14,Durotar,14,Durotar,1,Kalimdor,kalimdor/durotar,pivot_060
128,196608,196608,Dustwallow Marsh,1,Kalimdor,1,Kalimdor,kalimdor/dustwallowmarsh,15,Dustwallow Marsh,15,Dustwallow Marsh,1,Kalimdor,kalimdor/dustwallow marsh,pivot_060
129,262144,262144,Aszhara,1,Kalimdor,1,Kalimdor,kalimdor/azshara,16,Azshara,16,Azshara,1,Kalimdor,kalimdor/azshara,pivot_060
130,65536,65536,The Barrens,1,Kalimdor,1,Kalimdor,kalimdor/barrens,17,The Barrens,17,The Barrens,1,Kalimdor,kalimdor/the barrens,pivot_060
220,327680,327680,Teldrassil,1,Kalimdor,1,Kalimdor,kalimdor/teldrassil,141,Teldrassil,141,Teldrassil,1,Kalimdor,kalimdor/teldrassil,pivot_060
227,393216,393216,Darkshore,1,Kalimdor,1,Kalimdor,kalimdor/darkshore,148,Darkshore,148,Darkshore,1,Kalimdor,kalimdor/darkshore,pivot_060
248,327682,327680,Darnassus,1,Kalimdor,1,Kalimdor,kalimdor/teldrassil/darnassus,141,Teldrassil,141,Teldrassil,1,Kalimdor,kalimdor/teldrassil,pivot_060_zone_only
272,458752,458752,Mulgore,1,Kalimdor,1,Kalimdor,kalimdor/mulgore,215,Mulgore,215,Mulgore,1,Kalimdor,kalimdor/mulgore,pivot_060
274,458754,458752,Camp Narache,1,Kalimdor,1,Kalimdor,kalimdor/mulgore/campnarache,221,Camp Narache,215,Mulgore,1,Kalimdor,kalimdor/camp narache,pivot_060
275,458755,458752,Bloodhoof Village,1,Kalimdor,1,Kalimdor,kalimdor/mulgore/bloodhoofvillage,222,Bloodhoof Village,215,Mulgore,1,Kalimdor,kalimdor/bloodhoof village,pivot_060
276,458756,458752,Stonebull Lake,1,Kalimdor,1,Kalimdor,kalimdor/mulgore/stonebulllake,223,Stonebull Lake,215,Mulgore,1,Kalimdor,kalimdor/stonebull lake,pivot_060
277,458757,458752,Ravaged Caravan,1,Kalimdor,1,Kalimdor,kalimdor/mulgore/ravagedcaravan,224,Ravaged Caravan,215,Mulgore,1,Kalimdor,kalimdor/ravaged caravan,pivot_060
278,458758,458752,Red Rocks,1,Kalimdor,1,Kalimdor,kalimdor/mulgore/redrocks,225,Red Rocks,215,Mulgore,1,Kalimdor,kalimdor/red rocks,pivot_060
295,1245185,1245184,Lake Elune'ara,1,Kalimdor,1,Kalimdor,kalimdor/moonglade/lakeeluneara,656,Lake Elune'ara,493,Moonglade,1,Kalimdor,kalimdor/lake elune'ara,pivot_060
298,327696,327680,Craftsmen's Terrace,1,Kalimdor,1,Kalimdor,kalimdor/teldrassil/craftsmensterrace,141,Teldrassil,141,Teldrassil,1,Kalimdor,kalimdor/teldrassil,pivot_060_zone_only
299,327697,327680,Tradesmen's Terrace,1,Kalimdor,1,Kalimdor,kalimdor/teldrassil/tradesmensterrace,141,Teldrassil,141,Teldrassil,1,Kalimdor,kalimdor/teldrassil,pivot_060_zone_only
300,327698,327680,The Temple Gardens,1,Kalimdor,1,Kalimdor,kalimdor/teldrassil/templegardens,141,Teldrassil,141,Teldrassil,1,Kalimdor,kalimdor/teldrassil,pivot_060_zone_only
301,327699,327680,Temple of Elune,1,Kalimdor,1,Kalimdor,kalimdor/teldrassil/templeofelune,141,Teldrassil,141,Teldrassil,1,Kalimdor,kalimdor/teldrassil,pivot_060_zone_only
302,327700,327680,Cenarion Enclave,1,Kalimdor,1,Kalimdor,kalimdor/teldrassil/cenarionenclave,141,Teldrassil,141,Teldrassil,1,Kalimdor,kalimdor/teldrassil,pivot_060_zone_only
303,327701,327680,Warrior's Terrace,1,Kalimdor,1,Kalimdor,kalimdor/teldrassil/warriorsterrace,141,Teldrassil,141,Teldrassil,1,Kalimdor,kalimdor/teldrassil,pivot_060_zone_only
304,327702,327680,Rut'theran Village,1,Kalimdor,1,Kalimdor,kalimdor/teldrassil/ruttheranvillage,702,Rut'theran Village,141,Teldrassil,1,Kalimdor,kalimdor/rut'theran village,pivot_060
306,458763,458752,Wildmane Water Well,1,Kalimdor,1,Kalimdor,kalimdor/mulgore/wildmanewaterwell,398,Wildmane Water Well,215,Mulgore,1,Kalimdor,kalimdor/wildmane water well,pivot_060
307,851968,851968,Thousand Needles,1,Kalimdor,1,Kalimdor,kalimdor/thousandneedles,400,Thousand Needles,400,Thousand Needles,1,Kalimdor,kalimdor/thousand needles,pivot_060
308,65553,65536,The Tidus Stair,1,Kalimdor,1,Kalimdor,kalimdor/barrens/tidusstair,401,The Tidus Stair,17,The Barrens,1,Kalimdor,kalimdor/the tidus stair,pivot_060
309,458765,458752,Bael'Dun Digsite,1,Kalimdor,1,Kalimdor,kalimdor/mulgore/baeldundigsite,404,Bael'dun Digsite,215,Mulgore,1,Kalimdor,kalimdor/bael'dun digsite,pivot_060
310,917504,917504,Desolace,1,Kalimdor,1,Kalimdor,kalimdor/desolace,405,Desolace,405,Desolace,1,Kalimdor,kalimdor/desolace,pivot_060
311,983040,983040,Stonetalon Mountains,1,Kalimdor,1,Kalimdor,kalimdor/stonetalonmountains,406,Stonetalon Mountains,406,Stonetalon Mountains,1,Kalimdor,kalimdor/stonetalon mountains,pivot_060
312,131088,131072,Orgrimmar,1,Kalimdor,1,Kalimdor,kalimdor/durotar/orgrimmar,14,Durotar,14,Durotar,1,Kalimdor,kalimdor/durotar,pivot_060_zone_only
315,131089,131072,Razorwind Canyon,1,Kalimdor,1,Kalimdor,kalimdor/durotar/razorwindcanyon,410,Razorwind Canyon,14,Durotar,1,Kalimdor,kalimdor/razorwind canyon,pivot_060
316,524289,524288,Bathran's Haunt,1,Kalimdor,1,Kalimdor,kalimdor/ashenvale/bathranshaunt,411,Bathran's Haunt,331,Ashenvale,1,Kalimdor,kalimdor/bathran's haunt,pivot_060
317,524291,524288,Maestra's Post,1,Kalimdor,1,Kalimdor,kalimdor/ashenvale/maestraspost,413,Maestra's Post,331,Ashenvale,1,Kalimdor,kalimdor/maestra's post,pivot_060
318,524292,524288,The Zoram Strand,1,Kalimdor,1,Kalimdor,kalimdor/ashenvale/zoramstrand,414,The Zoram Strand,331,Ashenvale,1,Kalimdor,kalimdor/the zoram strand,pivot_060
319,524293,524288,Astranaar,1,Kalimdor,1,Kalimdor,kalimdor/ashenvale/astranaar,415,Astranaar,331,Ashenvale,1,Kalimdor,kalimdor/astranaar,pivot_060
320,524294,524288,The Shrine of Aessina,1,Kalimdor,1,Kalimdor,kalimdor/ashenvale/shrineofaessina,416,The Shrine of Aessina,331,Ashenvale,1,Kalimdor,kalimdor/the shrine of aessina,pivot_060
321,524295,524288,Fire Scar Shrine,1,Kalimdor,1,Kalimdor,kalimdor/ashenvale/firescarshrine,417,Fire Scar Shrine,331,Ashenvale,1,Kalimdor,kalimdor/fire scar shrine,pivot_060
322,524296,524288,The Ruins of Stardust,1,Kalimdor,1,Kalimdor,kalimdor/ashenvale/ruinsofstardust,418,The Ruins of Stardust,331,Ashenvale,1,Kalimdor,kalimdor/the ruins of stardust,pivot_060
323,524297,524288,The Howling Vale,1,Kalimdor,1,Kalimdor,kalimdor/ashenvale/howlingvale,419,The Howling Vale,331,Ashenvale,1,Kalimdor,kalimdor/the howling vale,pivot_060
324,524298,524288,Silverwind Refuge,1,Kalimdor,1,Kalimdor,kalimdor/ashenvale/silverwindrefuge,420,Silverwind Refuge,331,Ashenvale,1,Kalimdor,kalimdor/silverwind refuge,pivot_060
325,524299,524288,Mystral Lake,1,Kalimdor,1,Kalimdor,kalimdor/ashenvale/mystrallake,421,Mystral Lake,331,Ashenvale,1,Kalimdor,kalimdor/mystral lake,pivot_060
326,524300,524288,Fallen Sky Lake,1,Kalimdor,1,Kalimdor,kalimdor/ashenvale/fallenskylake,422,Fallen Sky Lake,331,Ashenvale,1,Kalimdor,kalimdor/fallen sky lake,pivot_060
327,524302,524288,Iris Lake,1,Kalimdor,1,Kalimdor,kalimdor/ashenvale/irislake,424,Iris Lake,331,Ashenvale,1,Kalimdor,kalimdor/iris lake,pivot_060
328,524304,524288,Raynewood Retreat,1,Kalimdor,1,Kalimdor,kalimdor/ashenvale/raynewoodretreat,426,Raynewood Retreat,331,Ashenvale,1,Kalimdor,kalimdor/raynewood retreat,pivot_060
329,524305,524288,The Shady Nook,1,Kalimdor,1,Kalimdor,kalimdor/ashenvale/shadynook,427,The Shady Nook,331,Ashenvale,1,Kalimdor,kalimdor/the shady nook,pivot_060
330,524308,524288,Satyrnaar,1,Kalimdor,1,Kalimdor,kalimdor/ashenvale/satyrnaar,430,Satyrnaar,331,Ashenvale,1,Kalimdor,kalimdor/satyrnaar,pivot_060
331,524310,524288,The Dor'Danil Barrow Den,1,Kalimdor,1,Kalimdor,kalimdor/ashenvale/dordanilbarrowden,432,The Dor'Danil Barrow Den,331,Ashenvale,1,Kalimdor,kalimdor/the dor'danil barrow den,pivot_060
332,524311,524288,Falfarren River,1,Kalimdor,1,Kalimdor,kalimdor/ashenvale/falfarrenriver,433,Falfarren River,331,Ashenvale,1,Kalimdor,kalimdor/falfarren river,pivot_060
333,524313,524288,Demon Fall Canyon,1,Kalimdor,1,Kalimdor,kalimdor/ashenvale/demonfallcanyon,435,Demon Fall Canyon,331,Ashenvale,1,Kalimdor,kalimdor/demon fall canyon,pivot_060
334,524314,524288,Demon Fall Ridge,1,Kalimdor,1,Kalimdor,kalimdor/ashenvale/demonfallridge,436,Demon Fall Ridge,331,Ashenvale,1,Kalimdor,kalimdor/demon fall ridge,pivot_060
335,524316,524288,Bough Shadow,1,Kalimdor,1,Kalimdor,kalimdor/ashenvale/boughshadow,438,Bough Shadow,331,Ashenvale,1,Kalimdor,kalimdor/bough shadow,pivot_060
336,851969,851968,The Shimmering Flats,1,Kalimdor,1,Kalimdor,kalimdor/thousandneedles/shimmeringflats,439,The Shimmering Flats,400,Thousand Needles,1,Kalimdor,kalimdor/the shimmering flats,pivot_060
337,1048576,1048576,Tanaris,1,Kalimdor,1,Kalimdor,kalimdor/tanaris,440,Tanaris,440,Tanaris,1,Kalimdor,kalimdor/tanaris,pivot_060
338,524317,524288,Lake Falathim,1,Kalimdor,1,Kalimdor,kalimdor/ashenvale/lakefalathim,441,Lake Falathim,331,Ashenvale,1,Kalimdor,kalimdor/lake falathim,pivot_060
339,393217,393216,Auberdine,1,Kalimdor,1,Kalimdor,kalimdor/darkshore/auberdine,442,Auberdine,148,Darkshore,1,Kalimdor,kalimdor/auberdine,pivot_060
340,393218,393216,Ruins of Mathystra,1,Kalimdor,1,Kalimdor,kalimdor/darkshore/ruinsofmathystra,443,Ruins of Mathystra,148,Darkshore,1,Kalimdor,kalimdor/ruins of mathystra,pivot_060
341,393219,393216,Tower of Althalaxx,1,Kalimdor,1,Kalimdor,kalimdor/darkshore/towerofalthalaxx,444,Tower of Althalaxx,148,Darkshore,1,Kalimdor,kalimdor/tower of althalaxx,pivot_060
342,393220,393216,Cliffspring Falls,1,Kalimdor,1,Kalimdor,kalimdor/darkshore/cliffspringfalls,445,Cliffspring Falls,148,Darkshore,1,Kalimdor,kalimdor/cliffspring falls,pivot_060
343,393221,393216,Bashal'Aran,1,Kalimdor,1,Kalimdor,kalimdor/darkshore/bashalaran,446,Bashal'Aran,148,Darkshore,1,Kalimdor,kalimdor/bashal'aran,pivot_060
344,393222,393216,Ameth'Aran,1,Kalimdor,1,Kalimdor,kalimdor/darkshore/ametharan,447,Ameth'Aran,148,Darkshore,1,Kalimdor,kalimdor/ameth'aran,pivot_060
345,393223,393216,Grove of the Ancients,1,Kalimdor,1,Kalimdor,kalimdor/darkshore/groveoftheancients,448,Grove of the Ancients,148,Darkshore,1,Kalimdor,kalimdor/grove of the ancients,pivot_060
346,393224,393216,The Master's Glaive,1,Kalimdor,1,Kalimdor,kalimdor/darkshore/mastersglaive,449,The Master's Glaive,148,Darkshore,1,Kalimdor,kalimdor/the master's glaive,pivot_060
347,393225,393216,Remtravel's Excavation,1,Kalimdor,1,Kalimdor,kalimdor/darkshore/remtravelsexcavation,450,Remtravel's Excavation,148,Darkshore,1,Kalimdor,kalimdor/remtravel's excavation,pivot_060
348,393227,393216,Mist's Edge,1,Kalimdor,1,Kalimdor,kalimdor/darkshore/mistsedge,452,Mist's Edge,148,Darkshore,1,Kalimdor,kalimdor/mist's edge,pivot_060
349,393229,393216,Wildbend River,1,Kalimdor,1,Kalimdor,kalimdor/darkshore/wildbendriver,454,Wildbend River,148,Darkshore,1,Kalimdor,kalimdor/wildbend river,pivot_060
350,393230,393216,Blackwood Den,1,Kalimdor,1,Kalimdor,kalimdor/darkshore/blackwoodden,455,Blackwood Den,148,Darkshore,1,Kalimdor,kalimdor/blackwood den,pivot_060
351,393231,393216,Cliffspring River,1,Kalimdor,1,Kalimdor,kalimdor/darkshore/cliffspringriver,456,Cliffspring River,148,Darkshore,1,Kalimdor,kalimdor/cliffspring river,pivot_060
352,65554,65536,Gold Road,1,Kalimdor,1,Kalimdor,kalimdor/barrens/goldroad,458,Gold Road,17,The Barrens,1,Kalimdor,kalimdor/gold road,pivot_060
354,983041,983040,Sun Rock Retreat,1,Kalimdor,1,Kalimdor,kalimdor/stonetalonmountains/sunrockretreat,460,Sun Rock Retreat,406,Stonetalon Mountains,1,Kalimdor,kalimdor/sun rock retreat,pivot_060
355,983042,983040,Windshear Crag,1,Kalimdor,1,Kalimdor,kalimdor/stonetalonmountains/windshearcrag,461,Windshear Crag,406,Stonetalon Mountains,1,Kalimdor,kalimdor/windshear crag,pivot_060
356,983044,983040,Cragpool Lake,1,Kalimdor,1,Kalimdor,kalimdor/stonetalonmountains/cragpoollake,463,Cragpool Lake,406,Stonetalon Mountains,1,Kalimdor,kalimdor/cragpool lake,pivot_060
357,983045,983040,Mirkfallon Lake,1,Kalimdor,1,Kalimdor,kalimdor/stonetalonmountains/mirkfallonlake,464,Mirkfallon Lake,406,Stonetalon Mountains,1,Kalimdor,kalimdor/mirkfallon lake,pivot_060
358,983046,983040,The Charred Vale,1,Kalimdor,1,Kalimdor,kalimdor/stonetalonmountains/charredvale,465,The Charred Vale,406,Stonetalon Mountains,1,Kalimdor,kalimdor/the charred vale,pivot_060
359,983047,983040,Valley of the Bloodfuries,1,Kalimdor,1,Kalimdor,kalimdor/stonetalonmountains/valleyofthebloodfuries,466,Valley of the Bloodfuries,406,Stonetalon Mountains,1,Kalimdor,kalimdor/valley of the bloodfuries,pivot_060
360,983049,983040,The Talon Den,1,Kalimdor,1,Kalimdor,kalimdor/stonetalonmountains/talonden,468,The Talon Den,406,Stonetalon Mountains,1,Kalimdor,kalimdor/the talon den,pivot_060
361,983050,983040,Greatwood Vale,1,Kalimdor,1,Kalimdor,kalimdor/stonetalonmountains/greatwoodvale,469,Greatwood Vale,406,Stonetalon Mountains,1,Kalimdor,kalimdor/greatwood vale,pivot_060
362,458766,458752,Thunder Bluff,1,Kalimdor,1,Kalimdor,kalimdor/mulgore/thunderbluff,215,Mulgore,215,Mulgore,1,Kalimdor,kalimdor/mulgore,pivot_060_zone_only
363,458767,458752,Brave Wind Mesa,1,Kalimdor,1,Kalimdor,kalimdor/mulgore/bravewindmesa,471,Brave Wind Mesa,215,Mulgore,1,Kalimdor,kalimdor/brave wind mesa,pivot_060
364,458768,458752,Fire Stone Mesa,1,Kalimdor,1,Kalimdor,kalimdor/mulgore/firestonemesa,472,Fire Stone Mesa,215,Mulgore,1,Kalimdor,kalimdor/fire stone mesa,pivot_060
365,458770,458752,Hunter Rise,1,Kalimdor,1,Kalimdor,kalimdor/mulgore/hunterrise,215,Mulgore,215,Mulgore,1,Kalimdor,kalimdor/mulgore,pivot_060_zone_only
366,458771,458752,Spirit Rise,1,Kalimdor,1,Kalimdor,kalimdor/mulgore/spiritrise,215,Mulgore,215,Mulgore,1,Kalimdor,kalimdor/mulgore,pivot_060_zone_only
367,458772,458752,Elder Rise,1,Kalimdor,1,Kalimdor,kalimdor/mulgore/elderrise,215,Mulgore,215,Mulgore,1,Kalimdor,kalimdor/mulgore,pivot_060_zone_only
369,327695,327680,Pools of Arlithrien,1,Kalimdor,1,Kalimdor,kalimdor/teldrassil/poolsofarlithrien,478,Pools of Arlithrien,141,Teldrassil,1,Kalimdor,kalimdor/pools of arlithrien,pivot_060
370,851970,851968,The Rustmaul Dig Site,1,Kalimdor,1,Kalimdor,kalimdor/thousandneedles/rustmauldigsite,479,The Rustmaul Dig Site,400,Thousand Needles,1,Kalimdor,kalimdor/the rustmaul dig site,pivot_060
371,851971,851968,Camp E'thok,1,Kalimdor,1,Kalimdor,kalimdor/thousandneedles/campethok,480,Camp E'thok,400,Thousand Needles,1,Kalimdor,kalimdor/camp e'thok,pivot_060
372,851973,851968,Highperch,1,Kalimdor,1,Kalimdor,kalimdor/thousandneedles/highperch,482,Highperch,400,Thousand Needles,1,Kalimdor,kalimdor/highperch,pivot_060
373,851974,851968,The Screeching Canyon,1,Kalimdor,1,Kalimdor,kalimdor/thousandneedles/screechingcanyon,483,The Screeching Canyon,400,Thousand Needles,1,Kalimdor,kalimdor/the screeching canyon,pivot_060
374,851975,851968,Freewind Post,1,Kalimdor,1,Kalimdor,kalimdor/thousandneedles/freewindpost,484,Freewind Post,400,Thousand Needles,1,Kalimdor,kalimdor/freewind post,pivot_060
375,851976,851968,The Great Lift,1,Kalimdor,1,Kalimdor,kalimdor/thousandneedles/greatlift,485,The Great Lift,400,Thousand Needles,1,Kalimdor,kalimdor/the great lift,pivot_060
376,851977,851968,Galak Hold,1,Kalimdor,1,Kalimdor,kalimdor/thousandneedles/galakhold,486,Galak Hold,400,Thousand Needles,1,Kalimdor,kalimdor/galak hold,pivot_060
377,851978,851968,Roguefeather Den,1,Kalimdor,1,Kalimdor,kalimdor/thousandneedles/roguefeatherden,487,Roguefeather Den,400,Thousand Needles,1,Kalimdor,kalimdor/roguefeather den,pivot_060
378,851979,851968,The Weathered Nook,1,Kalimdor,1,Kalimdor,kalimdor/thousandneedles/weatherednook,488,The Weathered Nook,400,Thousand Needles,1,Kalimdor,kalimdor/the weathered nook,pivot_060
379,655361,655360,Thalanaar,1,Kalimdor,1,Kalimdor,kalimdor/feralas/thalanaar,489,Thalanaar,357,Feralas,1,Kalimdor,kalimdor/thalanaar,pivot_060
380,1179648,1179648,Ungoro Crater,1,Kalimdor,1,Kalimdor,kalimdor/ungorocrater,490,Un'Goro Crater,490,Un'Goro Crater,1,Kalimdor,kalimdor/un'goro crater,pivot_060
383,1245184,1245184,Moonglade,1,Kalimdor,1,Kalimdor,kalimdor/moonglade,493,Moonglade,493,Moonglade,1,Kalimdor,kalimdor/moonglade,pivot_060
384,196610,196608,Brackenwall Village,1,Kalimdor,1,Kalimdor,kalimdor/dustwallowmarsh/brackenwallvillage,496,Brackenwall Village,15,Dustwallow Marsh,1,Kalimdor,kalimdor/brackenwall village,pivot_060
386,196611,196608,Swamplight Manor,1,Kalimdor,1,Kalimdor,kalimdor/dustwallowmarsh/swamplightmanor,497,Swamplight Manor,15,Dustwallow Marsh,1,Kalimdor,kalimdor/swamplight manor,pivot_060
387,196612,196608,Bloodfen Burrow,1,Kalimdor,1,Kalimdor,kalimdor/dustwallowmarsh/bloodfenburrow,498,Bloodfen Burrow,15,Dustwallow Marsh,1,Kalimdor,kalimdor/bloodfen burrow,pivot_060
388,196613,196608,Darkmist Cavern,1,Kalimdor,1,Kalimdor,kalimdor/dustwallowmarsh/darkmistcavern,499,Darkmist Cavern,15,Dustwallow Marsh,1,Kalimdor,kalimdor/darkmist cavern,pivot_060
389,196618,196608,North Point Tower,1,Kalimdor,1,Kalimdor,kalimdor/dustwallowmarsh/northpointtower,504,North Point Tower,15,Dustwallow Marsh,1,Kalimdor,kalimdor/north point tower,pivot_060
390,196619,196608,West Point Tower,1,Kalimdor,1,Kalimdor,kalimdor/dustwallowmarsh/westpointtower,505,West Point Tower,15,Dustwallow Marsh,1,Kalimdor,kalimdor/west point tower,pivot_060
391,196620,196608,Lost Point,1,Kalimdor,1,Kalimdor,kalimdor/dustwallowmarsh/lostpoint,506,Lost Point,15,Dustwallow Marsh,1,Kalimdor,kalimdor/lost point,pivot_060
392,196621,196608,Bluefen,1,Kalimdor,1,Kalimdor,kalimdor/dustwallowmarsh/bluefen,507,Bluefen,15,Dustwallow Marsh,1,Kalimdor,kalimdor/bluefen,pivot_060
393,196622,196608,Stonemaul Ruins,1,Kalimdor,1,Kalimdor,kalimdor/dustwallowmarsh/stonemaulruins,508,Stonemaul Ruins,15,Dustwallow Marsh,1,Kalimdor,kalimdor/stonemaul ruins,pivot_060
394,196623,196608,The Den of Flame,1,Kalimdor,1,Kalimdor,kalimdor/dustwallowmarsh/denofflame,509,The Den of Flame,15,Dustwallow Marsh,1,Kalimdor,kalimdor/the den of flame,pivot_060
395,196625,196608,Wyrmbog,1,Kalimdor,1,Kalimdor,kalimdor/dustwallowmarsh/wyrmbog,511,Wyrmbog,15,Dustwallow Marsh,1,Kalimdor,kalimdor/wyrmbog,pivot_060
396,196626,196608,Onyxia's Lair,1,Kalimdor,1,Kalimdor,kalimdor/dustwallowmarsh/onyxiaslair,15,Dustwallow Marsh,15,Dustwallow Marsh,1,Kalimdor,kalimdor/dustwallow marsh,pivot_060_zone_only
397,196627,196608,Theramore Isle,1,Kalimdor,1,Kalimdor,kalimdor/dustwallowmarsh/theramoreisle,513,Theramore Isle,15,Dustwallow Marsh,1,Kalimdor,kalimdor/theramore isle,pivot_060
398,196628,196608,Foothold Citadel,1,Kalimdor,1,Kalimdor,kalimdor/dustwallowmarsh/footholdcitadel,514,Foothold Citadel,15,Dustwallow Marsh,1,Kalimdor,kalimdor/foothold citadel,pivot_060
399,196629,196608,Ironclad Prison,1,Kalimdor,1,Kalimdor,kalimdor/dustwallowmarsh/ironcladprison,515,Ironclad Prison,15,Dustwallow Marsh,1,Kalimdor,kalimdor/ironclad prison,pivot_060
400,196630,196608,Dustwallow Bay,1,Kalimdor,1,Kalimdor,kalimdor/dustwallowmarsh/dustwallowbay,516,Dustwallow Bay,15,Dustwallow Marsh,1,Kalimdor,kalimdor/dustwallow bay,pivot_060
401,196631,196608,Tidefury Cove,1,Kalimdor,1,Kalimdor,kalimdor/dustwallowmarsh/tidefurycove,517,Tidefury Cove,15,Dustwallow Marsh,1,Kalimdor,kalimdor/tidefury cove,pivot_060
402,196632,196608,Dreadmurk Shore,1,Kalimdor,1,Kalimdor,kalimdor/dustwallowmarsh/dreadmurkshore,518,Dreadmurk Shore,15,Dustwallow Marsh,1,Kalimdor,kalimdor/dreadmurk shore,pivot_060
404,1179649,1179648,Fire Plume Ridge,1,Kalimdor,1,Kalimdor,kalimdor/ungorocrater/fireplumeridge,537,Fire Plume Ridge,490,Un'Goro Crater,1,Kalimdor,kalimdor/fire plume ridge,pivot_060
405,1179650,1179648,Lik'ash Tar Pits,1,Kalimdor,1,Kalimdor,kalimdor/ungorocrater/likashtarpits,490,Un'Goro Crater,490,Un'Goro Crater,1,Kalimdor,kalimdor/un'goro crater,pivot_060_zone_only
406,1179651,1179648,Terror Run,1,Kalimdor,1,Kalimdor,kalimdor/ungorocrater/terrorrun,539,Terror Run,490,Un'Goro Crater,1,Kalimdor,kalimdor/terror run,pivot_060
407,1179652,1179648,The Slithering Scar,1,Kalimdor,1,Kalimdor,kalimdor/ungorocrater/slitheringscar,540,The Slithering Scar,490,Un'Goro Crater,1,Kalimdor,kalimdor/the slithering scar,pivot_060
408,1179653,1179648,Marshal's Refuge,1,Kalimdor,1,Kalimdor,kalimdor/ungorocrater/marshalsrefuge,541,Marshal's Refuge,490,Un'Goro Crater,1,Kalimdor,kalimdor/marshal's refuge,pivot_060
409,1179654,1179648,Fungal Rock,1,Kalimdor,1,Kalimdor,kalimdor/ungorocrater/fungalrock,542,Fungal Rock,490,Un'Goro Crater,1,Kalimdor,kalimdor/fungal rock,pivot_060
410,1179655,1179648,Golakka Hot Springs,1,Kalimdor,1,Kalimdor,kalimdor/ungorocrater/golakkahotsprings,543,Golakka Hot Springs,490,Un'Goro Crater,1,Kalimdor,kalimdor/golakka hot springs,pivot_060
415,524303,524288,Moonwell,1,Kalimdor,1,Kalimdor,kalimdor/ashenvale/moonwell,425,Moonwell,331,Ashenvale,1,Kalimdor,kalimdor/moonwell,pivot_060
418,65542,65536,The Sludge Fen,1,Kalimdor,1,Kalimdor,kalimdor/barrens/sludgefen,382,The Sludge Fen,17,The Barrens,1,Kalimdor,kalimdor/the sludge fen,pivot_060
419,524309,524288,Solace Glade,1,Kalimdor,1,Kalimdor,kalimdor/ashenvale/solaceglade,331,Ashenvale,331,Ashenvale,1,Kalimdor,kalimdor/ashenvale,pivot_060_zone_only
420,458769,458752,Mantle Rock,1,Kalimdor,1,Kalimdor,kalimdor/mulgore/mantlerock,473,Mantle Rock,215,Mulgore,1,Kalimdor,kalimdor/mantle rock,pivot_060
427,327683,327680,Shadowglen,1,Kalimdor,1,Kalimdor,kalimdor/teldrassil/shadowglen,188,Shadowglen,141,Teldrassil,1,Kalimdor,kalimdor/shadowglen,pivot_060
428,458753,458752,Red Cloud Mesa,1,Kalimdor,1,Kalimdor,kalimdor/mulgore/redcloudmesa,220,Red Cloud Mesa,215,Mulgore,1,Kalimdor,kalimdor/red cloud mesa,pivot_060
433,131082,131072,Dustwind Cave,1,Kalimdor,1,Kalimdor,kalimdor/durotar/dustwindcave,371,Dustwind Cave,14,Durotar,1,Kalimdor,kalimdor/dustwind cave,pivot_060
434,196609,196608,Shady Rest Inn,1,Kalimdor,1,Kalimdor,kalimdor/dustwallowmarsh/shadyrestinn,403,Shady Rest Inn,15,Dustwallow Marsh,1,Kalimdor,kalimdor/shady rest inn,pivot_060
435,524306,524288,Night Run,1,Kalimdor,1,Kalimdor,kalimdor/ashenvale/nightrun,428,Night Run,331,Ashenvale,1,Kalimdor,kalimdor/night run,pivot_060
436,524312,524288,Felfire Hill,1,Kalimdor,1,Kalimdor,kalimdor/ashenvale/felfirehill,434,Felfire Hill,331,Ashenvale,1,Kalimdor,kalimdor/felfire hill,pivot_060
437,1114112,1114112,The Veiled Sea,1,Kalimdor,1,Kalimdor,kalimdor/veiledsea,457,The Veiled Sea,457,The Veiled Sea,1,Kalimdor,kalimdor/the veiled sea,pivot_060
438,851972,851968,Splithoof Crag,1,Kalimdor,1,Kalimdor,kalimdor/thousandneedles/splithoofcrag,481,Splithoof Crag,400,Thousand Needles,1,Kalimdor,kalimdor/splithoof crag,pivot_060
439,196617,196608,Sentry Point,1,Kalimdor,1,Kalimdor,kalimdor/dustwallowmarsh/sentrypoint,503,Sentry Point,15,Dustwallow Marsh,1,Kalimdor,kalimdor/sentry point,pivot_060
448,65547,65536,Lushwater Oasis,1,Kalimdor,1,Kalimdor,kalimdor/barrens/lushwateroasis,387,Lushwater Oasis,17,The Barrens,1,Kalimdor,kalimdor/lushwater oasis,pivot_060
449,393228,393216,The Long Wash,1,Kalimdor,1,Kalimdor,kalimdor/darkshore/longwash,453,The Long Wash,148,Darkshore,1,Kalimdor,kalimdor/the long wash,pivot_060
450,196624,196608,The Dragonmurk,1,Kalimdor,1,Kalimdor,kalimdor/dustwallowmarsh/dragonmurk,510,The Dragonmurk,15,Dustwallow Marsh,1,Kalimdor,kalimdor/the dragonmurk,pivot_060
459,917505,917504,Kodo Graveyard,1,Kalimdor,1,Kalimdor,kalimdor/desolace/kodograveyard,596,Kodo Graveyard,405,Desolace,1,Kalimdor,kalimdor/kodo graveyard,pivot_060
460,917506,917504,Ghost Walker Post,1,Kalimdor,1,Kalimdor,kalimdor/desolace/ghostwalkerpost,597,Ghost Walker Post,405,Desolace,1,Kalimdor,kalimdor/ghost walker post,pivot_060
461,917507,917504,Sar'theris Strand,1,Kalimdor,1,Kalimdor,kalimdor/desolace/sartherisstrand,598,Sar'theris Strand,405,Desolace,1,Kalimdor,kalimdor/sar'theris strand,pivot_060
462,917508,917504,Thunder Axe Fortress,1,Kalimdor,1,Kalimdor,kalimdor/desolace/thunderaxefortress,599,Thunder Axe Fortress,405,Desolace,1,Kalimdor,kalimdor/thunder axe fortress,pivot_060
463,917509,917504,Bolgan's Hole,1,Kalimdor,1,Kalimdor,kalimdor/desolace/bolganshole,600,Bolgan's Hole,405,Desolace,1,Kalimdor,kalimdor/bolgan's hole,pivot_060
464,917518,917504,Kolkar Village,1,Kalimdor,1,Kalimdor,kalimdor/desolace/kolkarvillage,609,Kolkar Village,405,Desolace,1,Kalimdor,kalimdor/kolkar village,pivot_060
465,917511,917504,Mannoroc Coven,1,Kalimdor,1,Kalimdor,kalimdor/desolace/mannoroccoven,602,Mannoroc Coven,405,Desolace,1,Kalimdor,kalimdor/mannoroc coven,pivot_060
466,917512,917504,Sargeron,1,Kalimdor,1,Kalimdor,kalimdor/desolace/sargeron,603,Sargeron,405,Desolace,1,Kalimdor,kalimdor/sargeron,pivot_060
467,917513,917504,Magram Village,1,Kalimdor,1,Kalimdor,kalimdor/desolace/magramvillage,604,Magram Village,405,Desolace,1,Kalimdor,kalimdor/magram village,pivot_060
469,917515,917504,Gelkis Village,1,Kalimdor,1,Kalimdor,kalimdor/desolace/gelkisvillage,606,Gelkis Village,405,Desolace,1,Kalimdor,kalimdor/gelkis village,pivot_060
470,917516,917504,Valley of Spears,1,Kalimdor,1,Kalimdor,kalimdor/desolace/valleyofspears,607,Valley of Spears,405,Desolace,1,Kalimdor,kalimdor/valley of spears,pivot_060
471,917517,917504,Nijel's Point,1,Kalimdor,1,Kalimdor,kalimdor/desolace/nijelspoint,608,Nijel's Point,405,Desolace,1,Kalimdor,kalimdor/nijel's point,pivot_060
476,458764,458752,Skyline Ridge,1,Kalimdor,1,Kalimdor,kalimdor/mulgore/skylineridge,399,Skyline Ridge,215,Mulgore,1,Kalimdor,kalimdor/skyline ridge,pivot_060
477,524307,524288,Xavian,1,Kalimdor,1,Kalimdor,kalimdor/ashenvale/xavian,429,Xavian,331,Ashenvale,1,Kalimdor,kalimdor/xavian,pivot_060
478,524315,524288,Kargathia Outpost,1,Kalimdor,1,Kalimdor,kalimdor/ashenvale/kargathiaoutpost,331,Ashenvale,331,Ashenvale,1,Kalimdor,kalimdor/ashenvale,pivot_060_zone_only
479,983048,983040,Stonetalon Peak,1,Kalimdor,1,Kalimdor,kalimdor/stonetalonmountains/stonetalonpeak,467,Stonetalon Peak,406,Stonetalon Mountains,1,Kalimdor,kalimdor/stonetalon peak,pivot_060
480,196615,196608,Beezil's Wreck,1,Kalimdor,1,Kalimdor,kalimdor/dustwallowmarsh/beezilswreck,501,Beezil's Wreck,15,Dustwallow Marsh,1,Kalimdor,kalimdor/beezil's wreck,pivot_060
485,1310720,1310720,Hyjal,1,Kalimdor,1,Kalimdor,kalimdor/hyjal,616,Hyjal,616,Hyjal,1,Kalimdor,kalimdor/hyjal,pivot_060
487,1376256,1376256,Winterspring,1,Kalimdor,1,Kalimdor,kalimdor/winterspring,618,Winterspring,618,Winterspring,1,Kalimdor,kalimdor/winterspring,pivot_060
488,327681,327680,Dolanaar,1,Kalimdor,1,Kalimdor,kalimdor/teldrassil/dolanaar,186,Dolanaar,141,Teldrassil,1,Kalimdor,kalimdor/dolanaar,pivot_060
489,196614,196608,Moggle Point,1,Kalimdor,1,Kalimdor,kalimdor/dustwallowmarsh/mogglepoint,500,Moggle Point,15,Dustwallow Marsh,1,Kalimdor,kalimdor/moggle point,pivot_060
490,196616,196608,Witch Hill,1,Kalimdor,1,Kalimdor,kalimdor/dustwallowmarsh/witchhill,502,Witch Hill,15,Dustwallow Marsh,1,Kalimdor,kalimdor/witch hill,pivot_060
491,524290,524288,The Ruins of Ordil'Aran,1,Kalimdor,1,Kalimdor,kalimdor/ashenvale/ruinsofordilaran,412,The Ruins of Ordil'Aran,331,Ashenvale,1,Kalimdor,kalimdor/the ruins of ordil'aran,pivot_060
492,983051,983040,Blackwolf River,1,Kalimdor,1,Kalimdor,kalimdor/stonetalonmountains/blackwolfriver,636,Blackwolf River,406,Stonetalon Mountains,1,Kalimdor,kalimdor/blackwolf river,pivot_060
501,458773,458752,Kodo Rock,1,Kalimdor,1,Kalimdor,kalimdor/mulgore/kodorock,637,Kodo Rock,215,Mulgore,1,Kalimdor,kalimdor/kodo rock,pivot_060
502,131090,131072,Hidden Path,1,Kalimdor,1,Kalimdor,kalimdor/durotar/hiddenpath,638,Hidden Path,14,Durotar,1,Kalimdor,kalimdor/hidden path,pivot_060
503,131091,131072,Spirit Rock,1,Kalimdor,1,Kalimdor,kalimdor/durotar/spiritrock,639,Spirit Rock,14,Durotar,1,Kalimdor,kalimdor/spirit rock,pivot_060
504,131092,131072,Shrine of the Dormant Flame,1,Kalimdor,1,Kalimdor,kalimdor/durotar/shrineofthedormantflame,640,Shrine of the Dormant Flame,14,Durotar,1,Kalimdor,kalimdor/shrine of the dormant flame,pivot_060
509,65555,65536,Fray Island,1,Kalimdor,1,Kalimdor,kalimdor/barrens/frayisland,720,Fray Island,17,The Barrens,1,Kalimdor,kalimdor/fray island,pivot_060
