﻿src_row_id,src_areaNumber,src_parentNumber,src_name,src_mapId,src_chain,pivot_mapId,pivot_chain,lk_mapId,lk_chain,chosen_tgt_id,matched_depth,method
1,589825,589824,Dreadmaul Rock,0,burningsteppes/dreadmaulrock,0,burningsteppes/dreadmaulrock,0,burningsteppes/dreadmaulrock,249,2,pivot_060
2,589827,589824,Flame Crest,0,burningsteppes/flamecrest,0,burningsteppes/flamecrest,0,burningsteppes/flamecrest,251,2,pivot_060
3,589828,589824,Blackrock Stronghold,0,burningsteppes/blackrockstronghold,0,burningsteppes/blackrockstronghold,0,burningsteppes/blackrockstronghold,252,2,pivot_060
4,589829,589824,The Pillar of Ash,0,burningsteppes/pillarofash,0,burningsteppes/pillarofash,0,burningsteppes/pillarofash,253,2,pivot_060
5,589831,589824,Altar of Storms,0,burningsteppes/altarofstorms,0,burningsteppes/altarofstorms,0,burningsteppes/altarofstorms,255,2,pivot_060
17,1966080,1966080,Hillsbrad Foothills,0,hillsbradfoothills,0,hillsbradfoothills,0,hillsbradfoothills,267,1,pivot_060
18,2031616,2031616,Dun Algaz,0,dunalgaz,0,dunalgaz,0,dunalgaz,269,1,pivot_060
19,1966083,1966080,Tarren Mill,0,hillsbradfoothills/tarrenmill,0,hillsbradfoothills/tarrenmill,0,hillsbradfoothills/tarrenmill,272,2,pivot_060
20,1966086,1966080,Durnholde Keep,0,hillsbradfoothills/durnholdekeep,0,hillsbradfoothills/durnholdekeep,0,hillsbradfoothills/durnholdekeep,275,2,pivot_060
21,1310721,1310720,The Foothill Caverns,0,alteracmountains/foothillcaverns,0,alteracmountains/foothillcaverns,0,alteracmountains/foothillcaverns,277,2,pivot_060
22,1310722,1310720,Lordamere Internment Camp,0,alteracmountains/lordamereinternmentcamp,0,alteracmountains/lordamereinternmentcamp,0,alteracmountains/lordamereinternmentcamp,278,2,pivot_060
23,1310723,1310720,Dalaran,0,alteracmountains/dalaran,0,alteracmountains/dalaran,0,alteracmountains/dalaran,36,1,pivot_060_zone_only
24,1310724,1310720,Strahnbrad,0,alteracmountains/strahnbrad,0,alteracmountains/strahnbrad,0,alteracmountains/strahnbrad,280,2,pivot_060
25,1310725,1310720,Ruins of Alterac,0,alteracmountains/ruinsofalterac,0,alteracmountains/ruinsofalterac,0,alteracmountains/ruinsofalterac,281,2,pivot_060
26,1310726,1310720,Crushridge Hold,0,alteracmountains/crushridgehold,0,alteracmountains/crushridgehold,0,alteracmountains/crushridgehold,282,2,pivot_060
27,1310727,1310720,Slaughter Hollow,0,alteracmountains/slaughterhollow,0,alteracmountains/slaughterhollow,0,alteracmountains/slaughterhollow,283,2,pivot_060
28,1310728,1310720,The Uplands,0,alteracmountains/uplands,0,alteracmountains/uplands,0,alteracmountains/uplands,284,2,pivot_060
29,1966087,1966080,Southpoint Tower,0,hillsbradfoothills/southpointtower,0,hillsbradfoothills/southpointtower,0,hillsbradfoothills/southpointtower,285,2,pivot_060
30,1966088,1966080,Hillsbrad Fields,0,hillsbradfoothills/hillsbradfields,0,hillsbradfoothills/hillsbradfields,0,hillsbradfoothills/hillsbradfields,286,2,pivot_060
31,1966089,1966080,Hillsbrad,0,hillsbradfoothills/hillsbrad,0,hillsbradfoothills/hillsbrad,0,hillsbradfoothills/hillsbrad,287,2,pivot_060
32,1966090,1966080,Azureload Mine,0,hillsbradfoothills/azureloadmine,0,hillsbradfoothills/azureloadmine,0,hillsbradfoothills/azureloadmine,267,1,pivot_060_zone_only
33,1966091,1966080,Nethander Stead,0,hillsbradfoothills/nethanderstead,0,hillsbradfoothills/nethanderstead,0,hillsbradfoothills/nethanderstead,289,2,pivot_060
34,1966092,1966080,Dun Garok,0,hillsbradfoothills/dungarok,0,hillsbradfoothills/dungarok,0,hillsbradfoothills/dungarok,290,2,pivot_060
35,2162688,2162688,Thoradin's Wall,0,thoradinswall,0,thoradinswall,0,thoradinswall,293,1,pivot_060
36,1966095,1966080,Eastern Strand,0,hillsbradfoothills/easternstrand,0,hillsbradfoothills/easternstrand,0,hillsbradfoothills/easternstrand,294,2,pivot_060
37,2228224,2228224,South Seas,0,southseasunused,0,southseasunused,0,southseasunused,296,1,pivot_060
38,720919,720896,Jaguero Isle,0,stranglethornvale/jagueroisle,0,stranglethornvale/jagueroisle,0,stranglethornvale/jagueroisle,297,2,pivot_060
39,917509,917504,Baradin Bay,0,wetlands/baradinbay,0,wetlands/baradinbay,0,wetlands/baradinbay,298,2,pivot_060
40,917510,917504,Menethil Bay,0,wetlands/menethilbay,0,wetlands/menethilbay,0,wetlands/menethilbay,299,2,pivot_060
41,458757,458752,Mistyreed Strand,0,swampofsorrows/mistyreedstrand,0,swampofsorrows/mistyreedstrand,0,swampofsorrows/mistyreedstrand,300,2,pivot_060
42,720920,720896,The Savage Coast,0,stranglethornvale/savagecoast,0,stranglethornvale/savagecoast,0,stranglethornvale/savagecoast,301,2,pivot_060
43,720922,720896,Shell Beach,0,stranglethornvale/shellbeach,0,stranglethornvale/shellbeach,0,stranglethornvale/shellbeach,303,2,pivot_060
44,1638419,1638400,North Tide's Run,0,silverpineforest/northtidesrun,0,silverpineforest/northtidesrun,0,silverpineforest/northtidesrun,305,2,pivot_060
45,1638420,1638400,South Tide's Run,0,silverpineforest/southtidesrun,0,silverpineforest/southtidesrun,0,silverpineforest/southtidesrun,306,2,pivot_060
46,786433,786432,The Overlook Cliffs,0,hinterlands/overlookcliffs,0,hinterlands/overlookcliffs,0,hinterlands/overlookcliffs,307,2,pivot_060
47,917511,917504,Ironbeard's Tomb,0,wetlands/ironbeardstomb,0,wetlands/ironbeardstomb,0,wetlands/ironbeardstomb,309,2,pivot_060
48,720923,720896,Crystalvein Mine,0,stranglethornvale/crystalveinmine,0,stranglethornvale/crystalveinmine,0,stranglethornvale/crystalveinmine,310,2,pivot_060
49,720925,720896,Janeiro's Point,0,stranglethornvale/janeirospoint,0,stranglethornvale/janeirospoint,0,stranglethornvale/janeirospoint,312,2,pivot_060
50,851970,851968,Go'Shek Farm,0,arathihighlands/goshekfarm,0,arathihighlands/goshekfarm,0,arathihighlands/goshekfarm,314,2,pivot_060
51,851972,851968,Boulderfist Hall,0,arathihighlands/boulderfisthall,0,arathihighlands/boulderfisthall,0,arathihighlands/boulderfisthall,316,2,pivot_060
52,851974,851968,Drywhisker Gorge,0,arathihighlands/drywhiskergorge,0,arathihighlands/drywhiskergorge,0,arathihighlands/drywhiskergorge,318,2,pivot_060
53,851976,851968,Refuge Pointe,0,arathihighlands/refugepointe,0,arathihighlands/refugepointe,0,arathihighlands/refugepointe,320,2,pivot_060
54,851977,851968,Hammerfall,0,arathihighlands/hammerfall,0,arathihighlands/hammerfall,0,arathihighlands/hammerfall,321,2,pivot_060
55,851979,851968,O'Breen's Camp,0,arathihighlands/obreenscamp,0,arathihighlands/obreenscamp,0,arathihighlands/obreenscamp,323,2,pivot_060
56,851980,851968,Stromgarde Keep,0,arathihighlands/stromgardekeep,0,arathihighlands/stromgardekeep,0,arathihighlands/stromgardekeep,324,2,pivot_060
57,851981,851968,The Tower of Arathor,0,arathihighlands/towerofarathor,0,arathihighlands/towerofarathor,0,arathihighlands/towerofarathor,325,2,pivot_060
58,851982,851968,The Sanctum,0,arathihighlands/sanctum,0,arathihighlands/sanctum,0,arathihighlands/sanctum,326,2,pivot_060
59,851983,851968,Faldir's Cove,0,arathihighlands/faldirscove,0,arathihighlands/faldirscove,0,arathihighlands/faldirscove,327,2,pivot_060
60,2359296,2359296,Thandol Span,0,thandolspan,0,thandolspan,0,thandolspan,330,1,pivot_060
63,851985,851968,Circle of East Binding,0,arathihighlands/circleofeastbinding,0,arathihighlands/circleofeastbinding,0,arathihighlands/circleofeastbinding,333,2,pivot_060
64,851986,851968,Circle of West Binding,0,arathihighlands/circleofwestbinding,0,arathihighlands/circleofwestbinding,0,arathihighlands/circleofwestbinding,334,2,pivot_060
65,851987,851968,Circle of Inner Binding,0,arathihighlands/circleofinnerbinding,0,arathihighlands/circleofinnerbinding,0,arathihighlands/circleofinnerbinding,335,2,pivot_060
66,851988,851968,Circle of Outer Binding,0,arathihighlands/circleofouterbinding,0,arathihighlands/circleofouterbinding,0,arathihighlands/circleofouterbinding,336,2,pivot_060
67,1114113,1114112,Apocryphan's Rest,0,badlands/apocryphansrest,0,badlands/apocryphansrest,0,badlands/apocryphansrest,337,2,pivot_060
68,1114116,1114112,Kargath,0,badlands/kargath,0,badlands/kargath,0,badlands/kargath,340,2,pivot_060
69,1114117,1114112,Camp Kosh,0,badlands/campkosh,0,badlands/campkosh,0,badlands/campkosh,341,2,pivot_060
70,1114118,1114112,Camp Boff,0,badlands/campboff,0,badlands/campboff,0,badlands/campboff,342,2,pivot_060
71,1114119,1114112,Camp Wurg,0,badlands/campwurg,0,badlands/campwurg,0,badlands/campwurg,343,2,pivot_060
72,1114120,1114112,Camp Cagg,0,badlands/campcagg,0,badlands/campcagg,0,badlands/campcagg,344,2,pivot_060
73,1114121,1114112,Agmond's End,0,badlands/agmondsend,0,badlands/agmondsend,0,badlands/agmondsend,345,2,pivot_060
74,1114122,1114112,Hammertoe's Digsite,0,badlands/hammertoesdigsite,0,badlands/hammertoesdigsite,0,badlands/hammertoesdigsite,346,2,pivot_060
75,1114123,1114112,Dustbelch Grotto,0,badlands/dustbelchgrotto,0,badlands/dustbelchgrotto,0,badlands/dustbelchgrotto,347,2,pivot_060
76,786434,786432,Aerie Peak,0,hinterlands/aeriepeak,0,hinterlands/aeriepeak,0,hinterlands/aeriepeak,348,2,pivot_060
77,786435,786432,Wildhammer Keep,0,hinterlands/wildhammerkeep,0,hinterlands/wildhammerkeep,0,hinterlands/wildhammerkeep,349,2,pivot_060
78,786436,786432,Quel'Danil Lodge,0,hinterlands/queldanillodge,0,hinterlands/queldanillodge,0,hinterlands/queldanillodge,350,2,pivot_060
79,786437,786432,Skulk Rock,0,hinterlands/skulkrock,0,hinterlands/skulkrock,0,hinterlands/skulkrock,351,2,pivot_060
80,786438,786432,Zun'watha,0,hinterlands/zunwatha,0,hinterlands/zunwatha,0,hinterlands/zunwatha,352,2,pivot_060
81,786439,786432,Shadra'Alor,0,hinterlands/shadraalor,0,hinterlands/shadraalor,0,hinterlands/shadraalor,353,2,pivot_060
82,786442,786432,Seradane,0,hinterlands/seradane,0,hinterlands/seradane,0,hinterlands/seradane,356,2,pivot_060
115,2424832,2424832,Darrowmere Lake,0,darrowmerelake,0,darrowmerelake,0,westernplaguelands/darrowmerelake,2297,2,pivot_060_reparent
116,2424833,2424832,Caer Darrow,0,darrowmerelake/caerdarrow,0,darrowmerelake/caerdarrow,0,westernplaguelands/caerdarrow,2298,2,pivot_060
119,1048576,1048576,Dun Morogh,0,dunmorogh,0,dunmorogh,0,dunmorogh,1,1,pivot_060
120,196611,196608,Longshore,0,westfall/longshore,0,westfall/longshore,0,westfall/longshore,2,2,pivot_060
121,1114112,1114112,Badlands,0,badlands,0,badlands,0,badlands,3,1,pivot_060
122,131072,131072,Blasted Lands,0,blastedlands,0,blastedlands,0,blastedlands,4,1,pivot_060
123,720897,720896,Blackwater Cove,0,stranglethornvale/blackwatercove,0,stranglethornvale/blackwatercove,0,stranglethornvale/blackwatercove,7,2,pivot_060
124,458752,458752,Swamp of Sorrows,0,swampofsorrows,0,swampofsorrows,0,swampofsorrows,8,1,pivot_060
125,393218,393216,Northshire Valley,0,elwynnforest/northshirevalley,0,elwynnforest/northshirevalley,0,elwynnforest/northshirevalley,9,2,pivot_060
126,393216,393216,Elwynn Forest,0,elwynnforest,0,elwynnforest,0,elwynnforest,12,1,pivot_060
131,393220,393216,Crystal Lake,0,elwynnforest/crystallake,0,elwynnforest/crystallake,0,elwynnforest/crystallake,18,2,pivot_060
132,196610,196608,Moonbrook,0,westfall/moonbrook,0,westfall/moonbrook,0,westfall/moonbrook,20,2,pivot_060
133,1376256,1376256,Kul Tiras,0,kultiras,0,kultiras,0,kultiras,21,1,pivot_060
134,393223,393216,Northshire River,0,elwynnforest/northshireriver,0,elwynnforest/northshireriver,0,elwynnforest/northshireriver,23,2,pivot_060
135,393224,393216,Northshire Abbey,0,elwynnforest/northshireabbey,0,elwynnforest/northshireabbey,0,elwynnforest/northshireabbey,24,2,pivot_060
136,1179648,1179648,Blackrock Mountain,0,blackrockmountain,0,blackrockmountain,0,blackrockmountain,25,1,pivot_060
137,1245184,1245184,Western Plaguelands,0,westernplaguelands,0,westernplaguelands,0,westernplaguelands,28,1,pivot_060
138,655360,655360,Nine,0,nine,0,nine,0,nine,30,1,pivot_060
139,262147,262144,The Cemetary,0,duskwood/cemetary,0,duskwood/cemetary,0,duskwood/cemetary,32,2,pivot_060
140,720896,720896,Stranglethorn Vale,0,stranglethornvale,0,stranglethornvale,0,stranglethornvale,33,1,pivot_060
141,393222,393216,Echo Ridge Mine,0,elwynnforest/echoridgemine,0,elwynnforest/echoridgemine,0,elwynnforest/echoridgemine,34,2,pivot_060
142,720901,720896,Booty Bay,0,stranglethornvale/bootybay,0,stranglethornvale/bootybay,0,stranglethornvale/bootybay,35,2,pivot_060
143,1310720,1310720,Alterac Mountains,0,alteracmountains,0,alteracmountains,0,alteracmountains,36,1,pivot_060
144,720899,720896,Lake Nazferiti,0,stranglethornvale/lakenazferiti,0,stranglethornvale/lakenazferiti,0,stranglethornvale/lakenazferiti,37,2,pivot_060
145,983040,983040,Loch Modan,0,lochmodan,0,lochmodan,0,lochmodan,38,1,pivot_060
146,196608,196608,Westfall,0,westfall,0,westfall,0,westfall,40,1,pivot_060
147,262145,262144,Darkshire,0,duskwood/darkshire,0,duskwood/darkshire,0,duskwood/darkshire,42,2,pivot_060
148,720898,720896,Wild Shore,0,stranglethornvale/wildshore,0,stranglethornvale/wildshore,0,stranglethornvale/wildshore,43,2,pivot_060
149,524288,524288,Redridge Mountains,0,redridgemountains,0,redridgemountains,0,redridgemountains,44,1,pivot_060
150,851968,851968,Arathi Highlands,0,arathihighlands,0,arathihighlands,0,arathihighlands,45,1,pivot_060
151,589824,589824,Burning Steppes,0,burningsteppes,0,burningsteppes,0,burningsteppes,46,1,pivot_060
152,786432,786432,The Hinterlands,0,hinterlands,0,hinterlands,0,hinterlands,47,1,pivot_060
154,1507328,1507328,Searing Gorge,0,searinggorge,0,searinggorge,0,searinggorge,51,1,pivot_060
155,393228,393216,Thieves Camp,0,elwynnforest/thievescamp,0,elwynnforest/thievescamp,0,elwynnforest/thievescamp,53,2,pivot_060
156,393230,393216,Valley of Heroes,0,elwynnforest/valleyofheroes,0,elwynnforest/valleyofheroes,0,elwynnforest/valleyofheroes,12,1,pivot_060_zone_only
157,393231,393216,Hero's Vigil,0,elwynnforest/herosvigil,0,elwynnforest,0,elwynnforest,12,1,pivot_060
158,393232,393216,Fargodeep Mine,0,elwynnforest/fargodeepmine,0,elwynnforest/fargodeepmine,0,elwynnforest/fargodeepmine,57,2,pivot_060
159,393233,393216,Northshire Vineyards,0,elwynnforest/northshirevineyards,0,elwynnforest/northshirevineyards,0,elwynnforest/northshirevineyards,59,2,pivot_060
160,393235,393216,Thunder Falls,0,elwynnforest/thunderfalls,0,elwynnforest/thunderfalls,0,elwynnforest/thunderfalls,61,2,pivot_060
161,393236,393216,Brackwell Pumpkin Patch,0,elwynnforest/brackwellpumpkinpatch,0,elwynnforest/brackwellpumpkinpatch,0,elwynnforest/brackwellpumpkinpatch,62,2,pivot_060
162,393237,393216,The Stonefield Farm,0,elwynnforest/stonefieldfarm,0,elwynnforest/stonefieldfarm,0,elwynnforest/stonefieldfarm,63,2,pivot_060
163,393238,393216,The Maclure Vineyards,0,elwynnforest/maclurevineyards,0,elwynnforest/maclurevineyards,0,elwynnforest/maclurevineyards,64,2,pivot_060
164,0,0,***On Map Dungeon***,0,onmapdungeon,0,onmapdungeon,0,onmapdungeon,-1,0,unmatched
167,524290,524288,Lakeshire,0,redridgemountains/lakeshire,0,redridgemountains/lakeshire,0,redridgemountains/lakeshire,69,2,pivot_060
168,524291,524288,Stonewatch,0,redridgemountains/stonewatch,0,redridgemountains/stonewatch,0,redridgemountains/stonewatch,70,2,pivot_060
169,131073,131072,Dark Portal,0,blastedlands/darkportal,0,blastedlands/darkportal,0,blastedlands/darkportal,72,2,pivot_060
170,131074,131072,Demonic Stronghold,0,blastedlands/demonicstronghold,0,blastedlands/demonicstronghold,0,blastedlands/demonicstronghold,4,1,pivot_060_zone_only
171,458753,458752,Pool of Tears,0,swampofsorrows/pooloftears,0,swampofsorrows/pooloftears,0,swampofsorrows/pooloftears,74,2,pivot_060
172,458754,458752,Stonard,0,swampofsorrows/stonard,0,swampofsorrows/stonard,0,swampofsorrows/stonard,75,2,pivot_060
173,458755,458752,Fallow Sanctuary,0,swampofsorrows/fallowsanctuary,0,swampofsorrows/fallowsanctuary,0,swampofsorrows/fallowsanctuary,76,2,pivot_060
174,1048577,1048576,Anvilmar,0,dunmorogh/anvilmar,0,dunmorogh/anvilmar,0,dunmorogh/anvilmar,77,2,pivot_060
175,393239,393216,Stormwind City,0,elwynnforest/stormwindcity,0,elwynnforest/stormwindcity,0,elwynnforest/stormwindcity,12,1,pivot_060_zone_only
179,1572864,1572864,Tirisfal Glades,0,tirisfalglades,0,tirisfalglades,0,tirisfalglades,85,1,pivot_060
180,393240,393216,Stone Cairn Lake,0,elwynnforest/stonecairnlake,0,elwynnforest/stonecairnlake,0,elwynnforest/stonecairnlake,86,2,pivot_060
181,393242,393216,Eastvale Logging Camp,0,elwynnforest/eastvaleloggingcamp,0,elwynnforest/eastvaleloggingcamp,0,elwynnforest/eastvaleloggingcamp,88,2,pivot_060
182,393243,393216,Mirror Lake Orchard,0,elwynnforest/mirrorlakeorchard,0,elwynnforest/mirrorlakeorchard,0,elwynnforest/mirrorlakeorchard,89,2,pivot_060
183,393244,393216,Tower of Azora,0,elwynnforest/towerofazora,0,elwynnforest/towerofazora,0,elwynnforest/towerofazora,91,2,pivot_060
184,262149,262144,Raven Hill,0,duskwood/ravenhill,0,duskwood/ravenhill,0,duskwood/ravenhill,94,2,pivot_060
185,524293,524288,Redridge Canyons,0,redridgemountains/redridgecanyons,0,redridgemountains/redridgecanyons,0,redridgemountains/redridgecanyons,95,2,pivot_060
186,524294,524288,Tower of Ilgalar,0,redridgemountains/towerofilgalar,0,redridgemountains/towerofilgalar,0,redridgemountains/towerofilgalar,96,2,pivot_060
187,524295,524288,Alther's Mill,0,redridgemountains/althersmill,0,redridgemountains/althersmill,0,redridgemountains/althersmill,97,2,pivot_060
188,524296,524288,Rethban Caverns,0,redridgemountains/rethbancaverns,0,redridgemountains/rethbancaverns,0,redridgemountains/rethbancaverns,98,2,pivot_060
189,720902,720896,Rebel Camp,0,stranglethornvale/rebelcamp,0,stranglethornvale/rebelcamp,0,stranglethornvale/rebelcamp,99,2,pivot_060
190,720904,720896,Kurzen's Compound,0,stranglethornvale/kurzenscompound,0,stranglethornvale/kurzenscompound,0,stranglethornvale/kurzenscompound,101,2,pivot_060
191,720906,720896,Ruins of Zul'Mamwe,0,stranglethornvale/ruinsofzulmamwe,0,stranglethornvale/ruinsofzulmamwe,0,stranglethornvale/ruinsofzulmamwe,103,2,pivot_060
192,720907,720896,The Vile Reef,0,stranglethornvale/vilereef,0,stranglethornvale/vilereef,0,stranglethornvale/vilereef,104,2,pivot_060
193,720908,720896,Mosh'Ogg Ogre Mound,0,stranglethornvale/moshoggogremound,0,stranglethornvale/moshoggogremound,0,stranglethornvale/moshoggogremound,105,2,pivot_060
194,720909,720896,The Stockpile,0,stranglethornvale/stockpile,0,stranglethornvale/stockpile,0,stranglethornvale/stockpile,106,2,pivot_060
195,196612,196608,Saldean's Farm,0,westfall/saldeansfarm,0,westfall/saldeansfarm,0,westfall/saldeansfarm,107,2,pivot_060
196,196613,196608,Sentinel Hill,0,westfall/sentinelhill,0,westfall/sentinelhill,0,westfall/sentinelhill,108,2,pivot_060
197,196614,196608,Furlbrow's Pumpkin Farm,0,westfall/furlbrowspumpkinfarm,0,westfall/furlbrowspumpkinfarm,0,westfall/furlbrowspumpkinfarm,109,2,pivot_060
198,196616,196608,Jangolode Mine,0,westfall/jangolodemine,0,westfall/jangolodemine,0,westfall/jangolodemine,111,2,pivot_060
199,196620,196608,Westfall Lighthouse,0,westfall/westfalllighthouse,0,westfall/westfalllighthouse,0,westfall/westfalllighthouse,115,2,pivot_060
200,458756,458752,Misty Valley,0,swampofsorrows/mistyvalley,0,swampofsorrows/mistyvalley,0,swampofsorrows/mistyvalley,116,2,pivot_060
201,917505,917504,Whelgar's Excavation Site,0,wetlands/whelgarsexcavationsite,0,wetlands/whelgarsexcavationsite,0,wetlands/whelgarsexcavationsite,118,2,pivot_060
202,262150,262144,Tranquil Gardens Cemetery,0,duskwood/tranquilgardenscemetery,0,duskwood/tranquilgardenscemetery,0,duskwood/tranquilgardenscemetery,121,2,pivot_060
203,720911,720896,Zuuldaia Ruins,0,stranglethornvale/zuuldaiaruins,0,stranglethornvale/zuuldaiaruins,0,stranglethornvale/zuuldaiaruins,122,2,pivot_060
204,720912,720896,Bal'lal Ruins,0,stranglethornvale/ballalruins,0,stranglethornvale/ballalruins,0,stranglethornvale/ballalruins,123,2,pivot_060
205,720914,720896,Kal'ai Ruins,0,stranglethornvale/kalairuins,0,stranglethornvale/kalairuins,0,stranglethornvale/kalairuins,125,2,pivot_060
206,720915,720896,Tkashi Ruins,0,stranglethornvale/tkashiruins,0,stranglethornvale/tkashiruins,0,stranglethornvale/tkashiruins,126,2,pivot_060
207,720916,720896,Balia'mah Ruins,0,stranglethornvale/baliamahruins,0,stranglethornvale/baliamahruins,0,stranglethornvale/baliamahruins,127,2,pivot_060
208,720917,720896,Ziata'jai Ruins,0,stranglethornvale/ziatajairuins,0,stranglethornvale/ziatajairuins,0,stranglethornvale/ziatajairuins,128,2,pivot_060
209,720918,720896,Mizjah Ruins,0,stranglethornvale/mizjahruins,0,stranglethornvale/mizjahruins,0,stranglethornvale/mizjahruins,129,2,pivot_060
210,1638400,1638400,Silverpine Forest,0,silverpineforest,0,silverpineforest,0,silverpineforest,130,1,pivot_060
211,1048578,1048576,Kharanos,0,dunmorogh/kharanos,0,dunmorogh/kharanos,0,dunmorogh/kharanos,131,2,pivot_060
212,1048579,1048576,Coldridge Valley,0,dunmorogh/coldridgevalley,0,dunmorogh/coldridgevalley,0,dunmorogh/coldridgevalley,132,2,pivot_060
213,1048580,1048576,Gnomeregan,0,dunmorogh/gnomeregan,0,dunmorogh/gnomeregan,0,dunmorogh/gnomeregan,133,2,pivot_060
214,1048581,1048576,Gol'Bolar Quarry,0,dunmorogh/golbolarquarry,0,dunmorogh/golbolarquarry,0,dunmorogh/golbolarquarry,134,2,pivot_060
215,1048582,1048576,Frostmane Hold,0,dunmorogh/frostmanehold,0,dunmorogh/frostmanehold,0,dunmorogh/frostmanehold,135,2,pivot_060
216,1048583,1048576,The Grizzled Den,0,dunmorogh/grizzledden,0,dunmorogh/grizzledden,0,dunmorogh/grizzledden,136,2,pivot_060
217,1048584,1048576,Brewnall Village,0,dunmorogh/brewnallvillage,0,dunmorogh/brewnallvillage,0,dunmorogh/brewnallvillage,137,2,pivot_060
218,1048585,1048576,Misty Pine Refuge,0,dunmorogh/mistypinerefuge,0,dunmorogh/mistypinerefuge,0,dunmorogh/mistypinerefuge,138,2,pivot_060
219,1703936,1703936,Eastern Plaguelands,0,easternplaguelands,0,easternplaguelands,0,easternplaguelands,139,1,pivot_060
221,983041,983040,Ironband's Excavation Site,0,lochmodan/ironbandsexcavationsite,0,lochmodan/ironbandsexcavationsite,0,lochmodan/ironbandsexcavationsite,142,2,pivot_060
222,983042,983040,Mo'grosh Stronghold,0,lochmodan/mogroshstronghold,0,lochmodan/mogroshstronghold,0,lochmodan/mogroshstronghold,143,2,pivot_060
223,983043,983040,Thelsamar,0,lochmodan/thelsamar,0,lochmodan/thelsamar,0,lochmodan/thelsamar,144,2,pivot_060
224,983044,983040,Algaz Gate,0,lochmodan/algazgate,0,lochmodan/algazgate,0,lochmodan/algazgate,145,2,pivot_060
225,983045,983040,Stonewrought Dam,0,lochmodan/stonewroughtdam,0,lochmodan/stonewroughtdam,0,lochmodan/stonewroughtdam,146,2,pivot_060
226,983046,983040,The Farstrider Lodge,0,lochmodan/farstriderlodge,0,lochmodan/farstriderlodge,0,lochmodan/farstriderlodge,147,2,pivot_060
228,983047,983040,Silver Stream Mine,0,lochmodan/silverstreammine,0,lochmodan/silverstreammine,0,lochmodan/silverstreammine,149,2,pivot_060
229,917507,917504,Menethil Harbor,0,wetlands/menethilharbor,0,wetlands/menethilharbor,0,wetlands/menethilharbor,150,2,pivot_060
230,1572865,1572864,The Bulwark,0,tirisfalglades/bulwark,0,tirisfalglades/bulwark,0,tirisfalglades/bulwark,152,2,pivot_060
231,1572867,1572864,Deathknell,0,tirisfalglades/deathknell,0,tirisfalglades/deathknell,0,tirisfalglades/deathknell,154,2,pivot_060
232,1572868,1572864,Night Web's Hollow,0,tirisfalglades/nightwebshollow,0,tirisfalglades/nightwebshollow,0,tirisfalglades/nightwebshollow,155,2,pivot_060
233,1572869,1572864,Solliden Farmstead,0,tirisfalglades/sollidenfarmstead,0,tirisfalglades/sollidenfarmstead,0,tirisfalglades/sollidenfarmstead,156,2,pivot_060
234,1572870,1572864,Agamand Mills,0,tirisfalglades/agamandmills,0,tirisfalglades/agamandmills,0,tirisfalglades/agamandmills,157,2,pivot_060
235,1572871,1572864,Agamand Family Crypt,0,tirisfalglades/agamandfamilycrypt,0,tirisfalglades/agamandfamilycrypt,0,tirisfalglades/agamandfamilycrypt,158,2,pivot_060
236,1572872,1572864,Brill,0,tirisfalglades/brill,0,tirisfalglades/brill,0,tirisfalglades/brill,159,2,pivot_060
237,1572873,1572864,Whispering Gardens,0,tirisfalglades/whisperinggardens,0,tirisfalglades/whisperinggardens,0,tirisfalglades/whisperinggardens,160,2,pivot_060
238,1572874,1572864,Terrace of Repose,0,tirisfalglades/terraceofrepose,0,tirisfalglades/terraceofrepose,0,tirisfalglades/terraceofrepose,161,2,pivot_060
239,1572875,1572864,Brightwater Lake,0,tirisfalglades/brightwaterlake,0,tirisfalglades/brightwaterlake,0,tirisfalglades/brightwaterlake,162,2,pivot_060
240,1572876,1572864,Gunther's Retreat,0,tirisfalglades/gunthersretreat,0,tirisfalglades/gunthersretreat,0,tirisfalglades/gunthersretreat,163,2,pivot_060
241,1572877,1572864,Garren's Haunt,0,tirisfalglades/garrenshaunt,0,tirisfalglades/garrenshaunt,0,tirisfalglades/garrenshaunt,164,2,pivot_060
242,1572878,1572864,Balnir Farmstead,0,tirisfalglades/balnirfarmstead,0,tirisfalglades/balnirfarmstead,0,tirisfalglades/balnirfarmstead,165,2,pivot_060
243,1572879,1572864,Cold Hearth Manor,0,tirisfalglades/coldhearthmanor,0,tirisfalglades/coldhearthmanor,0,tirisfalglades/coldhearthmanor,166,2,pivot_060
244,1572880,1572864,Crusader Outpost,0,tirisfalglades/crusaderoutpost,0,tirisfalglades/crusaderoutpost,0,tirisfalglades/crusaderoutpost,167,2,pivot_060
245,1572881,1572864,The North Coast,0,tirisfalglades/northcoast,0,tirisfalglades/northcoast,0,tirisfalglades/northcoast,168,2,pivot_060
246,1835008,1835008,Lordamere Lake,0,lordamerelake,0,lordamerelake,0,lordamerelake,170,1,pivot_060
247,1638401,1638400,Fenris Isle,0,silverpineforest/fenrisisle,0,silverpineforest/fenrisisle,0,silverpineforest/fenrisisle,172,2,pivot_060
249,1048586,1048576,Steelgrill's Depot,0,dunmorogh/steelgrillsdepot,0,dunmorogh/steelgrillsdepot,0,dunmorogh/steelgrillsdepot,189,2,pivot_060
250,1245185,1245184,Hearthglenn,0,westernplaguelands/hearthglenn,0,westernplaguelands/hearthglenn,0,westernplaguelands/hearthglenn,28,1,pivot_060_zone_only
251,1245187,1245184,Northridge Lumber Camp,0,westernplaguelands/northridgelumbercamp,0,westernplaguelands/northridgelumbercamp,0,westernplaguelands/northridgelumbercamp,192,2,pivot_060
252,1245188,1245184,Ruins of Anderhol,0,westernplaguelands/ruinsofanderhol,0,westernplaguelands/ruinsofanderhol,0,westernplaguelands/ruinsofanderhol,28,1,pivot_060_zone_only
253,1245190,1245184,School of Necromancy,0,westernplaguelands/schoolofnecromancy,0,westernplaguelands/schoolofnecromancy,0,westernplaguelands/schoolofnecromancy,195,2,pivot_060
254,1245192,1245184,Sorrow Hill,0,westernplaguelands/sorrowhill,0,westernplaguelands/sorrowhill,0,westernplaguelands/sorrowhill,197,2,pivot_060
255,1245193,1245184,The Weeping Cave,0,westernplaguelands/weepingcave,0,westernplaguelands/weepingcave,0,westernplaguelands/weepingcave,198,2,pivot_060
256,1245194,1245184,Felstone Field,0,westernplaguelands/felstonefield,0,westernplaguelands/felstonefield,0,westernplaguelands/felstonefield,199,2,pivot_060
257,1245195,1245184,Dalson's Tears,0,westernplaguelands/dalsonstears,0,westernplaguelands/dalsonstears,0,westernplaguelands/dalsonstears,200,2,pivot_060
258,1245196,1245184,Gahrron's Withering,0,westernplaguelands/gahrronswithering,0,westernplaguelands/gahrronswithering,0,westernplaguelands/gahrronswithering,201,2,pivot_060
259,1245197,1245184,The Writhing Haunt,0,westernplaguelands/writhinghaunt,0,westernplaguelands/writhinghaunt,0,westernplaguelands/writhinghaunt,202,2,pivot_060
260,1245198,1245184,Mardenholde Keep,0,westernplaguelands/mardenholdekeep,0,westernplaguelands/mardenholdekeep,0,westernplaguelands/mardenholdekeep,203,2,pivot_060
261,1638402,1638400,Pyrewood Village,0,silverpineforest/pyrewoodvillage,0,silverpineforest/pyrewoodvillage,0,silverpineforest/pyrewoodvillage,204,2,pivot_060
262,917508,917504,Dun Modr,0,wetlands/dunmodr,0,wetlands/dunmodr,0,wetlands/dunmodr,205,2,pivot_060
268,1048587,1048576,Iceflow Lake,0,dunmorogh/iceflowlake,0,dunmorogh/iceflowlake,0,dunmorogh/iceflowlake,211,2,pivot_060
269,1048588,1048576,Helm's Bed Lake,0,dunmorogh/helmsbedlake,0,dunmorogh/helmsbedlake,0,dunmorogh/helmsbedlake,212,2,pivot_060
270,1638403,1638400,Deep Elem Mine,0,silverpineforest/deepelemmine,0,silverpineforest/deepelemmine,0,silverpineforest/deepelemmine,213,2,pivot_060
271,1900544,1900544,The Great Sea,0,greatsea,0,greatsea,0,greatsea,214,1,pivot_060
273,196621,196608,Alexston Farmstead,0,westfall/alexstonfarmstead,0,westfall/alexstonfarmstead,0,westfall/alexstonfarmstead,219,2,pivot_060
279,1638405,1638400,Valgan's Field,0,silverpineforest/valgansfield,0,silverpineforest/valgansfield,0,silverpineforest/valgansfield,227,2,pivot_060
280,1638406,1638400,The Sepulcher,0,silverpineforest/sepulcher,0,silverpineforest/sepulcher,0,silverpineforest/sepulcher,228,2,pivot_060
281,1638407,1638400,Olsen's Farthing,0,silverpineforest/olsensfarthing,0,silverpineforest/olsensfarthing,0,silverpineforest/olsensfarthing,229,2,pivot_060
282,1638408,1638400,The Greymane Wall,0,silverpineforest/greymanewall,0,silverpineforest/greymanewall,0,silverpineforest/greymanewall,230,2,pivot_060
283,1638409,1638400,Beren's Peril,0,silverpineforest/berensperil,0,silverpineforest/berensperil,0,silverpineforest/berensperil,231,2,pivot_060
284,1638410,1638400,The Dawning Isles,0,silverpineforest/dawningisles,0,silverpineforest/dawningisles,0,silverpineforest/dawningisles,232,2,pivot_060
285,1638411,1638400,Ambermill,0,silverpineforest/ambermill,0,silverpineforest/ambermill,0,silverpineforest/ambermill,233,2,pivot_060
286,1638414,1638400,Shadowfang Keep,0,silverpineforest/shadowfangkeep,0,silverpineforest/shadowfangkeep,0,silverpineforest/shadowfangkeep,236,2,pivot_060
287,1638415,1638400,The Decrepit Ferry,0,silverpineforest/decrepitferry,0,silverpineforest/decrepitferry,0,silverpineforest/decrepitferry,237,2,pivot_060
288,1638418,1638400,The Dead Field,0,silverpineforest/deadfield,0,silverpineforest/deadfield,0,silverpineforest/deadfield,240,2,pivot_060
289,262151,262144,The Rotting Orchard,0,duskwood/rottingorchard,0,duskwood/rottingorchard,0,duskwood/rottingorchard,241,2,pivot_060
290,262152,262144,Brightwood Grove,0,duskwood/brightwoodgrove,0,duskwood/brightwoodgrove,0,duskwood/brightwoodgrove,242,2,pivot_060
291,262153,262144,Forlorn Rowe,0,duskwood/forlornrowe,0,duskwood/forlornrowe,0,duskwood/forlornrowe,243,2,pivot_060
292,262154,262144,The Whipple Estate,0,duskwood/whippleestate,0,duskwood/whippleestate,0,duskwood/whippleestate,244,2,pivot_060
293,1507329,1507328,The Cauldron,0,searinggorge/cauldron,0,searinggorge/cauldron,0,searinggorge/cauldron,246,2,pivot_060
294,1507330,1507328,Grimesilt Dig Site,0,searinggorge/grimesiltdigsite,0,searinggorge/grimesiltdigsite,0,searinggorge/grimesiltdigsite,247,2,pivot_060
296,458758,458752,The Harborage,0,swampofsorrows/harborage,0,swampofsorrows/harborage,0,swampofsorrows/harborage,657,2,pivot_060
313,2490368,2490368,Gillijim's Isle,0,gillijimsisle,0,gillijimsisle,0,gillijimsisle,408,1,pivot_060
314,2555904,2555904,Island of Doctor Lapidis,0,islandofdoctorlapidis,0,islandofdoctorlapidis,0,islandofdoctorlapidis,409,1,pivot_060
353,1572884,1572864,Scarlet Watch Post,0,tirisfalglades/scarletwatchpost,0,tirisfalglades/scarletwatchpost,0,tirisfalglades/scarletwatchpost,459,2,pivot_060
368,720926,720896,Ruins of Jubuwal,0,stranglethornvale/ruinsofjubuwal,0,stranglethornvale/ruinsofjubuwal,0,stranglethornvale/ruinsofjubuwal,477,2,pivot_060
382,262156,262144,Raven Hill Cemetery,0,duskwood/ravenhillcemetery,0,duskwood/ravenhillcemetery,0,duskwood/ravenhillcemetery,492,2,pivot_060
385,2621440,2621440,Twilight Grove,0,twilightgrove,0,duskwood/twilightgrove,0,duskwood/twilightgrove,856,2,pivot_060
403,262157,262144,Addle's Stead,0,duskwood/addlesstead,0,duskwood/addlesstead,0,duskwood/addlesstead,536,2,pivot_060
411,983048,983040,The Loch,0,lochmodan/loch,0,lochmodan/loch,0,lochmodan/loch,556,2,pivot_060
412,262158,262144,Beggar's Haunt,0,duskwood/beggarshaunt,0,duskwood/beggarshaunt,0,duskwood/beggarshaunt,576,2,pivot_060
414,393241,393216,Goldshire,0,elwynnforest/goldshire,0,elwynnforest/goldshire,0,elwynnforest/goldshire,87,2,pivot_060
416,393229,393216,Jasperlode Mine,0,elwynnforest/jasperlodemine,0,elwynnforest/jasperlodemine,0,elwynnforest/jasperlodemine,54,2,pivot_060
417,1638404,1638400,The Skittering Dark,0,silverpineforest/skitteringdark,0,silverpineforest/skitteringdark,0,silverpineforest/skitteringdark,226,2,pivot_060
421,262146,262144,The World Tree,0,duskwood/worldtree,0,duskwood/worldtree,0,duskwood/worldtree,13,2,pivot_060
422,327680,327680,Deadwind Pass,0,deadwindpass,0,deadwindpass,0,deadwindpass,41,1,pivot_060
423,524289,524288,Lake Everstill,0,redridgemountains/lakeeverstill,0,redridgemountains/lakeeverstill,0,redridgemountains/lakeeverstill,68,2,pivot_060
424,393245,393216,Mirror Lake,0,elwynnforest/mirrorlake,0,elwynnforest/mirrorlake,0,elwynnforest/mirrorlake,92,2,pivot_060
425,393246,393216,Westbrook Garrison,0,elwynnforest/westbrookgarrison,0,elwynnforest/westbrookgarrison,0,elwynnforest/westbrookgarrison,120,2,pivot_060
429,262155,262144,The Yorgen Farmstead,0,duskwood/yorgenfarmstead,0,duskwood/yorgenfarmstead,0,duskwood/yorgenfarmstead,245,2,pivot_060
430,2097152,2097152,Stonewrought Pass,0,stonewroughtpass,0,stonewroughtpass,0,searinggorge/stonewroughtpass,2838,2,pivot_060_reparent
431,720921,720896,The Crystal Shore,0,stranglethornvale/crystalshore,0,stranglethornvale/crystalshore,0,stranglethornvale/crystalshore,302,2,pivot_060
432,851984,851968,The Drowned Reef,0,arathihighlands/drownedreef,0,arathihighlands/drownedreef,0,arathihighlands/drownedreef,328,2,pivot_060
440,720900,720896,Zul Gurub,0,stranglethornvale/zulgurub,0,stranglethornvale/zulgurub,0,stranglethornvale/zulgurub,19,2,pivot_060
442,196618,196608,Gold Coast Quarry,0,westfall/goldcoastquarry,0,westfall/goldcoastquarry,0,westfall/goldcoastquarry,113,2,pivot_060
443,1572882,1572864,Whispering Shore,0,tirisfalglades/whisperingshore,0,tirisfalglades/whisperingshore,0,tirisfalglades/whisperingshore,169,2,pivot_060
444,1245191,1245184,Uther's Tomb,0,westernplaguelands/utherstomb,0,westernplaguelands/utherstomb,0,westernplaguelands/utherstomb,196,2,pivot_060
445,589826,589824,Ruins of Thaurisan,0,burningsteppes/ruinsofthaurisan,0,burningsteppes/ruinsofthaurisan,0,burningsteppes/ruinsofthaurisan,46,1,pivot_060_zone_only
447,851978,851968,Blackwater Shipwrecks,0,arathihighlands/blackwatershipwrecks,0,arathihighlands/blackwatershipwrecks,0,arathihighlands/blackwatershipwrecks,322,2,pivot_060
451,720903,720896,Nesingwary's Expedition,0,stranglethornvale/nesingwarysexpedition,0,stranglethornvale/nesingwarysexpedition,0,stranglethornvale/nesingwarysexpedition,100,2,pivot_060
452,720905,720896,Ruins of Zul'Kunda,0,stranglethornvale/ruinsofzulkunda,0,stranglethornvale/ruinsofzulkunda,0,stranglethornvale/ruinsofzulkunda,102,2,pivot_060
453,1638416,1638400,Malden's Orchard,0,silverpineforest/maldensorchard,0,silverpineforest/maldensorchard,0,silverpineforest/maldensorchard,238,2,pivot_060
454,1638417,1638400,The Ivar Patch,0,silverpineforest/ivarpatch,0,silverpineforest/ivarpatch,0,silverpineforest/ivarpatch,239,2,pivot_060
455,720924,720896,Ruins of Aboraz,0,stranglethornvale/ruinsofaboraz,0,stranglethornvale/ruinsofaboraz,0,stranglethornvale/ruinsofaboraz,311,2,pivot_060
456,851971,851968,Dabyrie's Farmstead,0,arathihighlands/dabyriesfarmstead,0,arathihighlands/dabyriesfarmstead,0,arathihighlands/dabyriesfarmstead,315,2,pivot_060
457,786440,786432,Jintha'Alor,0,hinterlands/jinthaalor,0,hinterlands/jinthaalor,0,hinterlands/jinthaalor,354,2,pivot_060
458,786441,786432,The Altar of Zul,0,hinterlands/altarofzul,0,hinterlands/altarofzul,0,hinterlands/altarofzul,355,2,pivot_060
468,196609,196608,Lighthouse,0,westfall/lighthouse,0,westfall/lighthouse,0,westfall/lighthouse,26,2,pivot_060
472,393234,393216,Forest's Edge,0,elwynnforest/forestsedge,0,elwynnforest/forestsedge,0,elwynnforest/forestsedge,60,2,pivot_060
473,1572866,1572864,Ruins of Lordaeron,0,tirisfalglades/ruinsoflordaeron,0,tirisfalglades/ruinsoflordaeron,0,tirisfalglades/ruinsoflordaeron,153,2,pivot_060
474,1638413,1638400,Fenris Keep,0,silverpineforest/fenriskeep,0,silverpineforest/fenriskeep,0,silverpineforest/fenriskeep,235,2,pivot_060
475,851973,851968,Witherbark Village,0,arathihighlands/witherbarkvillage,0,arathihighlands/witherbarkvillage,0,arathihighlands/witherbarkvillage,317,2,pivot_060
481,1966082,1966080,Southshore,0,hillsbradfoothills/southshore,0,hillsbradfoothills/southshore,0,hillsbradfoothills/southshore,271,2,pivot_060
482,1966096,1966080,Western Strand,0,hillsbradfoothills/westernstrand,0,hillsbradfoothills/westernstrand,0,hillsbradfoothills/westernstrand,295,2,pivot_060
483,262144,262144,Duskwood,0,duskwood,0,duskwood,0,duskwood,10,1,pivot_060
484,917504,917504,Wetlands,0,wetlands,0,wetlands,0,wetlands,11,1,pivot_060
486,1572883,1572864,Faol's Rest,0,tirisfalglades/faolsrest,0,tirisfalglades/faolsrest,0,tirisfalglades/faolsrest,173,2,pivot_060
493,524292,524288,Stonewatch Falls,0,redridgemountains/stonewatchfalls,0,redridgemountains/stonewatchfalls,0,redridgemountains/stonewatchfalls,71,2,pivot_060
494,262148,262144,Vul'Gol Ogre Mound,0,duskwood/vulgologremound,0,duskwood/vulgologremound,0,duskwood/vulgologremound,93,2,pivot_060
495,720910,720896,Grom'gol Base Camp,0,stranglethornvale/gromgolbasecamp,0,stranglethornvale/gromgolbasecamp,0,stranglethornvale/gromgolbasecamp,117,2,pivot_060
496,589830,589824,Blackrock Spire,0,burningsteppes/blackrockspire,0,burningsteppes/blackrockspire,0,burningsteppes/blackrockspire,46,1,pivot_060_zone_only
497,2293760,2293760,The Forbidding Sea,0,forbiddingsea,0,forbiddingsea,0,forbiddingsea,308,1,pivot_060
498,851969,851968,Northfold Manor,0,arathihighlands/northfoldmanor,0,arathihighlands/northfoldmanor,0,arathihighlands/northfoldmanor,313,2,pivot_060
499,1114114,1114112,Angor Fortress,0,badlands/angorfortress,0,badlands/angorfortress,0,badlands/angorfortress,338,2,pivot_060
500,1114115,1114112,Lethlor Ravine,0,badlands/lethlorravine,0,badlands/lethlorravine,0,badlands/lethlorravine,339,2,pivot_060
505,1048589,1048576,Ironband's Compound,0,dunmorogh/ironbandscompound,0,dunmorogh/ironbandscompound,0,dunmorogh/ironbandscompound,716,2,pivot_060
