﻿src_mapId,src_mapName,src_areaNumber,src_parentNumber,src_name,mid060_mapId,mid060_mapName,mid060_areaID,mid060_parentID,mid060_name,tgt_mapId_xwalk,tgt_mapName_xwalk,tgt_areaID,tgt_parentID,tgt_name
1,Kalimdor,327684,327680,Aldrassil,1,Kalimdor,256,141,Aldrassil,1,Kalimdor,256,141,Aldrassil
1,Kalimdor,327685,327680,Shadowthread Cave,1,Kalimdor,257,141,Shadowthread Cave,1,Kalimdor,257,141,Shadowthread Cave
1,Kalimdor,327686,327680,Fel Rock,1,Kalimdor,258,141,Fel Rock,1,Kalimdor,258,141,Fel Rock
1,Kalimdor,327687,327680,Lake Al'Ameth,1,Kalimdor,259,141,Lake Al'Ameth,1,Kalimdor,259,141,Lake Al'Ameth
1,Kalimdor,327688,327680,Starbreeze Village,1,Kalimdor,260,141,Starbreeze Village,1,Kalimdor,260,141,Starbreeze Village
1,Kalimdor,327689,327680,Gnarlpine Hold,1,Kalimdor,261,141,Gnarlpine Hold,1,Kalimdor,261,141,Gnarlpine Hold
1,Kalimdor,327690,327680,Ban'ethil Barrow Den,1,Kalimdor,262,141,Ban'ethil Barrow Den,1,Kalimdor,262,141,Ban'ethil Barrow Den
1,Kalimdor,327691,327680,The Cleft,1,Kalimdor,263,141,The Cleft,1,Kalimdor,263,141,The Cleft
1,Kalimdor,327692,327680,The Oracle Glade,1,Kalimdor,264,141,The Oracle Glade,1,Kalimdor,264,141,The Oracle Glade
1,Kalimdor,327693,327680,The Wellspring River,1,Kalimdor,265,141,Wellspring River,1,Kalimdor,265,141,Wellspring River
1,Kalimdor,327694,327680,Wellspring Lake,1,Kalimdor,266,141,Wellspring Lake,1,Kalimdor,266,141,Wellspring Lake
1,Kalimdor,524288,524288,Ashenvale,1,Kalimdor,331,331,Ashenvale,1,Kalimdor,331,331,Ashenvale
1,Kalimdor,589824,589824,The Great Sea,1,Kalimdor,332,332,The Great Sea,1,Kalimdor,332,332,The Great Sea
1,Kalimdor,655360,655360,Feralas,1,Kalimdor,357,357,Feralas,1,Kalimdor,357,357,Feralas
1,Kalimdor,458759,458752,Brambleblade Ravine,1,Kalimdor,358,215,Brambleblade Ravine,1,Kalimdor,358,215,Brambleblade Ravine
1,Kalimdor,65537,65536,Bael Modan,1,Kalimdor,359,17,Bael Modan,1,Kalimdor,359,17,Bael Modan
1,Kalimdor,458760,458752,The Venture Co. Mine,1,Kalimdor,360,215,The Venture Co. Mine,1,Kalimdor,360,215,The Venture Co. Mine
1,Kalimdor,720896,720896,Felwood,1,Kalimdor,361,361,Felwood,1,Kalimdor,361,361,Felwood
1,Kalimdor,131073,131072,Razor Hill,1,Kalimdor,362,14,Razor Hill,1,Kalimdor,362,14,Razor Hill
1,Kalimdor,131074,131072,Valley of Trials,1,Kalimdor,363,14,Valley of Trials,1,Kalimdor,363,14,Valley of Trials
1,Kalimdor,131075,131072,The Den,1,Kalimdor,364,14,The Den,1,Kalimdor,364,14,The Den
1,Kalimdor,131076,131072,Burning Blade Coven,1,Kalimdor,365,14,Burning Blade Coven,1,Kalimdor,365,14,Burning Blade Coven
1,Kalimdor,131077,131072,Kolkar Crag,1,Kalimdor,366,14,Kolkar Crag,1,Kalimdor,366,14,Kolkar Crag
1,Kalimdor,131078,131072,Sen'jin Village,1,Kalimdor,367,14,Sen'jin Village,1,Kalimdor,367,14,Sen'jin Village
1,Kalimdor,131079,131072,Echo Isles,1,Kalimdor,368,14,Echo Isles,1,Kalimdor,368,14,Echo Isles
1,Kalimdor,131080,131072,Thunder Ridge,1,Kalimdor,369,14,Thunder Ridge,1,Kalimdor,369,14,Thunder Ridge
1,Kalimdor,131081,131072,Drygulch Ravine,1,Kalimdor,370,14,Drygulch Ravine,1,Kalimdor,370,14,Drygulch Ravine
1,Kalimdor,131083,131072,Tiragarde Keep,1,Kalimdor,372,14,Tiragarde Keep,1,Kalimdor,372,14,Tiragarde Keep
1,Kalimdor,131084,131072,Scuttle Coast,1,Kalimdor,373,14,Scuttle Coast,1,Kalimdor,373,14,Scuttle Coast
1,Kalimdor,131085,131072,Bladefist Bay,1,Kalimdor,374,14,Bladefist Bay,1,Kalimdor,374,14,Bladefist Bay
1,Kalimdor,131086,131072,Deadeye Shore,1,Kalimdor,375,14,Deadeye Shore,1,Kalimdor,375,14,Deadeye Shore
1,Kalimdor,786432,786432,Southfury River,1,Kalimdor,377,377,Southfury River,1,Kalimdor,377,377,Southfury River
1,Kalimdor,65538,65536,Camp Taurajo,1,Kalimdor,378,17,Camp Taurajo,1,Kalimdor,378,17,Camp Taurajo
1,Kalimdor,65539,65536,Far Watch Post,1,Kalimdor,379,17,Far Watch Post,1,Kalimdor,379,17,Far Watch Post
1,Kalimdor,65540,65536,The Crossroads,1,Kalimdor,380,17,The Crossroads,1,Kalimdor,380,17,The Crossroads
1,Kalimdor,65541,65536,Boulder Load Mine,1,Kalimdor,381,17,Boulder Load Mine,1,Kalimdor,17,17,The Barrens
1,Kalimdor,65543,65536,The Dry Hills,1,Kalimdor,383,17,The Dry Hills,1,Kalimdor,383,17,The Dry Hills
1,Kalimdor,65544,65536,Dreadmist Peak,1,Kalimdor,384,17,Dreadmist Peak,1,Kalimdor,384,17,Dreadmist Peak
1,Kalimdor,65545,65536,Northwatch Hold,1,Kalimdor,385,17,Northwatch Hold,1,Kalimdor,385,17,Northwatch Hold
1,Kalimdor,65546,65536,The Forgotten Pools,1,Kalimdor,386,17,The Forgotten Pools,1,Kalimdor,386,17,The Forgotten Pools
1,Kalimdor,65548,65536,The Stagnant Oasis,1,Kalimdor,388,17,The Stagnant Oasis,1,Kalimdor,388,17,The Stagnant Oasis
1,Kalimdor,65550,65536,Field of Giants,1,Kalimdor,390,17,Field of Giants,1,Kalimdor,390,17,Field of Giants
1,Kalimdor,65551,65536,The Merchant Coast,1,Kalimdor,391,17,The Merchant Coast,1,Kalimdor,391,17,The Merchant Coast
1,Kalimdor,65552,65536,Ratchet,1,Kalimdor,392,17,Ratchet,1,Kalimdor,392,17,Ratchet
1,Kalimdor,131087,131072,Darkspear Strand,1,Kalimdor,393,14,Darkspear Strand,1,Kalimdor,393,14,Darkspear Strand
1,Kalimdor,458761,458752,Winterhoof Water Well,1,Kalimdor,396,215,Winterhoof Water Well,1,Kalimdor,396,215,Winterhoof Water Well
1,Kalimdor,458762,458752,Thunderhorn Water Well,1,Kalimdor,397,215,Thunderhorn Water Well,1,Kalimdor,397,215,Thunderhorn Water Well
1,Kalimdor,131072,131072,Durotar,1,Kalimdor,14,14,Durotar,1,Kalimdor,14,14,Durotar
1,Kalimdor,196608,196608,Dustwallow Marsh,1,Kalimdor,15,15,Dustwallow Marsh,1,Kalimdor,15,15,Dustwallow Marsh
1,Kalimdor,262144,262144,Aszhara,1,Kalimdor,16,16,Aszhara,1,Kalimdor,16,16,Azshara
1,Kalimdor,65536,65536,The Barrens,1,Kalimdor,17,17,The Barrens,1,Kalimdor,17,17,The Barrens
1,Kalimdor,327680,327680,Teldrassil,1,Kalimdor,141,141,Teldrassil,1,Kalimdor,141,141,Teldrassil
1,Kalimdor,393216,393216,Darkshore,1,Kalimdor,148,148,Darkshore,1,Kalimdor,148,148,Darkshore
1,Kalimdor,327682,327680,Darnassus,1,Kalimdor,187,141,Darnassus,1,Kalimdor,141,141,Teldrassil
1,Kalimdor,458752,458752,Mulgore,1,Kalimdor,215,215,Mulgore,1,Kalimdor,215,215,Mulgore
1,Kalimdor,458754,458752,Camp Narache,1,Kalimdor,221,215,Camp Narache,1,Kalimdor,221,215,Camp Narache
1,Kalimdor,458755,458752,Bloodhoof Village,1,Kalimdor,222,215,Bloodhoof Village,1,Kalimdor,222,215,Bloodhoof Village
1,Kalimdor,458756,458752,Stonebull Lake,1,Kalimdor,223,215,Stonebull Lake,1,Kalimdor,223,215,Stonebull Lake
1,Kalimdor,458757,458752,Ravaged Caravan,1,Kalimdor,224,215,Ravaged Caravan,1,Kalimdor,224,215,Ravaged Caravan
1,Kalimdor,458758,458752,Red Rocks,1,Kalimdor,225,215,Red Rocks,1,Kalimdor,225,215,Red Rocks
1,Kalimdor,1245185,1245184,Lake Elune'ara,1,Kalimdor,656,493,Lake Elune'ara,1,Kalimdor,656,493,Lake Elune'ara
1,Kalimdor,327696,327680,Craftsmen's Terrace,1,Kalimdor,696,141,Craftsmen's Terrace,1,Kalimdor,141,141,Teldrassil
1,Kalimdor,327697,327680,Tradesmen's Terrace,1,Kalimdor,697,141,Tradesmen's Terrace,1,Kalimdor,141,141,Teldrassil
1,Kalimdor,327698,327680,The Temple Gardens,1,Kalimdor,698,141,The Temple Gardens,1,Kalimdor,141,141,Teldrassil
1,Kalimdor,327699,327680,Temple of Elune,1,Kalimdor,699,141,Temple of Elune,1,Kalimdor,141,141,Teldrassil
1,Kalimdor,327700,327680,Cenarion Enclave,1,Kalimdor,700,141,Cenarion Enclave,1,Kalimdor,141,141,Teldrassil
1,Kalimdor,327701,327680,Warrior's Terrace,1,Kalimdor,701,141,Warrior's Terrace,1,Kalimdor,141,141,Teldrassil
1,Kalimdor,327702,327680,Rut'theran Village,1,Kalimdor,702,141,Rut'theran Village,1,Kalimdor,702,141,Rut'theran Village
1,Kalimdor,458763,458752,Wildmane Water Well,1,Kalimdor,398,215,Wildmane Water Well,1,Kalimdor,398,215,Wildmane Water Well
1,Kalimdor,851968,851968,Thousand Needles,1,Kalimdor,400,400,Thousand Needles,1,Kalimdor,400,400,Thousand Needles
1,Kalimdor,65553,65536,The Tidus Stair,1,Kalimdor,401,17,The Tidus Stair,1,Kalimdor,401,17,The Tidus Stair
1,Kalimdor,458765,458752,Bael'Dun Digsite,1,Kalimdor,404,215,Bael'Dun Digsite,1,Kalimdor,404,215,Bael'dun Digsite
1,Kalimdor,917504,917504,Desolace,1,Kalimdor,405,405,Desolace,1,Kalimdor,405,405,Desolace
1,Kalimdor,983040,983040,Stonetalon Mountains,1,Kalimdor,406,406,Stonetalon Mountains,1,Kalimdor,406,406,Stonetalon Mountains
1,Kalimdor,131088,131072,Orgrimmar,1,Kalimdor,407,14,Orgrimmar,1,Kalimdor,14,14,Durotar
1,Kalimdor,131089,131072,Razorwind Canyon,1,Kalimdor,410,14,Razorwind Canyon,1,Kalimdor,410,14,Razorwind Canyon
1,Kalimdor,524289,524288,Bathran's Haunt,1,Kalimdor,411,331,Bathran's Haunt,1,Kalimdor,411,331,Bathran's Haunt
1,Kalimdor,524291,524288,Maestra's Post,1,Kalimdor,413,331,Maestra's Post,1,Kalimdor,413,331,Maestra's Post
1,Kalimdor,524292,524288,The Zoram Strand,1,Kalimdor,414,331,The Zoram Strand,1,Kalimdor,414,331,The Zoram Strand
1,Kalimdor,524293,524288,Astranaar,1,Kalimdor,415,331,Astranaar,1,Kalimdor,415,331,Astranaar
1,Kalimdor,524294,524288,The Shrine of Aessina,1,Kalimdor,416,331,The Shrine of Aessina,1,Kalimdor,416,331,The Shrine of Aessina
1,Kalimdor,524295,524288,Fire Scar Shrine,1,Kalimdor,417,331,Fire Scar Shrine,1,Kalimdor,417,331,Fire Scar Shrine
1,Kalimdor,524296,524288,The Ruins of Stardust,1,Kalimdor,418,331,The Ruins of Stardust,1,Kalimdor,418,331,The Ruins of Stardust
1,Kalimdor,524297,524288,The Howling Vale,1,Kalimdor,419,331,The Howling Vale,1,Kalimdor,419,331,The Howling Vale
1,Kalimdor,524298,524288,Silverwind Refuge,1,Kalimdor,420,331,Silverwind Refuge,1,Kalimdor,420,331,Silverwind Refuge
1,Kalimdor,524299,524288,Mystral Lake,1,Kalimdor,421,331,Mystral Lake,1,Kalimdor,421,331,Mystral Lake
1,Kalimdor,524300,524288,Fallen Sky Lake,1,Kalimdor,422,331,Fallen Sky Lake,1,Kalimdor,422,331,Fallen Sky Lake
1,Kalimdor,524302,524288,Iris Lake,1,Kalimdor,424,331,Iris Lake,1,Kalimdor,424,331,Iris Lake
1,Kalimdor,524304,524288,Raynewood Retreat,1,Kalimdor,426,331,Raynewood Retreat,1,Kalimdor,426,331,Raynewood Retreat
1,Kalimdor,524305,524288,The Shady Nook,1,Kalimdor,427,331,The Shady Nook,1,Kalimdor,427,331,The Shady Nook
1,Kalimdor,524308,524288,Satyrnaar,1,Kalimdor,430,331,Satyrnaar,1,Kalimdor,430,331,Satyrnaar
1,Kalimdor,524310,524288,The Dor'Danil Barrow Den,1,Kalimdor,432,331,The Dor'Danil Barrow Den,1,Kalimdor,432,331,The Dor'Danil Barrow Den
1,Kalimdor,524311,524288,Falfarren River,1,Kalimdor,433,331,Falfarren River,1,Kalimdor,433,331,Falfarren River
1,Kalimdor,524313,524288,Demon Fall Canyon,1,Kalimdor,435,331,Demon Fall Canyon,1,Kalimdor,435,331,Demon Fall Canyon
1,Kalimdor,524314,524288,Demon Fall Ridge,1,Kalimdor,436,331,Demon Fall Ridge,1,Kalimdor,436,331,Demon Fall Ridge
1,Kalimdor,524316,524288,Bough Shadow,1,Kalimdor,438,331,Bough Shadow,1,Kalimdor,438,331,Bough Shadow
1,Kalimdor,851969,851968,The Shimmering Flats,1,Kalimdor,439,400,The Shimmering Flats,1,Kalimdor,439,400,The Shimmering Flats
1,Kalimdor,1048576,1048576,Tanaris,1,Kalimdor,440,440,Tanaris,1,Kalimdor,440,440,Tanaris
1,Kalimdor,524317,524288,Lake Falathim,1,Kalimdor,441,331,Lake Falathim,1,Kalimdor,441,331,Lake Falathim
1,Kalimdor,393217,393216,Auberdine,1,Kalimdor,442,148,Auberdine,1,Kalimdor,442,148,Auberdine
1,Kalimdor,393218,393216,Ruins of Mathystra,1,Kalimdor,443,148,Ruins of Mathystra,1,Kalimdor,443,148,Ruins of Mathystra
1,Kalimdor,393219,393216,Tower of Althalaxx,1,Kalimdor,444,148,Tower of Althalaxx,1,Kalimdor,444,148,Tower of Althalaxx
1,Kalimdor,393220,393216,Cliffspring Falls,1,Kalimdor,445,148,Cliffspring Falls,1,Kalimdor,445,148,Cliffspring Falls
1,Kalimdor,393221,393216,Bashal'Aran,1,Kalimdor,446,148,Bashal'Aran,1,Kalimdor,446,148,Bashal'Aran
1,Kalimdor,393222,393216,Ameth'Aran,1,Kalimdor,447,148,Ameth'Aran,1,Kalimdor,447,148,Ameth'Aran
1,Kalimdor,393223,393216,Grove of the Ancients,1,Kalimdor,448,148,Grove of the Ancients,1,Kalimdor,448,148,Grove of the Ancients
1,Kalimdor,393224,393216,The Master's Glaive,1,Kalimdor,449,148,The Master's Glaive,1,Kalimdor,449,148,The Master's Glaive
1,Kalimdor,393225,393216,Remtravel's Excavation,1,Kalimdor,450,148,Remtravel's Excavation,1,Kalimdor,450,148,Remtravel's Excavation
1,Kalimdor,393227,393216,Mist's Edge,1,Kalimdor,452,148,Mist's Edge,1,Kalimdor,452,148,Mist's Edge
1,Kalimdor,393229,393216,Wildbend River,1,Kalimdor,454,148,Wildbend River,1,Kalimdor,454,148,Wildbend River
1,Kalimdor,393230,393216,Blackwood Den,1,Kalimdor,455,148,Blackwood Den,1,Kalimdor,455,148,Blackwood Den
1,Kalimdor,393231,393216,Cliffspring River,1,Kalimdor,456,148,Cliffspring River,1,Kalimdor,456,148,Cliffspring River
1,Kalimdor,65554,65536,Gold Road,1,Kalimdor,458,17,Gold Road,1,Kalimdor,458,17,Gold Road
1,Kalimdor,983041,983040,Sun Rock Retreat,1,Kalimdor,460,406,Sun Rock Retreat,1,Kalimdor,460,406,Sun Rock Retreat
1,Kalimdor,983042,983040,Windshear Crag,1,Kalimdor,461,406,Windshear Crag,1,Kalimdor,461,406,Windshear Crag
1,Kalimdor,983044,983040,Cragpool Lake,1,Kalimdor,463,406,Cragpool Lake,1,Kalimdor,463,406,Cragpool Lake
1,Kalimdor,983045,983040,Mirkfallon Lake,1,Kalimdor,464,406,Mirkfallon Lake,1,Kalimdor,464,406,Mirkfallon Lake
1,Kalimdor,983046,983040,The Charred Vale,1,Kalimdor,465,406,The Charred Vale,1,Kalimdor,465,406,The Charred Vale
1,Kalimdor,983047,983040,Valley of the Bloodfuries,1,Kalimdor,466,406,Valley of the Bloodfuries,1,Kalimdor,466,406,Valley of the Bloodfuries
1,Kalimdor,983049,983040,The Talon Den,1,Kalimdor,468,406,The Talon Den,1,Kalimdor,468,406,The Talon Den
1,Kalimdor,983050,983040,Greatwood Vale,1,Kalimdor,469,406,Greatwood Vale,1,Kalimdor,469,406,Greatwood Vale
1,Kalimdor,458766,458752,Thunder Bluff,1,Kalimdor,470,215,Thunder Bluff,1,Kalimdor,215,215,Mulgore
1,Kalimdor,458767,458752,Brave Wind Mesa,1,Kalimdor,471,215,Brave Wind Mesa,1,Kalimdor,471,215,Brave Wind Mesa
1,Kalimdor,458768,458752,Fire Stone Mesa,1,Kalimdor,472,215,Fire Stone Mesa,1,Kalimdor,472,215,Fire Stone Mesa
1,Kalimdor,458770,458752,Hunter Rise,1,Kalimdor,474,215,Hunter Rise,1,Kalimdor,215,215,Mulgore
1,Kalimdor,458771,458752,Spirit Rise,1,Kalimdor,475,215,Spirit Rise,1,Kalimdor,215,215,Mulgore
1,Kalimdor,458772,458752,Elder Rise,1,Kalimdor,476,215,Elder Rise,1,Kalimdor,215,215,Mulgore
1,Kalimdor,327695,327680,Pools of Arlithrien,1,Kalimdor,478,141,Pools of Arlithrien,1,Kalimdor,478,141,Pools of Arlithrien
1,Kalimdor,851970,851968,The Rustmaul Dig Site,1,Kalimdor,479,400,The Rustmaul Dig Site,1,Kalimdor,479,400,The Rustmaul Dig Site
1,Kalimdor,851971,851968,Camp E'thok,1,Kalimdor,480,400,Camp E'thok,1,Kalimdor,480,400,Camp E'thok
1,Kalimdor,851973,851968,Highperch,1,Kalimdor,482,400,Highperch,1,Kalimdor,482,400,Highperch
1,Kalimdor,851974,851968,The Screeching Canyon,1,Kalimdor,483,400,The Screeching Canyon,1,Kalimdor,483,400,The Screeching Canyon
1,Kalimdor,851975,851968,Freewind Post,1,Kalimdor,484,400,Freewind Post,1,Kalimdor,484,400,Freewind Post
1,Kalimdor,851976,851968,The Great Lift,1,Kalimdor,485,400,The Great Lift,1,Kalimdor,485,400,The Great Lift
1,Kalimdor,851977,851968,Galak Hold,1,Kalimdor,486,400,Galak Hold,1,Kalimdor,486,400,Galak Hold
1,Kalimdor,851978,851968,Roguefeather Den,1,Kalimdor,487,400,Roguefeather Den,1,Kalimdor,487,400,Roguefeather Den
1,Kalimdor,851979,851968,The Weathered Nook,1,Kalimdor,488,400,The Weathered Nook,1,Kalimdor,488,400,The Weathered Nook
1,Kalimdor,655361,655360,Thalanaar,1,Kalimdor,489,357,Thalanaar,1,Kalimdor,489,357,Thalanaar
1,Kalimdor,1179648,1179648,Ungoro Crater,1,Kalimdor,490,490,Ungoro Crater,1,Kalimdor,490,490,Un'Goro Crater
1,Kalimdor,1245184,1245184,Moonglade,1,Kalimdor,493,493,Moonglade,1,Kalimdor,493,493,Moonglade
1,Kalimdor,196610,196608,Brackenwall Village,1,Kalimdor,496,15,Brackenwall Village,1,Kalimdor,496,15,Brackenwall Village
1,Kalimdor,196611,196608,Swamplight Manor,1,Kalimdor,497,15,Swamplight Manor,1,Kalimdor,497,15,Swamplight Manor
1,Kalimdor,196612,196608,Bloodfen Burrow,1,Kalimdor,498,15,Bloodfen Burrow,1,Kalimdor,498,15,Bloodfen Burrow
1,Kalimdor,196613,196608,Darkmist Cavern,1,Kalimdor,499,15,Darkmist Cavern,1,Kalimdor,499,15,Darkmist Cavern
1,Kalimdor,196618,196608,North Point Tower,1,Kalimdor,504,15,North Point Tower,1,Kalimdor,504,15,North Point Tower
1,Kalimdor,196619,196608,West Point Tower,1,Kalimdor,505,15,West Point Tower,1,Kalimdor,505,15,West Point Tower
1,Kalimdor,196620,196608,Lost Point,1,Kalimdor,506,15,Lost Point,1,Kalimdor,506,15,Lost Point
1,Kalimdor,196621,196608,Bluefen,1,Kalimdor,507,15,Bluefen,1,Kalimdor,507,15,Bluefen
1,Kalimdor,196622,196608,Stonemaul Ruins,1,Kalimdor,508,15,Stonemaul Ruins,1,Kalimdor,508,15,Stonemaul Ruins
1,Kalimdor,196623,196608,The Den of Flame,1,Kalimdor,509,15,The Den of Flame,1,Kalimdor,509,15,The Den of Flame
1,Kalimdor,196625,196608,Wyrmbog,1,Kalimdor,511,15,Wyrmbog,1,Kalimdor,511,15,Wyrmbog
1,Kalimdor,196626,196608,Onyxia's Lair,1,Kalimdor,512,15,Onyxia's Lair,1,Kalimdor,15,15,Dustwallow Marsh
1,Kalimdor,196627,196608,Theramore Isle,1,Kalimdor,513,15,Theramore Isle,1,Kalimdor,513,15,Theramore Isle
1,Kalimdor,196628,196608,Foothold Citadel,1,Kalimdor,514,15,Foothold Citadel,1,Kalimdor,514,15,Foothold Citadel
1,Kalimdor,196629,196608,Ironclad Prison,1,Kalimdor,515,15,Ironclad Prison,1,Kalimdor,515,15,Ironclad Prison
1,Kalimdor,196630,196608,Dustwallow Bay,1,Kalimdor,516,15,Dustwallow Bay,1,Kalimdor,516,15,Dustwallow Bay
1,Kalimdor,196631,196608,Tidefury Cove,1,Kalimdor,517,15,Tidefury Cove,1,Kalimdor,517,15,Tidefury Cove
1,Kalimdor,196632,196608,Dreadmurk Shore,1,Kalimdor,518,15,Dreadmurk Shore,1,Kalimdor,518,15,Dreadmurk Shore
1,Kalimdor,1179649,1179648,Fire Plume Ridge,1,Kalimdor,537,490,Fire Plume Ridge,1,Kalimdor,537,490,Fire Plume Ridge
1,Kalimdor,1179650,1179648,Lik'ash Tar Pits,1,Kalimdor,538,490,Lik'ash Tar Pits,1,Kalimdor,490,490,Un'Goro Crater
1,Kalimdor,1179651,1179648,Terror Run,1,Kalimdor,539,490,Terror Run,1,Kalimdor,539,490,Terror Run
1,Kalimdor,1179652,1179648,The Slithering Scar,1,Kalimdor,540,490,The Slithering Scar,1,Kalimdor,540,490,The Slithering Scar
1,Kalimdor,1179653,1179648,Marshal's Refuge,1,Kalimdor,541,490,Marshal's Refuge,1,Kalimdor,541,490,Marshal's Refuge
1,Kalimdor,1179654,1179648,Fungal Rock,1,Kalimdor,542,490,Fungal Rock,1,Kalimdor,542,490,Fungal Rock
1,Kalimdor,1179655,1179648,Golakka Hot Springs,1,Kalimdor,543,490,Golakka Hot Springs,1,Kalimdor,543,490,Golakka Hot Springs
1,Kalimdor,524303,524288,Moonwell,1,Kalimdor,425,331,Moonwell,1,Kalimdor,425,331,Moonwell
1,Kalimdor,65542,65536,The Sludge Fen,1,Kalimdor,382,17,The Sludge Fen,1,Kalimdor,382,17,The Sludge Fen
1,Kalimdor,524309,524288,Solace Glade,1,Kalimdor,431,331,Solace Glade,1,Kalimdor,331,331,Ashenvale
1,Kalimdor,458769,458752,Mantle Rock,1,Kalimdor,473,215,Mantle Rock,1,Kalimdor,473,215,Mantle Rock
1,Kalimdor,327683,327680,Shadowglen,1,Kalimdor,188,141,Shadowglen,1,Kalimdor,188,141,Shadowglen
1,Kalimdor,458753,458752,Red Cloud Mesa,1,Kalimdor,220,215,Red Cloud Mesa,1,Kalimdor,220,215,Red Cloud Mesa
1,Kalimdor,131082,131072,Dustwind Cave,1,Kalimdor,371,14,Dustwind Cave,1,Kalimdor,371,14,Dustwind Cave
1,Kalimdor,196609,196608,Shady Rest Inn,1,Kalimdor,403,15,Shady Rest Inn,1,Kalimdor,403,15,Shady Rest Inn
1,Kalimdor,524306,524288,Night Run,1,Kalimdor,428,331,Night Run,1,Kalimdor,428,331,Night Run
1,Kalimdor,524312,524288,Felfire Hill,1,Kalimdor,434,331,Felfire Hill,1,Kalimdor,434,331,Felfire Hill
1,Kalimdor,1114112,1114112,The Veiled Sea,1,Kalimdor,457,457,The Veiled Sea,1,Kalimdor,457,457,The Veiled Sea
1,Kalimdor,851972,851968,Splithoof Crag,1,Kalimdor,481,400,Splithoof Crag,1,Kalimdor,481,400,Splithoof Crag
1,Kalimdor,196617,196608,Sentry Point,1,Kalimdor,503,15,Sentry Point,1,Kalimdor,503,15,Sentry Point
1,Kalimdor,65547,65536,Lushwater Oasis,1,Kalimdor,387,17,Lushwater Oasis,1,Kalimdor,387,17,Lushwater Oasis
1,Kalimdor,393228,393216,The Long Wash,1,Kalimdor,453,148,The Long Wash,1,Kalimdor,453,148,The Long Wash
1,Kalimdor,196624,196608,The Dragonmurk,1,Kalimdor,510,15,The Dragonmurk,1,Kalimdor,510,15,The Dragonmurk
1,Kalimdor,917505,917504,Kodo Graveyard,1,Kalimdor,596,405,Kodo Graveyard,1,Kalimdor,596,405,Kodo Graveyard
1,Kalimdor,917506,917504,Ghost Walker Post,1,Kalimdor,597,405,Ghost Walker Post,1,Kalimdor,597,405,Ghost Walker Post
1,Kalimdor,917507,917504,Sar'theris Strand,1,Kalimdor,598,405,Sar'theris Strand,1,Kalimdor,598,405,Sar'theris Strand
1,Kalimdor,917508,917504,Thunder Axe Fortress,1,Kalimdor,599,405,Thunder Axe Fortress,1,Kalimdor,599,405,Thunder Axe Fortress
1,Kalimdor,917509,917504,Bolgan's Hole,1,Kalimdor,600,405,Bolgan's Hole,1,Kalimdor,600,405,Bolgan's Hole
1,Kalimdor,917518,917504,Kolkar Village,1,Kalimdor,609,405,Kolkar Village,1,Kalimdor,609,405,Kolkar Village
1,Kalimdor,917511,917504,Mannoroc Coven,1,Kalimdor,602,405,Mannoroc Coven,1,Kalimdor,602,405,Mannoroc Coven
1,Kalimdor,917512,917504,Sargeron,1,Kalimdor,603,405,Sargeron,1,Kalimdor,603,405,Sargeron
1,Kalimdor,917513,917504,Magram Village,1,Kalimdor,604,405,Magram Village,1,Kalimdor,604,405,Magram Village
1,Kalimdor,917515,917504,Gelkis Village,1,Kalimdor,606,405,Gelkis Village,1,Kalimdor,606,405,Gelkis Village
1,Kalimdor,917516,917504,Valley of Spears,1,Kalimdor,607,405,Valley of Spears,1,Kalimdor,607,405,Valley of Spears
1,Kalimdor,917517,917504,Nijel's Point,1,Kalimdor,608,405,Nijel's Point,1,Kalimdor,608,405,Nijel's Point
1,Kalimdor,458764,458752,Skyline Ridge,1,Kalimdor,399,215,Skyline Ridge,1,Kalimdor,399,215,Skyline Ridge
1,Kalimdor,524307,524288,Xavian,1,Kalimdor,429,331,Xavian,1,Kalimdor,429,331,Xavian
1,Kalimdor,524315,524288,Kargathia Outpost,1,Kalimdor,437,331,Kargathia Outpost,1,Kalimdor,331,331,Ashenvale
1,Kalimdor,983048,983040,Stonetalon Peak,1,Kalimdor,467,406,Stonetalon Peak,1,Kalimdor,467,406,Stonetalon Peak
1,Kalimdor,196615,196608,Beezil's Wreck,1,Kalimdor,501,15,Beezil's Wreck,1,Kalimdor,501,15,Beezil's Wreck
1,Kalimdor,1310720,1310720,Hyjal,1,Kalimdor,616,616,Hyjal,1,Kalimdor,616,616,Hyjal
1,Kalimdor,1376256,1376256,Winterspring,1,Kalimdor,618,618,Winterspring,1,Kalimdor,618,618,Winterspring
1,Kalimdor,327681,327680,Dolanaar,1,Kalimdor,186,141,Dolanaar,1,Kalimdor,186,141,Dolanaar
1,Kalimdor,196614,196608,Moggle Point,1,Kalimdor,500,15,Moggle Point,1,Kalimdor,500,15,Moggle Point
1,Kalimdor,196616,196608,Witch Hill,1,Kalimdor,502,15,Witch Hill,1,Kalimdor,502,15,Witch Hill
1,Kalimdor,524290,524288,The Ruins of Ordil'Aran,1,Kalimdor,412,331,The Ruins of Ordil'Aran,1,Kalimdor,412,331,The Ruins of Ordil'Aran
1,Kalimdor,983051,983040,Blackwolf River,1,Kalimdor,636,406,Blackwolf River,1,Kalimdor,636,406,Blackwolf River
1,Kalimdor,458773,458752,Kodo Rock,1,Kalimdor,637,215,Kodo Rock,1,Kalimdor,637,215,Kodo Rock
1,Kalimdor,131090,131072,Hidden Path,1,Kalimdor,638,14,Hidden Path,1,Kalimdor,638,14,Hidden Path
1,Kalimdor,131091,131072,Spirit Rock,1,Kalimdor,639,14,Spirit Rock,1,Kalimdor,639,14,Spirit Rock
1,Kalimdor,131092,131072,Shrine of the Dormant Flame,1,Kalimdor,640,14,Shrine of the Dormant Flame,1,Kalimdor,640,14,Shrine of the Dormant Flame
1,Kalimdor,65555,65536,Fray Island,1,Kalimdor,720,17,Fray Island,1,Kalimdor,720,17,Fray Island
