﻿src_mapId,src_mapName,src_areaNumber,src_parentNumber,src_name,mid060_mapId,mid060_mapName,mid060_areaID,mid060_parentID,mid060_name,tgt_mapId_xwalk,tgt_mapName_xwalk,tgt_areaID,tgt_parentID,tgt_name
0,Azeroth,1441793,1441792,Dead Man's Hole,0,Azeroth,49,22,Dead Man's Hole,451,Development Land,49,22,Dead Man's Hole
0,Azeroth,1441797,1441792,Jeff NW Quadrant,0,Azeroth,82,22,Jeff NW Quadrant,451,Development Land,82,22,Jeff NW Quadrant
0,Azeroth,1441798,1441792,Jeff SE Quadrant,0,Azeroth,83,22,Jeff SE Quadrant,451,Development Land,83,22,Jeff SE Quadrant
0,Azeroth,1441799,1441792,Jeff SW Quadrant,0,Azeroth,84,22,Jeff SW Quadrant,451,Development Land,84,22,Jeff SW Quadrant
0,Azeroth,1441792,1441792,Programmer Isle,0,Azeroth,22,22,Programmer Isle,451,Development Land,22,22,Programmer Isle
0,Azeroth,1769472,1769472,Designer Island,0,Azeroth,151,151,Designer Island,451,Development Land,151,151,Designer Island
0,Azeroth,1441796,1441792,Jeff NE Quadrant,0,Azeroth,81,22,Jeff NE Quadrant,451,Development Land,22,22,Programmer Isle
