﻿row_key,id,parent,continentId,name
1,249,589824,0,Dreadmaul Rock
2,251,589824,0,Flame Crest
3,252,589824,0,Blackrock Stronghold
4,253,589824,0,The Pillar of Ash
5,255,589824,0,Altar of Storms
6,256,327680,1,Aldrassil
7,257,327680,1,Shadowthread Cave
8,258,327680,1,Fel Rock
9,259,327680,1,Lake Al'Ameth
10,260,327680,1,Starbreeze Village
11,261,327680,1,Gnarlpine Hold
12,262,327680,1,Ban'ethil Barrow Den
13,263,327680,1,The Cleft
14,264,327680,1,The Oracle Glade
15,265,327680,1,The Wellspring River
16,266,327680,1,Wellspring Lake
17,267,267,0,Hillsbrad Foothills
18,269,269,0,Dun Algaz
19,272,1966080,0,Tarren Mill
20,275,1966080,0,Durnholde Keep
21,277,1310720,0,The Foothill Caverns
22,278,1310720,0,Lordamere Internment Camp
23,279,1310720,0,Dalaran
24,280,1310720,0,Strahnbrad
25,281,1310720,0,Ruins of Alterac
26,282,1310720,0,Crushridge Hold
27,283,1310720,0,Slaughter Hollow
28,284,1310720,0,The Uplands
29,285,1966080,0,Southpoint Tower
30,286,1966080,0,Hillsbrad Fields
31,287,1966080,0,Hillsbrad
32,288,1966080,0,Azureload Mine
33,289,1966080,0,Nethander Stead
34,290,1966080,0,Dun Garok
35,293,293,0,Thoradin's Wall
36,294,1966080,0,Eastern Strand
37,296,296,0,South Seas
38,297,720896,0,Jaguero Isle
39,298,917504,0,Baradin Bay
40,299,917504,0,Menethil Bay
41,300,458752,0,Mistyreed Strand
42,301,720896,0,The Savage Coast
43,303,720896,0,Shell Beach
44,305,1638400,0,North Tide's Run
45,306,1638400,0,South Tide's Run
46,307,786432,0,The Overlook Cliffs
47,309,917504,0,Ironbeard's Tomb
48,310,720896,0,Crystalvein Mine
49,312,720896,0,Janeiro's Point
50,314,851968,0,Go'Shek Farm
51,316,851968,0,Boulderfist Hall
52,318,851968,0,Drywhisker Gorge
53,320,851968,0,Refuge Pointe
54,321,851968,0,Hammerfall
55,323,851968,0,O'Breen's Camp
56,324,851968,0,Stromgarde Keep
57,325,851968,0,The Tower of Arathor
58,326,851968,0,The Sanctum
59,327,851968,0,Faldir's Cove
60,330,330,0,Thandol Span
61,331,331,1,Ashenvale
62,332,332,1,The Great Sea
63,333,851968,0,Circle of East Binding
64,334,851968,0,Circle of West Binding
65,335,851968,0,Circle of Inner Binding
66,336,851968,0,Circle of Outer Binding
67,337,1114112,0,Apocryphan's Rest
68,340,1114112,0,Kargath
69,341,1114112,0,Camp Kosh
70,342,1114112,0,Camp Boff
71,343,1114112,0,Camp Wurg
72,344,1114112,0,Camp Cagg
73,345,1114112,0,Agmond's End
74,346,1114112,0,Hammertoe's Digsite
75,347,1114112,0,Dustbelch Grotto
76,348,786432,0,Aerie Peak
77,349,786432,0,Wildhammer Keep
78,350,786432,0,Quel'Danil Lodge
79,351,786432,0,Skulk Rock
80,352,786432,0,Zun'watha
81,353,786432,0,Shadra'Alor
82,356,786432,0,Seradane
83,357,357,1,Feralas
84,358,458752,1,Brambleblade Ravine
85,359,65536,1,Bael Modan
86,360,458752,1,The Venture Co. Mine
87,361,361,1,Felwood
88,362,131072,1,Razor Hill
89,363,131072,1,Valley of Trials
90,364,131072,1,The Den
91,365,131072,1,Burning Blade Coven
92,366,131072,1,Kolkar Crag
93,367,131072,1,Sen'jin Village
94,368,131072,1,Echo Isles
95,369,131072,1,Thunder Ridge
96,370,131072,1,Drygulch Ravine
97,372,131072,1,Tiragarde Keep
98,373,131072,1,Scuttle Coast
99,374,131072,1,Bladefist Bay
100,375,131072,1,Deadeye Shore
101,377,377,1,Southfury River
102,378,65536,1,Camp Taurajo
103,379,65536,1,Far Watch Post
104,380,65536,1,The Crossroads
105,381,65536,1,Boulder Load Mine
106,383,65536,1,The Dry Hills
107,384,65536,1,Dreadmist Peak
108,385,65536,1,Northwatch Hold
109,386,65536,1,The Forgotten Pools
110,388,65536,1,The Stagnant Oasis
111,390,65536,1,Field of Giants
112,391,65536,1,The Merchant Coast
113,392,65536,1,Ratchet
114,393,131072,1,Darkspear Strand
115,394,394,0,Darrowmere Lake
116,395,2424832,0,Caer Darrow
117,396,458752,1,Winterhoof Water Well
118,397,458752,1,Thunderhorn Water Well
119,1,1,0,Dun Morogh
120,2,196608,0,Longshore
121,3,3,0,Badlands
122,4,4,0,Blasted Lands
123,7,720896,0,Blackwater Cove
124,8,8,0,Swamp of Sorrows
125,9,393216,0,Northshire Valley
126,12,12,0,Elwynn Forest
127,14,14,1,Durotar
128,15,15,1,Dustwallow Marsh
129,16,16,1,Aszhara
130,17,17,1,The Barrens
131,18,393216,0,Crystal Lake
132,20,196608,0,Moonbrook
133,21,21,0,Kul Tiras
134,23,393216,0,Northshire River
135,24,393216,0,Northshire Abbey
136,25,25,0,Blackrock Mountain
137,28,28,0,Western Plaguelands
138,30,30,0,Nine
139,32,262144,0,The Cemetary
140,33,33,0,Stranglethorn Vale
141,34,393216,0,Echo Ridge Mine
142,35,720896,0,Booty Bay
143,36,36,0,Alterac Mountains
144,37,720896,0,Lake Nazferiti
145,38,38,0,Loch Modan
146,40,40,0,Westfall
147,42,262144,0,Darkshire
148,43,720896,0,Wild Shore
149,44,44,0,Redridge Mountains
150,45,45,0,Arathi Highlands
151,46,46,0,Burning Steppes
152,47,47,0,The Hinterlands
153,49,1441792,0,Dead Man's Hole
154,51,51,0,Searing Gorge
155,53,393216,0,Thieves Camp
156,55,393216,0,Valley of Heroes
157,56,393216,0,Hero's Vigil
158,57,393216,0,Fargodeep Mine
159,59,393216,0,Northshire Vineyards
160,61,393216,0,Thunder Falls
161,62,393216,0,Brackwell Pumpkin Patch
162,63,393216,0,The Stonefield Farm
163,64,393216,0,The Maclure Vineyards
164,65,65,0,***On Map Dungeon***
165,66,66,1,***On Map Dungeon***
166,67,67,17,***On Map Dungeon***
167,69,524288,0,Lakeshire
168,70,524288,0,Stonewatch
169,72,131072,0,Dark Portal
170,73,131072,0,Demonic Stronghold
171,74,458752,0,Pool of Tears
172,75,458752,0,Stonard
173,76,458752,0,Fallow Sanctuary
174,77,1048576,0,Anvilmar
175,80,393216,0,Stormwind City
176,82,1441792,0,Jeff NW Quadrant
177,83,1441792,0,Jeff SE Quadrant
178,84,1441792,0,Jeff SW Quadrant
179,85,85,0,Tirisfal Glades
180,86,393216,0,Stone Cairn Lake
181,88,393216,0,Eastvale Logging Camp
182,89,393216,0,Mirror Lake Orchard
183,91,393216,0,Tower of Azora
184,94,262144,0,Raven Hill
185,95,524288,0,Redridge Canyons
186,96,524288,0,Tower of Ilgalar
187,97,524288,0,Alther's Mill
188,98,524288,0,Rethban Caverns
189,99,720896,0,Rebel Camp
190,101,720896,0,Kurzen's Compound
191,103,720896,0,Ruins of Zul'Mamwe
192,104,720896,0,The Vile Reef
193,105,720896,0,Mosh'Ogg Ogre Mound
194,106,720896,0,The Stockpile
195,107,196608,0,Saldean's Farm
196,108,196608,0,Sentinel Hill
197,109,196608,0,Furlbrow's Pumpkin Farm
198,111,196608,0,Jangolode Mine
199,115,196608,0,Westfall Lighthouse
200,116,458752,0,Misty Valley
201,118,917504,0,Whelgar's Excavation Site
202,121,262144,0,Tranquil Gardens Cemetery
203,122,720896,0,Zuuldaia Ruins
204,123,720896,0,Bal'lal Ruins
205,125,720896,0,Kal'ai Ruins
206,126,720896,0,Tkashi Ruins
207,127,720896,0,Balia'mah Ruins
208,128,720896,0,Ziata'jai Ruins
209,129,720896,0,Mizjah Ruins
210,130,130,0,Silverpine Forest
211,131,1048576,0,Kharanos
212,132,1048576,0,Coldridge Valley
213,133,1048576,0,Gnomeregan
214,134,1048576,0,Gol'Bolar Quarry
215,135,1048576,0,Frostmane Hold
216,136,1048576,0,The Grizzled Den
217,137,1048576,0,Brewnall Village
218,138,1048576,0,Misty Pine Refuge
219,139,139,0,Eastern Plaguelands
220,141,141,1,Teldrassil
221,142,983040,0,Ironband's Excavation Site
222,143,983040,0,Mo'grosh Stronghold
223,144,983040,0,Thelsamar
224,145,983040,0,Algaz Gate
225,146,983040,0,Stonewrought Dam
226,147,983040,0,The Farstrider Lodge
227,148,148,1,Darkshore
228,149,983040,0,Silver Stream Mine
229,150,917504,0,Menethil Harbor
230,152,1572864,0,The Bulwark
231,154,1572864,0,Deathknell
232,155,1572864,0,Night Web's Hollow
233,156,1572864,0,Solliden Farmstead
234,157,1572864,0,Agamand Mills
235,158,1572864,0,Agamand Family Crypt
236,159,1572864,0,Brill
237,160,1572864,0,Whispering Gardens
238,161,1572864,0,Terrace of Repose
239,162,1572864,0,Brightwater Lake
240,163,1572864,0,Gunther's Retreat
241,164,1572864,0,Garren's Haunt
242,165,1572864,0,Balnir Farmstead
243,166,1572864,0,Cold Hearth Manor
244,167,1572864,0,Crusader Outpost
245,168,1572864,0,The North Coast
246,170,170,0,Lordamere Lake
247,172,1638400,0,Fenris Isle
248,187,327680,1,Darnassus
249,189,1048576,0,Steelgrill's Depot
250,190,1245184,0,Hearthglenn
251,192,1245184,0,Northridge Lumber Camp
252,193,1245184,0,Ruins of Anderhol
253,195,1245184,0,School of Necromancy
254,197,1245184,0,Sorrow Hill
255,198,1245184,0,The Weeping Cave
256,199,1245184,0,Felstone Field
257,200,1245184,0,Dalson's Tears
258,201,1245184,0,Gahrron's Withering
259,202,1245184,0,The Writhing Haunt
260,203,1245184,0,Mardenholde Keep
261,204,1638400,0,Pyrewood Village
262,205,917504,0,Dun Modr
263,206,206,36,Westfall
264,207,207,36,The Great Sea
265,208,208,36,Ironclad Cove
266,209,209,33,Shadowfang
267,210,210,36,***On Map Dungeon***
268,211,1048576,0,Iceflow Lake
269,212,1048576,0,Helm's Bed Lake
270,213,1638400,0,Deep Elem Mine
271,214,214,0,The Great Sea
272,215,215,1,Mulgore
273,219,196608,0,Alexston Farmstead
274,221,458752,1,Camp Narache
275,222,458752,1,Bloodhoof Village
276,223,458752,1,Stonebull Lake
277,224,458752,1,Ravaged Caravan
278,225,458752,1,Red Rocks
279,227,1638400,0,Valgan's Field
280,228,1638400,0,The Sepulcher
281,229,1638400,0,Olsen's Farthing
282,230,1638400,0,The Greymane Wall
283,231,1638400,0,Beren's Peril
284,232,1638400,0,The Dawning Isles
285,233,1638400,0,Ambermill
286,236,1638400,0,Shadowfang Keep
287,237,1638400,0,The Decrepit Ferry
288,240,1638400,0,The Dead Field
289,241,262144,0,The Rotting Orchard
290,242,262144,0,Brightwood Grove
291,243,262144,0,Forlorn Rowe
292,244,262144,0,The Whipple Estate
293,246,1507328,0,The Cauldron
294,247,1507328,0,Grimesilt Dig Site
295,656,1245184,1,Lake Elune'ara
296,657,458752,0,The Harborage
297,676,676,150,Outland
298,696,327680,1,Craftsmen's Terrace
299,697,327680,1,Tradesmen's Terrace
300,698,327680,1,The Temple Gardens
301,699,327680,1,Temple of Elune
302,700,327680,1,Cenarion Enclave
303,701,327680,1,Warrior's Terrace
304,702,327680,1,Rut'theran Village
305,721,721,90,Gnomeragon
306,398,458752,1,Wildmane Water Well
307,400,400,1,Thousand Needles
308,401,65536,1,The Tidus Stair
309,404,458752,1,Bael'Dun Digsite
310,405,405,1,Desolace
311,406,406,1,Stonetalon Mountains
312,407,131072,1,Orgrimmar
313,408,408,0,Gillijim's Isle
314,409,409,0,Island of Doctor Lapidis
315,410,131072,1,Razorwind Canyon
316,411,524288,1,Bathran's Haunt
317,413,524288,1,Maestra's Post
318,414,524288,1,The Zoram Strand
319,415,524288,1,Astranaar
320,416,524288,1,The Shrine of Aessina
321,417,524288,1,Fire Scar Shrine
322,418,524288,1,The Ruins of Stardust
323,419,524288,1,The Howling Vale
324,420,524288,1,Silverwind Refuge
325,421,524288,1,Mystral Lake
326,422,524288,1,Fallen Sky Lake
327,424,524288,1,Iris Lake
328,426,524288,1,Raynewood Retreat
329,427,524288,1,The Shady Nook
330,430,524288,1,Satyrnaar
331,432,524288,1,The Dor'Danil Barrow Den
332,433,524288,1,Falfarren River
333,435,524288,1,Demon Fall Canyon
334,436,524288,1,Demon Fall Ridge
335,438,524288,1,Bough Shadow
336,439,851968,1,The Shimmering Flats
337,440,440,1,Tanaris
338,441,524288,1,Lake Falathim
339,442,393216,1,Auberdine
340,443,393216,1,Ruins of Mathystra
341,444,393216,1,Tower of Althalaxx
342,445,393216,1,Cliffspring Falls
343,446,393216,1,Bashal'Aran
344,447,393216,1,Ameth'Aran
345,448,393216,1,Grove of the Ancients
346,449,393216,1,The Master's Glaive
347,450,393216,1,Remtravel's Excavation
348,452,393216,1,Mist's Edge
349,454,393216,1,Wildbend River
350,455,393216,1,Blackwood Den
351,456,393216,1,Cliffspring River
352,458,65536,1,Gold Road
353,459,1572864,0,Scarlet Watch Post
354,460,983040,1,Sun Rock Retreat
355,461,983040,1,Windshear Crag
356,463,983040,1,Cragpool Lake
357,464,983040,1,Mirkfallon Lake
358,465,983040,1,The Charred Vale
359,466,983040,1,Valley of the Bloodfuries
360,468,983040,1,The Talon Den
361,469,983040,1,Greatwood Vale
362,470,458752,1,Thunder Bluff
363,471,458752,1,Brave Wind Mesa
364,472,458752,1,Fire Stone Mesa
365,474,458752,1,Hunter Rise
366,475,458752,1,Spirit Rise
367,476,458752,1,Elder Rise
368,477,720896,0,Ruins of Jubuwal
369,478,327680,1,Pools of Arlithrien
370,479,851968,1,The Rustmaul Dig Site
371,480,851968,1,Camp E'thok
372,482,851968,1,Highperch
373,483,851968,1,The Screeching Canyon
374,484,851968,1,Freewind Post
375,485,851968,1,The Great Lift
376,486,851968,1,Galak Hold
377,487,851968,1,Roguefeather Den
378,488,851968,1,The Weathered Nook
379,489,655360,1,Thalanaar
380,490,490,1,Ungoro Crater
381,491,491,47,Razorfen Kraul
382,492,262144,0,Raven Hill Cemetery
383,493,493,1,Moonglade
384,496,196608,1,Brackenwall Village
385,495,495,0,Twilight Grove
386,497,196608,1,Swamplight Manor
387,498,196608,1,Bloodfen Burrow
388,499,196608,1,Darkmist Cavern
389,504,196608,1,North Point Tower
390,505,196608,1,West Point Tower
391,506,196608,1,Lost Point
392,507,196608,1,Bluefen
393,508,196608,1,Stonemaul Ruins
394,509,196608,1,The Den of Flame
395,511,196608,1,Wyrmbog
396,512,196608,1,Onyxia's Lair
397,513,196608,1,Theramore Isle
398,514,196608,1,Foothold Citadel
399,515,196608,1,Ironclad Prison
400,516,196608,1,Dustwallow Bay
401,517,196608,1,Tidefury Cove
402,518,196608,1,Dreadmurk Shore
403,536,262144,0,Addle's Stead
404,537,1179648,1,Fire Plume Ridge
405,538,1179648,1,Lik'ash Tar Pits
406,539,1179648,1,Terror Run
407,540,1179648,1,The Slithering Scar
408,541,1179648,1,Marshal's Refuge
409,542,1179648,1,Fungal Rock
410,543,1179648,1,Golakka Hot Springs
411,556,983040,0,The Loch
412,576,262144,0,Beggar's Haunt
413,22,22,0,Programmer Isle
414,87,393216,0,Goldshire
415,425,524288,1,Moonwell
416,54,393216,0,Jasperlode Mine
417,226,1638400,0,The Skittering Dark
418,382,65536,1,The Sludge Fen
419,431,524288,1,Solace Glade
420,473,458752,1,Mantle Rock
421,13,262144,0,The World Tree
422,41,41,0,Deadwind Pass
423,68,524288,0,Lake Everstill
424,92,393216,0,Mirror Lake
425,120,393216,0,Westbrook Garrison
426,151,151,0,Designer Island
427,188,327680,1,Shadowglen
428,220,458752,1,Red Cloud Mesa
429,245,262144,0,The Yorgen Farmstead
430,276,276,0,Stonewrought Pass
431,302,720896,0,The Crystal Shore
432,328,851968,0,The Drowned Reef
433,371,131072,1,Dustwind Cave
434,403,196608,1,Shady Rest Inn
435,428,524288,1,Night Run
436,434,524288,1,Felfire Hill
437,457,457,1,The Veiled Sea
438,481,851968,1,Splithoof Crag
439,503,196608,1,Sentry Point
440,19,720896,0,Zul Gurub
441,81,1441792,0,Jeff NE Quadrant
442,113,196608,0,Gold Coast Quarry
443,169,1572864,0,Whispering Shore
444,196,1245184,0,Uther's Tomb
445,250,589824,0,Ruins of Thaurisan
446,268,268,37,Plains of Snow
447,322,851968,0,Blackwater Shipwrecks
448,387,65536,1,Lushwater Oasis
449,453,393216,1,The Long Wash
450,510,196608,1,The Dragonmurk
451,100,720896,0,Nesingwary's Expedition
452,102,720896,0,Ruins of Zul'Kunda
453,238,1638400,0,Malden's Orchard
454,239,1638400,0,The Ivar Patch
455,311,720896,0,Ruins of Aboraz
456,315,851968,0,Dabyrie's Farmstead
457,354,786432,0,Jintha'Alor
458,355,786432,0,The Altar of Zul
459,596,917504,1,Kodo Graveyard
460,597,917504,1,Ghost Walker Post
461,598,917504,1,Sar'theris Strand
462,599,917504,1,Thunder Axe Fortress
463,600,917504,1,Bolgan's Hole
464,609,917504,1,Kolkar Village
465,602,917504,1,Mannoroc Coven
466,603,917504,1,Sargeron
467,604,917504,1,Magram Village
468,26,196608,0,Lighthouse
469,606,917504,1,Gelkis Village
470,607,917504,1,Valley of Spears
471,608,917504,1,Nijel's Point
472,60,393216,0,Forest's Edge
473,153,1572864,0,Ruins of Lordaeron
474,235,1638400,0,Fenris Keep
475,317,851968,0,Witherbark Village
476,399,458752,1,Skyline Ridge
477,429,524288,1,Xavian
478,437,524288,1,Kargathia Outpost
479,467,983040,1,Stonetalon Peak
480,501,196608,1,Beezil's Wreck
481,271,1966080,0,Southshore
482,295,1966080,0,Western Strand
483,10,10,0,Duskwood
484,11,11,0,Wetlands
485,616,616,1,Hyjal
486,173,1572864,0,Faol's Rest
487,618,618,1,Winterspring
488,186,327680,1,Dolanaar
489,500,196608,1,Moggle Point
490,502,196608,1,Witch Hill
491,412,524288,1,The Ruins of Ordil'Aran
492,636,983040,1,Blackwolf River
493,71,524288,0,Stonewatch Falls
494,93,262144,0,Vul'Gol Ogre Mound
495,117,720896,0,Grom'gol Base Camp
496,254,589824,0,Blackrock Spire
497,308,308,0,The Forbidding Sea
498,313,851968,0,Northfold Manor
499,338,1114112,0,Angor Fortress
500,339,1114112,0,Lethlor Ravine
501,637,458752,1,Kodo Rock
502,638,131072,1,Hidden Path
503,639,131072,1,Spirit Rock
504,640,131072,1,Shrine of the Dormant Flame
505,716,1048576,0,Ironband's Compound
506,717,717,34,The Stockade
507,718,718,43,Wailing Caverns
508,719,719,48,Blackfathom Deeps
509,720,65536,1,Fray Island
510,722,722,129,Razorfen Downs
