﻿src_mapId,src_mapName,src_areaNumber,src_parentNumber,src_name,tgt_mapId_xwalk,tgt_mapName_xwalk,tgt_areaID,tgt_parentID,tgt_name
0,Azeroth,0,0,***On Map Dungeon***,0,Eastern Kingdoms,0,0,
1,Kalimdor,0,0,***On Map Dungeon***,1,Kalimdor,0,0,
36,DeadminesInstance,65536,65536,Westfall,36,Deadmines,0,0,
36,DeadminesInstance,196608,196608,Ironclad Cove,36,Deadmines,0,0,
36,DeadminesInstance,0,0,***On Map Dungeon***,36,Deadmines,0,0,
90,GnomeragonInstance,65536,65536,Gnomeragon,90,Gnomeregan,0,0,
37,PVPZone02,65536,65536,Plains of Snow,37,Azshara Crater,0,0,
