﻿src_row_id,src_areaNumber,src_parentNumber,src_name,src_mapId,src_chain,pivot_mapId,pivot_chain,lk_mapId,lk_chain,chosen_tgt_id,matched_depth,method
263,65536,65536,Westfall,36,westfall,36,westfall,36,westfall,-1,0,unmatched
264,131072,131072,The Great Sea,36,greatsea,36,greatsea,36,greatsea,207,1,pivot_060
265,196608,196608,Ironclad Cove,36,ironcladcove,36,ironcladcove,36,ironcladcove,-1,0,unmatched
267,0,0,***On Map Dungeon***,36,onmapdungeon,36,onmapdungeon,36,onmapdungeon,-1,0,unmatched
