﻿src_row_id,src_areaNumber,src_parentNumber,src_name,src_mapId,src_chain,pivot_mapId,pivot_chain,lk_mapId,lk_chain,chosen_tgt_id,matched_depth,method
153,1441793,1441792,Dead Man's Hole,0,programmerisle/deadmanshole,0,programmerisle/deadmanshole,451,programmerisle/deadmanshole,49,2,pivot_060
176,1441797,1441792,Jeff NW Quadrant,0,programmerisle/jeffnwquadrant,0,programmerisle/jeffnwquadrant,451,programmerisle/jeffnwquadrant,82,2,pivot_060
177,1441798,1441792,Jeff SE Quadrant,0,programmerisle/jeffsequadrant,0,programmerisle/jeffsequadrant,451,programmerisle/jeffsequadrant,83,2,pivot_060
178,1441799,1441792,Jeff SW Quadrant,0,programmerisle/jeffswquadrant,0,programmerisle/jeffswquadrant,451,programmerisle/jeffswquadrant,84,2,pivot_060
413,1441792,1441792,Programmer Isle,0,programmerisle,0,programmerisle,451,programmerisle,22,1,pivot_060
426,1769472,1769472,Designer Island,0,designerisland,0,designerisland,451,designerisland,151,1,pivot_060
441,1441796,1441792,Jeff NE Quadrant,0,programmerisle/jeffnequadrant,0,programmerisle/jeffnequadrant,451,programmerisle/jeffnequadrant,22,1,pivot_060_zone_only
