﻿src_row_id,src_areaNumber,src_parentNumber,src_name,src_mapId,src_mapName,src_mapId_xwalk,src_mapName_xwalk,src_path,tgt_id_335,tgt_name,tgt_parent_id,tgt_parent_name,tgt_mapId,tgt_mapName,tgt_path,match_method
1,589825,589824,Dreadmaul Rock,0,Azeroth,0,Eastern Kingdoms,eastern kingdoms/burningsteppes/dreadmaulrock,249,Dreadmaul Rock,46,Burning Steppes,0,Eastern Kingdoms,eastern kingdoms/dreadmaul rock,pivot_060
2,589827,589824,Flame Crest,0,Azeroth,0,Eastern Kingdoms,eastern kingdoms/burningsteppes/flamecrest,251,Flame Crest,46,Burning Steppes,0,Eastern Kingdoms,eastern kingdoms/flame crest,pivot_060
3,589828,589824,Blackrock Stronghold,0,Azeroth,0,Eastern Kingdoms,eastern kingdoms/burningsteppes/blackrockstronghold,252,Blackrock Stronghold,46,Burning Steppes,0,Eastern Kingdoms,eastern kingdoms/blackrock stronghold,pivot_060
4,589829,589824,The Pillar of Ash,0,Azeroth,0,Eastern Kingdoms,eastern kingdoms/burningsteppes/pillarofash,253,The Pillar of Ash,46,Burning Steppes,0,Eastern Kingdoms,eastern kingdoms/the pillar of ash,pivot_060
5,589831,589824,Altar of Storms,0,Azeroth,0,Eastern Kingdoms,eastern kingdoms/burningsteppes/altarofstorms,255,Altar of Storms,46,Burning Steppes,0,Eastern Kingdoms,eastern kingdoms/altar of storms,pivot_060
17,1966080,1966080,Hillsbrad Foothills,0,Azeroth,0,Eastern Kingdoms,eastern kingdoms/hillsbradfoothills,267,Hillsbrad Foothills,267,Hillsbrad Foothills,0,Eastern Kingdoms,eastern kingdoms/hillsbrad foothills,pivot_060
18,2031616,2031616,Dun Algaz,0,Azeroth,0,Eastern Kingdoms,eastern kingdoms/dunalgaz,269,Dun Algaz,269,Dun Algaz,0,Eastern Kingdoms,eastern kingdoms/dun algaz,pivot_060
19,1966083,1966080,Tarren Mill,0,Azeroth,0,Eastern Kingdoms,eastern kingdoms/hillsbradfoothills/tarrenmill,272,Tarren Mill,267,Hillsbrad Foothills,0,Eastern Kingdoms,eastern kingdoms/tarren mill,pivot_060
20,1966086,1966080,Durnholde Keep,0,Azeroth,0,Eastern Kingdoms,eastern kingdoms/hillsbradfoothills/durnholdekeep,275,Durnholde Keep,267,Hillsbrad Foothills,0,Eastern Kingdoms,eastern kingdoms/durnholde keep,pivot_060
21,1310721,1310720,The Foothill Caverns,0,Azeroth,0,Eastern Kingdoms,eastern kingdoms/alteracmountains/foothillcaverns,277,The Foothill Caverns,36,Alterac Mountains,0,Eastern Kingdoms,eastern kingdoms/the foothill caverns,pivot_060
22,1310722,1310720,Lordamere Internment Camp,0,Azeroth,0,Eastern Kingdoms,eastern kingdoms/alteracmountains/lordamereinternmentcamp,278,Lordamere Internment Camp,36,Alterac Mountains,0,Eastern Kingdoms,eastern kingdoms/lordamere internment camp,pivot_060
23,1310723,1310720,Dalaran,0,Azeroth,0,Eastern Kingdoms,eastern kingdoms/alteracmountains/dalaran,36,Alterac Mountains,36,Alterac Mountains,0,Eastern Kingdoms,eastern kingdoms/alterac mountains,pivot_060_zone_only
24,1310724,1310720,Strahnbrad,0,Azeroth,0,Eastern Kingdoms,eastern kingdoms/alteracmountains/strahnbrad,280,Strahnbrad,36,Alterac Mountains,0,Eastern Kingdoms,eastern kingdoms/strahnbrad,pivot_060
25,1310725,1310720,Ruins of Alterac,0,Azeroth,0,Eastern Kingdoms,eastern kingdoms/alteracmountains/ruinsofalterac,281,Ruins of Alterac,36,Alterac Mountains,0,Eastern Kingdoms,eastern kingdoms/ruins of alterac,pivot_060
26,1310726,1310720,Crushridge Hold,0,Azeroth,0,Eastern Kingdoms,eastern kingdoms/alteracmountains/crushridgehold,282,Crushridge Hold,36,Alterac Mountains,0,Eastern Kingdoms,eastern kingdoms/crushridge hold,pivot_060
27,1310727,1310720,Slaughter Hollow,0,Azeroth,0,Eastern Kingdoms,eastern kingdoms/alteracmountains/slaughterhollow,283,Slaughter Hollow,36,Alterac Mountains,0,Eastern Kingdoms,eastern kingdoms/slaughter hollow,pivot_060
28,1310728,1310720,The Uplands,0,Azeroth,0,Eastern Kingdoms,eastern kingdoms/alteracmountains/uplands,284,The Uplands,36,Alterac Mountains,0,Eastern Kingdoms,eastern kingdoms/the uplands,pivot_060
29,1966087,1966080,Southpoint Tower,0,Azeroth,0,Eastern Kingdoms,eastern kingdoms/hillsbradfoothills/southpointtower,285,Southpoint Tower,267,Hillsbrad Foothills,0,Eastern Kingdoms,eastern kingdoms/southpoint tower,pivot_060
30,1966088,1966080,Hillsbrad Fields,0,Azeroth,0,Eastern Kingdoms,eastern kingdoms/hillsbradfoothills/hillsbradfields,286,Hillsbrad Fields,267,Hillsbrad Foothills,0,Eastern Kingdoms,eastern kingdoms/hillsbrad fields,pivot_060
31,1966089,1966080,Hillsbrad,0,Azeroth,0,Eastern Kingdoms,eastern kingdoms/hillsbradfoothills/hillsbrad,287,Hillsbrad,267,Hillsbrad Foothills,0,Eastern Kingdoms,eastern kingdoms/hillsbrad,pivot_060
32,1966090,1966080,Azureload Mine,0,Azeroth,0,Eastern Kingdoms,eastern kingdoms/hillsbradfoothills/azureloadmine,267,Hillsbrad Foothills,267,Hillsbrad Foothills,0,Eastern Kingdoms,eastern kingdoms/hillsbrad foothills,pivot_060_zone_only
33,1966091,1966080,Nethander Stead,0,Azeroth,0,Eastern Kingdoms,eastern kingdoms/hillsbradfoothills/nethanderstead,289,Nethander Stead,267,Hillsbrad Foothills,0,Eastern Kingdoms,eastern kingdoms/nethander stead,pivot_060
34,1966092,1966080,Dun Garok,0,Azeroth,0,Eastern Kingdoms,eastern kingdoms/hillsbradfoothills/dungarok,290,Dun Garok,267,Hillsbrad Foothills,0,Eastern Kingdoms,eastern kingdoms/dun garok,pivot_060
35,2162688,2162688,Thoradin's Wall,0,Azeroth,0,Eastern Kingdoms,eastern kingdoms/thoradinswall,293,Thoradin's Wall,293,Thoradin's Wall,0,Eastern Kingdoms,eastern kingdoms/thoradin's wall,pivot_060
36,1966095,1966080,Eastern Strand,0,Azeroth,0,Eastern Kingdoms,eastern kingdoms/hillsbradfoothills/easternstrand,294,Eastern Strand,267,Hillsbrad Foothills,0,Eastern Kingdoms,eastern kingdoms/eastern strand,pivot_060
37,2228224,2228224,South Seas,0,Azeroth,0,Eastern Kingdoms,eastern kingdoms/southseasunused,296,South Seas UNUSED,296,South Seas UNUSED,0,Eastern Kingdoms,eastern kingdoms/south seas unused,pivot_060
38,720919,720896,Jaguero Isle,0,Azeroth,0,Eastern Kingdoms,eastern kingdoms/stranglethornvale/jagueroisle,297,Jaguero Isle,33,Stranglethorn Vale,0,Eastern Kingdoms,eastern kingdoms/jaguero isle,pivot_060
39,917509,917504,Baradin Bay,0,Azeroth,0,Eastern Kingdoms,eastern kingdoms/wetlands/baradinbay,298,Baradin Bay,11,Wetlands,0,Eastern Kingdoms,eastern kingdoms/baradin bay,pivot_060
40,917510,917504,Menethil Bay,0,Azeroth,0,Eastern Kingdoms,eastern kingdoms/wetlands/menethilbay,299,Menethil Bay,11,Wetlands,0,Eastern Kingdoms,eastern kingdoms/menethil bay,pivot_060
41,458757,458752,Mistyreed Strand,0,Azeroth,0,Eastern Kingdoms,eastern kingdoms/swampofsorrows/mistyreedstrand,300,Misty Reed Strand,8,Swamp of Sorrows,0,Eastern Kingdoms,eastern kingdoms/misty reed strand,pivot_060
42,720920,720896,The Savage Coast,0,Azeroth,0,Eastern Kingdoms,eastern kingdoms/stranglethornvale/savagecoast,301,The Savage Coast,33,Stranglethorn Vale,0,Eastern Kingdoms,eastern kingdoms/the savage coast,pivot_060
43,720922,720896,Shell Beach,0,Azeroth,0,Eastern Kingdoms,eastern kingdoms/stranglethornvale/shellbeach,303,Shell Beach,33,Stranglethorn Vale,0,Eastern Kingdoms,eastern kingdoms/shell beach,pivot_060
44,1638419,1638400,North Tide's Run,0,Azeroth,0,Eastern Kingdoms,eastern kingdoms/silverpineforest/northtidesrun,305,North Tide's Run,130,Silverpine Forest,0,Eastern Kingdoms,eastern kingdoms/north tide's run,pivot_060
45,1638420,1638400,South Tide's Run,0,Azeroth,0,Eastern Kingdoms,eastern kingdoms/silverpineforest/southtidesrun,306,South Tide's Run,130,Silverpine Forest,0,Eastern Kingdoms,eastern kingdoms/south tide's run,pivot_060
46,786433,786432,The Overlook Cliffs,0,Azeroth,0,Eastern Kingdoms,eastern kingdoms/hinterlands/overlookcliffs,307,The Overlook Cliffs,47,The Hinterlands,0,Eastern Kingdoms,eastern kingdoms/the overlook cliffs,pivot_060
47,917511,917504,Ironbeard's Tomb,0,Azeroth,0,Eastern Kingdoms,eastern kingdoms/wetlands/ironbeardstomb,309,Ironbeard's Tomb,11,Wetlands,0,Eastern Kingdoms,eastern kingdoms/ironbeard's tomb,pivot_060
48,720923,720896,Crystalvein Mine,0,Azeroth,0,Eastern Kingdoms,eastern kingdoms/stranglethornvale/crystalveinmine,310,Crystalvein Mine,33,Stranglethorn Vale,0,Eastern Kingdoms,eastern kingdoms/crystalvein mine,pivot_060
49,720925,720896,Janeiro's Point,0,Azeroth,0,Eastern Kingdoms,eastern kingdoms/stranglethornvale/janeirospoint,312,Janeiro's Point,33,Stranglethorn Vale,0,Eastern Kingdoms,eastern kingdoms/janeiro's point,pivot_060
50,851970,851968,Go'Shek Farm,0,Azeroth,0,Eastern Kingdoms,eastern kingdoms/arathihighlands/goshekfarm,314,Go'Shek Farm,45,Arathi Highlands,0,Eastern Kingdoms,eastern kingdoms/go'shek farm,pivot_060
51,851972,851968,Boulderfist Hall,0,Azeroth,0,Eastern Kingdoms,eastern kingdoms/arathihighlands/boulderfisthall,316,Boulderfist Hall,45,Arathi Highlands,0,Eastern Kingdoms,eastern kingdoms/boulderfist hall,pivot_060
52,851974,851968,Drywhisker Gorge,0,Azeroth,0,Eastern Kingdoms,eastern kingdoms/arathihighlands/drywhiskergorge,318,Drywhisker Gorge,45,Arathi Highlands,0,Eastern Kingdoms,eastern kingdoms/drywhisker gorge,pivot_060
53,851976,851968,Refuge Pointe,0,Azeroth,0,Eastern Kingdoms,eastern kingdoms/arathihighlands/refugepointe,320,Refuge Pointe,45,Arathi Highlands,0,Eastern Kingdoms,eastern kingdoms/refuge pointe,pivot_060
54,851977,851968,Hammerfall,0,Azeroth,0,Eastern Kingdoms,eastern kingdoms/arathihighlands/hammerfall,321,Hammerfall,45,Arathi Highlands,0,Eastern Kingdoms,eastern kingdoms/hammerfall,pivot_060
55,851979,851968,O'Breen's Camp,0,Azeroth,0,Eastern Kingdoms,eastern kingdoms/arathihighlands/obreenscamp,323,O'Breen's Camp,45,Arathi Highlands,0,Eastern Kingdoms,eastern kingdoms/o'breen's camp,pivot_060
56,851980,851968,Stromgarde Keep,0,Azeroth,0,Eastern Kingdoms,eastern kingdoms/arathihighlands/stromgardekeep,324,Stromgarde Keep,45,Arathi Highlands,0,Eastern Kingdoms,eastern kingdoms/stromgarde keep,pivot_060
57,851981,851968,The Tower of Arathor,0,Azeroth,0,Eastern Kingdoms,eastern kingdoms/arathihighlands/towerofarathor,325,The Tower of Arathor,45,Arathi Highlands,0,Eastern Kingdoms,eastern kingdoms/the tower of arathor,pivot_060
58,851982,851968,The Sanctum,0,Azeroth,0,Eastern Kingdoms,eastern kingdoms/arathihighlands/sanctum,326,The Sanctum,45,Arathi Highlands,0,Eastern Kingdoms,eastern kingdoms/the sanctum,pivot_060
59,851983,851968,Faldir's Cove,0,Azeroth,0,Eastern Kingdoms,eastern kingdoms/arathihighlands/faldirscove,327,Faldir's Cove,45,Arathi Highlands,0,Eastern Kingdoms,eastern kingdoms/faldir's cove,pivot_060
60,2359296,2359296,Thandol Span,0,Azeroth,0,Eastern Kingdoms,eastern kingdoms/thandolspan,330,Thandol Span,330,Thandol Span,0,Eastern Kingdoms,eastern kingdoms/thandol span,pivot_060
63,851985,851968,Circle of East Binding,0,Azeroth,0,Eastern Kingdoms,eastern kingdoms/arathihighlands/circleofeastbinding,333,Circle of East Binding,45,Arathi Highlands,0,Eastern Kingdoms,eastern kingdoms/circle of east binding,pivot_060
64,851986,851968,Circle of West Binding,0,Azeroth,0,Eastern Kingdoms,eastern kingdoms/arathihighlands/circleofwestbinding,334,Circle of West Binding,45,Arathi Highlands,0,Eastern Kingdoms,eastern kingdoms/circle of west binding,pivot_060
65,851987,851968,Circle of Inner Binding,0,Azeroth,0,Eastern Kingdoms,eastern kingdoms/arathihighlands/circleofinnerbinding,335,Circle of Inner Binding,45,Arathi Highlands,0,Eastern Kingdoms,eastern kingdoms/circle of inner binding,pivot_060
66,851988,851968,Circle of Outer Binding,0,Azeroth,0,Eastern Kingdoms,eastern kingdoms/arathihighlands/circleofouterbinding,336,Circle of Outer Binding,45,Arathi Highlands,0,Eastern Kingdoms,eastern kingdoms/circle of outer binding,pivot_060
67,1114113,1114112,Apocryphan's Rest,0,Azeroth,0,Eastern Kingdoms,eastern kingdoms/badlands/apocryphansrest,337,Apocryphan's Rest,3,Badlands,0,Eastern Kingdoms,eastern kingdoms/apocryphan's rest,pivot_060
68,1114116,1114112,Kargath,0,Azeroth,0,Eastern Kingdoms,eastern kingdoms/badlands/kargath,340,Kargath,3,Badlands,0,Eastern Kingdoms,eastern kingdoms/kargath,pivot_060
69,1114117,1114112,Camp Kosh,0,Azeroth,0,Eastern Kingdoms,eastern kingdoms/badlands/campkosh,341,Camp Kosh,3,Badlands,0,Eastern Kingdoms,eastern kingdoms/camp kosh,pivot_060
70,1114118,1114112,Camp Boff,0,Azeroth,0,Eastern Kingdoms,eastern kingdoms/badlands/campboff,342,Camp Boff,3,Badlands,0,Eastern Kingdoms,eastern kingdoms/camp boff,pivot_060
71,1114119,1114112,Camp Wurg,0,Azeroth,0,Eastern Kingdoms,eastern kingdoms/badlands/campwurg,343,Camp Wurg,3,Badlands,0,Eastern Kingdoms,eastern kingdoms/camp wurg,pivot_060
72,1114120,1114112,Camp Cagg,0,Azeroth,0,Eastern Kingdoms,eastern kingdoms/badlands/campcagg,344,Camp Cagg,3,Badlands,0,Eastern Kingdoms,eastern kingdoms/camp cagg,pivot_060
73,1114121,1114112,Agmond's End,0,Azeroth,0,Eastern Kingdoms,eastern kingdoms/badlands/agmondsend,345,Agmond's End,3,Badlands,0,Eastern Kingdoms,eastern kingdoms/agmond's end,pivot_060
74,1114122,1114112,Hammertoe's Digsite,0,Azeroth,0,Eastern Kingdoms,eastern kingdoms/badlands/hammertoesdigsite,346,Hammertoe's Digsite,3,Badlands,0,Eastern Kingdoms,eastern kingdoms/hammertoe's digsite,pivot_060
75,1114123,1114112,Dustbelch Grotto,0,Azeroth,0,Eastern Kingdoms,eastern kingdoms/badlands/dustbelchgrotto,347,Dustbelch Grotto,3,Badlands,0,Eastern Kingdoms,eastern kingdoms/dustbelch grotto,pivot_060
76,786434,786432,Aerie Peak,0,Azeroth,0,Eastern Kingdoms,eastern kingdoms/hinterlands/aeriepeak,348,Aerie Peak,47,The Hinterlands,0,Eastern Kingdoms,eastern kingdoms/aerie peak,pivot_060
77,786435,786432,Wildhammer Keep,0,Azeroth,0,Eastern Kingdoms,eastern kingdoms/hinterlands/wildhammerkeep,349,Wildhammer Keep,47,The Hinterlands,0,Eastern Kingdoms,eastern kingdoms/wildhammer keep,pivot_060
78,786436,786432,Quel'Danil Lodge,0,Azeroth,0,Eastern Kingdoms,eastern kingdoms/hinterlands/queldanillodge,350,Quel'Danil Lodge,47,The Hinterlands,0,Eastern Kingdoms,eastern kingdoms/quel'danil lodge,pivot_060
79,786437,786432,Skulk Rock,0,Azeroth,0,Eastern Kingdoms,eastern kingdoms/hinterlands/skulkrock,351,Skulk Rock,47,The Hinterlands,0,Eastern Kingdoms,eastern kingdoms/skulk rock,pivot_060
80,786438,786432,Zun'watha,0,Azeroth,0,Eastern Kingdoms,eastern kingdoms/hinterlands/zunwatha,352,Zun'watha,47,The Hinterlands,0,Eastern Kingdoms,eastern kingdoms/zun'watha,pivot_060
81,786439,786432,Shadra'Alor,0,Azeroth,0,Eastern Kingdoms,eastern kingdoms/hinterlands/shadraalor,353,Shadra'Alor,47,The Hinterlands,0,Eastern Kingdoms,eastern kingdoms/shadra'alor,pivot_060
82,786442,786432,Seradane,0,Azeroth,0,Eastern Kingdoms,eastern kingdoms/hinterlands/seradane,356,Seradane,47,The Hinterlands,0,Eastern Kingdoms,eastern kingdoms/seradane,pivot_060
115,2424832,2424832,Darrowmere Lake,0,Azeroth,0,Eastern Kingdoms,eastern kingdoms/westernplaguelands/darrowmerelake,2297,Darrowmere Lake,28,Western Plaguelands,0,Eastern Kingdoms,eastern kingdoms/darrowmere lake,pivot_060_reparent
116,2424833,2424832,Caer Darrow,0,Azeroth,0,Eastern Kingdoms,eastern kingdoms/westernplaguelands/caerdarrow,2298,Caer Darrow,28,Western Plaguelands,0,Eastern Kingdoms,eastern kingdoms/caer darrow,pivot_060
119,1048576,1048576,Dun Morogh,0,Azeroth,0,Eastern Kingdoms,eastern kingdoms/dunmorogh,1,Dun Morogh,1,Dun Morogh,0,Eastern Kingdoms,eastern kingdoms/dun morogh,pivot_060
120,196611,196608,Longshore,0,Azeroth,0,Eastern Kingdoms,eastern kingdoms/westfall/longshore,2,Longshore,40,Westfall,0,Eastern Kingdoms,eastern kingdoms/longshore,pivot_060
121,1114112,1114112,Badlands,0,Azeroth,0,Eastern Kingdoms,eastern kingdoms/badlands,3,Badlands,3,Badlands,0,Eastern Kingdoms,eastern kingdoms/badlands,pivot_060
122,131072,131072,Blasted Lands,0,Azeroth,0,Eastern Kingdoms,eastern kingdoms/blastedlands,4,Blasted Lands,4,Blasted Lands,0,Eastern Kingdoms,eastern kingdoms/blasted lands,pivot_060
123,720897,720896,Blackwater Cove,0,Azeroth,0,Eastern Kingdoms,eastern kingdoms/stranglethornvale/blackwatercove,7,Blackwater Cove,33,Stranglethorn Vale,0,Eastern Kingdoms,eastern kingdoms/blackwater cove,pivot_060
124,458752,458752,Swamp of Sorrows,0,Azeroth,0,Eastern Kingdoms,eastern kingdoms/swampofsorrows,8,Swamp of Sorrows,8,Swamp of Sorrows,0,Eastern Kingdoms,eastern kingdoms/swamp of sorrows,pivot_060
125,393218,393216,Northshire Valley,0,Azeroth,0,Eastern Kingdoms,eastern kingdoms/elwynnforest/northshirevalley,9,Northshire Valley,12,Elwynn Forest,0,Eastern Kingdoms,eastern kingdoms/northshire valley,pivot_060
126,393216,393216,Elwynn Forest,0,Azeroth,0,Eastern Kingdoms,eastern kingdoms/elwynnforest,12,Elwynn Forest,12,Elwynn Forest,0,Eastern Kingdoms,eastern kingdoms/elwynn forest,pivot_060
131,393220,393216,Crystal Lake,0,Azeroth,0,Eastern Kingdoms,eastern kingdoms/elwynnforest/crystallake,18,Crystal Lake,12,Elwynn Forest,0,Eastern Kingdoms,eastern kingdoms/crystal lake,pivot_060
132,196610,196608,Moonbrook,0,Azeroth,0,Eastern Kingdoms,eastern kingdoms/westfall/moonbrook,20,Moonbrook,40,Westfall,0,Eastern Kingdoms,eastern kingdoms/moonbrook,pivot_060
133,1376256,1376256,Kul Tiras,0,Azeroth,0,Eastern Kingdoms,eastern kingdoms/kultiras,21,Kul Tiras,21,Kul Tiras,0,Eastern Kingdoms,eastern kingdoms/kul tiras,pivot_060
134,393223,393216,Northshire River,0,Azeroth,0,Eastern Kingdoms,eastern kingdoms/elwynnforest/northshireriver,23,Northshire River,12,Elwynn Forest,0,Eastern Kingdoms,eastern kingdoms/northshire river,pivot_060
135,393224,393216,Northshire Abbey,0,Azeroth,0,Eastern Kingdoms,eastern kingdoms/elwynnforest/northshireabbey,24,Northshire Abbey,12,Elwynn Forest,0,Eastern Kingdoms,eastern kingdoms/northshire abbey,pivot_060
136,1179648,1179648,Blackrock Mountain,0,Azeroth,0,Eastern Kingdoms,eastern kingdoms/blackrockmountain,25,Blackrock Mountain,25,Blackrock Mountain,0,Eastern Kingdoms,eastern kingdoms/blackrock mountain,pivot_060
137,1245184,1245184,Western Plaguelands,0,Azeroth,0,Eastern Kingdoms,eastern kingdoms/westernplaguelands,28,Western Plaguelands,28,Western Plaguelands,0,Eastern Kingdoms,eastern kingdoms/western plaguelands,pivot_060
138,655360,655360,Nine,0,Azeroth,0,Eastern Kingdoms,eastern kingdoms/nine,30,Nine,30,Nine,0,Eastern Kingdoms,eastern kingdoms/nine,pivot_060
139,262147,262144,The Cemetary,0,Azeroth,0,Eastern Kingdoms,eastern kingdoms/duskwood/cemetary,32,The Cemetary,10,Duskwood,0,Eastern Kingdoms,eastern kingdoms/the cemetary,pivot_060
140,720896,720896,Stranglethorn Vale,0,Azeroth,0,Eastern Kingdoms,eastern kingdoms/stranglethornvale,33,Stranglethorn Vale,33,Stranglethorn Vale,0,Eastern Kingdoms,eastern kingdoms/stranglethorn vale,pivot_060
141,393222,393216,Echo Ridge Mine,0,Azeroth,0,Eastern Kingdoms,eastern kingdoms/elwynnforest/echoridgemine,34,Echo Ridge Mine,12,Elwynn Forest,0,Eastern Kingdoms,eastern kingdoms/echo ridge mine,pivot_060
142,720901,720896,Booty Bay,0,Azeroth,0,Eastern Kingdoms,eastern kingdoms/stranglethornvale/bootybay,35,Booty Bay,33,Stranglethorn Vale,0,Eastern Kingdoms,eastern kingdoms/booty bay,pivot_060
143,1310720,1310720,Alterac Mountains,0,Azeroth,0,Eastern Kingdoms,eastern kingdoms/alteracmountains,36,Alterac Mountains,36,Alterac Mountains,0,Eastern Kingdoms,eastern kingdoms/alterac mountains,pivot_060
144,720899,720896,Lake Nazferiti,0,Azeroth,0,Eastern Kingdoms,eastern kingdoms/stranglethornvale/lakenazferiti,37,Lake Nazferiti,33,Stranglethorn Vale,0,Eastern Kingdoms,eastern kingdoms/lake nazferiti,pivot_060
145,983040,983040,Loch Modan,0,Azeroth,0,Eastern Kingdoms,eastern kingdoms/lochmodan,38,Loch Modan,38,Loch Modan,0,Eastern Kingdoms,eastern kingdoms/loch modan,pivot_060
146,196608,196608,Westfall,0,Azeroth,0,Eastern Kingdoms,eastern kingdoms/westfall,40,Westfall,40,Westfall,0,Eastern Kingdoms,eastern kingdoms/westfall,pivot_060
147,262145,262144,Darkshire,0,Azeroth,0,Eastern Kingdoms,eastern kingdoms/duskwood/darkshire,42,Darkshire,10,Duskwood,0,Eastern Kingdoms,eastern kingdoms/darkshire,pivot_060
148,720898,720896,Wild Shore,0,Azeroth,0,Eastern Kingdoms,eastern kingdoms/stranglethornvale/wildshore,43,Wild Shore,33,Stranglethorn Vale,0,Eastern Kingdoms,eastern kingdoms/wild shore,pivot_060
149,524288,524288,Redridge Mountains,0,Azeroth,0,Eastern Kingdoms,eastern kingdoms/redridgemountains,44,Redridge Mountains,44,Redridge Mountains,0,Eastern Kingdoms,eastern kingdoms/redridge mountains,pivot_060
150,851968,851968,Arathi Highlands,0,Azeroth,0,Eastern Kingdoms,eastern kingdoms/arathihighlands,45,Arathi Highlands,45,Arathi Highlands,0,Eastern Kingdoms,eastern kingdoms/arathi highlands,pivot_060
151,589824,589824,Burning Steppes,0,Azeroth,0,Eastern Kingdoms,eastern kingdoms/burningsteppes,46,Burning Steppes,46,Burning Steppes,0,Eastern Kingdoms,eastern kingdoms/burning steppes,pivot_060
152,786432,786432,The Hinterlands,0,Azeroth,0,Eastern Kingdoms,eastern kingdoms/hinterlands,47,The Hinterlands,47,The Hinterlands,0,Eastern Kingdoms,eastern kingdoms/the hinterlands,pivot_060
154,1507328,1507328,Searing Gorge,0,Azeroth,0,Eastern Kingdoms,eastern kingdoms/searinggorge,51,Searing Gorge,51,Searing Gorge,0,Eastern Kingdoms,eastern kingdoms/searing gorge,pivot_060
155,393228,393216,Thieves Camp,0,Azeroth,0,Eastern Kingdoms,eastern kingdoms/elwynnforest/thievescamp,53,Thieves Camp,12,Elwynn Forest,0,Eastern Kingdoms,eastern kingdoms/thieves camp,pivot_060
156,393230,393216,Valley of Heroes,0,Azeroth,0,Eastern Kingdoms,eastern kingdoms/elwynnforest/valleyofheroes,12,Elwynn Forest,12,Elwynn Forest,0,Eastern Kingdoms,eastern kingdoms/elwynn forest,pivot_060_zone_only
157,393231,393216,Hero's Vigil,0,Azeroth,0,Eastern Kingdoms,eastern kingdoms/elwynnforest,12,Elwynn Forest,12,Elwynn Forest,0,Eastern Kingdoms,eastern kingdoms/elwynn forest,pivot_060
158,393232,393216,Fargodeep Mine,0,Azeroth,0,Eastern Kingdoms,eastern kingdoms/elwynnforest/fargodeepmine,57,Fargodeep Mine,12,Elwynn Forest,0,Eastern Kingdoms,eastern kingdoms/fargodeep mine,pivot_060
159,393233,393216,Northshire Vineyards,0,Azeroth,0,Eastern Kingdoms,eastern kingdoms/elwynnforest/northshirevineyards,59,Northshire Vineyards,12,Elwynn Forest,0,Eastern Kingdoms,eastern kingdoms/northshire vineyards,pivot_060
160,393235,393216,Thunder Falls,0,Azeroth,0,Eastern Kingdoms,eastern kingdoms/elwynnforest/thunderfalls,61,Thunder Falls,12,Elwynn Forest,0,Eastern Kingdoms,eastern kingdoms/thunder falls,pivot_060
161,393236,393216,Brackwell Pumpkin Patch,0,Azeroth,0,Eastern Kingdoms,eastern kingdoms/elwynnforest/brackwellpumpkinpatch,62,Brackwell Pumpkin Patch,12,Elwynn Forest,0,Eastern Kingdoms,eastern kingdoms/brackwell pumpkin patch,pivot_060
162,393237,393216,The Stonefield Farm,0,Azeroth,0,Eastern Kingdoms,eastern kingdoms/elwynnforest/stonefieldfarm,63,The Stonefield Farm,12,Elwynn Forest,0,Eastern Kingdoms,eastern kingdoms/the stonefield farm,pivot_060
163,393238,393216,The Maclure Vineyards,0,Azeroth,0,Eastern Kingdoms,eastern kingdoms/elwynnforest/maclurevineyards,64,The Maclure Vineyards,12,Elwynn Forest,0,Eastern Kingdoms,eastern kingdoms/the maclure vineyards,pivot_060
167,524290,524288,Lakeshire,0,Azeroth,0,Eastern Kingdoms,eastern kingdoms/redridgemountains/lakeshire,69,Lakeshire,44,Redridge Mountains,0,Eastern Kingdoms,eastern kingdoms/lakeshire,pivot_060
168,524291,524288,Stonewatch,0,Azeroth,0,Eastern Kingdoms,eastern kingdoms/redridgemountains/stonewatch,70,Stonewatch,44,Redridge Mountains,0,Eastern Kingdoms,eastern kingdoms/stonewatch,pivot_060
169,131073,131072,Dark Portal,0,Azeroth,0,Eastern Kingdoms,eastern kingdoms/blastedlands/darkportal,72,The Dark Portal,4,Blasted Lands,0,Eastern Kingdoms,eastern kingdoms/the dark portal,pivot_060
170,131074,131072,Demonic Stronghold,0,Azeroth,0,Eastern Kingdoms,eastern kingdoms/blastedlands/demonicstronghold,4,Blasted Lands,4,Blasted Lands,0,Eastern Kingdoms,eastern kingdoms/blasted lands,pivot_060_zone_only
171,458753,458752,Pool of Tears,0,Azeroth,0,Eastern Kingdoms,eastern kingdoms/swampofsorrows/pooloftears,74,Pool of Tears,8,Swamp of Sorrows,0,Eastern Kingdoms,eastern kingdoms/pool of tears,pivot_060
172,458754,458752,Stonard,0,Azeroth,0,Eastern Kingdoms,eastern kingdoms/swampofsorrows/stonard,75,Stonard,8,Swamp of Sorrows,0,Eastern Kingdoms,eastern kingdoms/stonard,pivot_060
173,458755,458752,Fallow Sanctuary,0,Azeroth,0,Eastern Kingdoms,eastern kingdoms/swampofsorrows/fallowsanctuary,76,Fallow Sanctuary,8,Swamp of Sorrows,0,Eastern Kingdoms,eastern kingdoms/fallow sanctuary,pivot_060
174,1048577,1048576,Anvilmar,0,Azeroth,0,Eastern Kingdoms,eastern kingdoms/dunmorogh/anvilmar,77,Anvilmar,1,Dun Morogh,0,Eastern Kingdoms,eastern kingdoms/anvilmar,pivot_060
175,393239,393216,Stormwind City,0,Azeroth,0,Eastern Kingdoms,eastern kingdoms/elwynnforest/stormwindcity,12,Elwynn Forest,12,Elwynn Forest,0,Eastern Kingdoms,eastern kingdoms/elwynn forest,pivot_060_zone_only
179,1572864,1572864,Tirisfal Glades,0,Azeroth,0,Eastern Kingdoms,eastern kingdoms/tirisfalglades,85,Tirisfal Glades,85,Tirisfal Glades,0,Eastern Kingdoms,eastern kingdoms/tirisfal glades,pivot_060
180,393240,393216,Stone Cairn Lake,0,Azeroth,0,Eastern Kingdoms,eastern kingdoms/elwynnforest/stonecairnlake,86,Stone Cairn Lake,12,Elwynn Forest,0,Eastern Kingdoms,eastern kingdoms/stone cairn lake,pivot_060
181,393242,393216,Eastvale Logging Camp,0,Azeroth,0,Eastern Kingdoms,eastern kingdoms/elwynnforest/eastvaleloggingcamp,88,Eastvale Logging Camp,12,Elwynn Forest,0,Eastern Kingdoms,eastern kingdoms/eastvale logging camp,pivot_060
182,393243,393216,Mirror Lake Orchard,0,Azeroth,0,Eastern Kingdoms,eastern kingdoms/elwynnforest/mirrorlakeorchard,89,Mirror Lake Orchard,12,Elwynn Forest,0,Eastern Kingdoms,eastern kingdoms/mirror lake orchard,pivot_060
183,393244,393216,Tower of Azora,0,Azeroth,0,Eastern Kingdoms,eastern kingdoms/elwynnforest/towerofazora,91,Tower of Azora,12,Elwynn Forest,0,Eastern Kingdoms,eastern kingdoms/tower of azora,pivot_060
184,262149,262144,Raven Hill,0,Azeroth,0,Eastern Kingdoms,eastern kingdoms/duskwood/ravenhill,94,Raven Hill,10,Duskwood,0,Eastern Kingdoms,eastern kingdoms/raven hill,pivot_060
185,524293,524288,Redridge Canyons,0,Azeroth,0,Eastern Kingdoms,eastern kingdoms/redridgemountains/redridgecanyons,95,Redridge Canyons,44,Redridge Mountains,0,Eastern Kingdoms,eastern kingdoms/redridge canyons,pivot_060
186,524294,524288,Tower of Ilgalar,0,Azeroth,0,Eastern Kingdoms,eastern kingdoms/redridgemountains/towerofilgalar,96,Tower of Ilgalar,44,Redridge Mountains,0,Eastern Kingdoms,eastern kingdoms/tower of ilgalar,pivot_060
187,524295,524288,Alther's Mill,0,Azeroth,0,Eastern Kingdoms,eastern kingdoms/redridgemountains/althersmill,97,Alther's Mill,44,Redridge Mountains,0,Eastern Kingdoms,eastern kingdoms/alther's mill,pivot_060
188,524296,524288,Rethban Caverns,0,Azeroth,0,Eastern Kingdoms,eastern kingdoms/redridgemountains/rethbancaverns,98,Rethban Caverns,44,Redridge Mountains,0,Eastern Kingdoms,eastern kingdoms/rethban caverns,pivot_060
189,720902,720896,Rebel Camp,0,Azeroth,0,Eastern Kingdoms,eastern kingdoms/stranglethornvale/rebelcamp,99,Rebel Camp,33,Stranglethorn Vale,0,Eastern Kingdoms,eastern kingdoms/rebel camp,pivot_060
190,720904,720896,Kurzen's Compound,0,Azeroth,0,Eastern Kingdoms,eastern kingdoms/stranglethornvale/kurzenscompound,101,Kurzen's Compound,33,Stranglethorn Vale,0,Eastern Kingdoms,eastern kingdoms/kurzen's compound,pivot_060
191,720906,720896,Ruins of Zul'Mamwe,0,Azeroth,0,Eastern Kingdoms,eastern kingdoms/stranglethornvale/ruinsofzulmamwe,103,Ruins of Zul'Mamwe,33,Stranglethorn Vale,0,Eastern Kingdoms,eastern kingdoms/ruins of zul'mamwe,pivot_060
192,720907,720896,The Vile Reef,0,Azeroth,0,Eastern Kingdoms,eastern kingdoms/stranglethornvale/vilereef,104,The Vile Reef,33,Stranglethorn Vale,0,Eastern Kingdoms,eastern kingdoms/the vile reef,pivot_060
193,720908,720896,Mosh'Ogg Ogre Mound,0,Azeroth,0,Eastern Kingdoms,eastern kingdoms/stranglethornvale/moshoggogremound,105,Mosh'Ogg Ogre Mound,33,Stranglethorn Vale,0,Eastern Kingdoms,eastern kingdoms/mosh'ogg ogre mound,pivot_060
194,720909,720896,The Stockpile,0,Azeroth,0,Eastern Kingdoms,eastern kingdoms/stranglethornvale/stockpile,106,The Stockpile,33,Stranglethorn Vale,0,Eastern Kingdoms,eastern kingdoms/the stockpile,pivot_060
195,196612,196608,Saldean's Farm,0,Azeroth,0,Eastern Kingdoms,eastern kingdoms/westfall/saldeansfarm,107,Saldean's Farm,40,Westfall,0,Eastern Kingdoms,eastern kingdoms/saldean's farm,pivot_060
196,196613,196608,Sentinel Hill,0,Azeroth,0,Eastern Kingdoms,eastern kingdoms/westfall/sentinelhill,108,Sentinel Hill,40,Westfall,0,Eastern Kingdoms,eastern kingdoms/sentinel hill,pivot_060
197,196614,196608,Furlbrow's Pumpkin Farm,0,Azeroth,0,Eastern Kingdoms,eastern kingdoms/westfall/furlbrowspumpkinfarm,109,Furlbrow's Pumpkin Farm,40,Westfall,0,Eastern Kingdoms,eastern kingdoms/furlbrow's pumpkin farm,pivot_060
198,196616,196608,Jangolode Mine,0,Azeroth,0,Eastern Kingdoms,eastern kingdoms/westfall/jangolodemine,111,Jangolode Mine,40,Westfall,0,Eastern Kingdoms,eastern kingdoms/jangolode mine,pivot_060
199,196620,196608,Westfall Lighthouse,0,Azeroth,0,Eastern Kingdoms,eastern kingdoms/westfall/westfalllighthouse,115,Westfall Lighthouse,40,Westfall,0,Eastern Kingdoms,eastern kingdoms/westfall lighthouse,pivot_060
200,458756,458752,Misty Valley,0,Azeroth,0,Eastern Kingdoms,eastern kingdoms/swampofsorrows/mistyvalley,116,Misty Valley,8,Swamp of Sorrows,0,Eastern Kingdoms,eastern kingdoms/misty valley,pivot_060
201,917505,917504,Whelgar's Excavation Site,0,Azeroth,0,Eastern Kingdoms,eastern kingdoms/wetlands/whelgarsexcavationsite,118,Whelgar's Excavation Site,11,Wetlands,0,Eastern Kingdoms,eastern kingdoms/whelgar's excavation site,pivot_060
202,262150,262144,Tranquil Gardens Cemetery,0,Azeroth,0,Eastern Kingdoms,eastern kingdoms/duskwood/tranquilgardenscemetery,121,Tranquil Gardens Cemetery,10,Duskwood,0,Eastern Kingdoms,eastern kingdoms/tranquil gardens cemetery,pivot_060
203,720911,720896,Zuuldaia Ruins,0,Azeroth,0,Eastern Kingdoms,eastern kingdoms/stranglethornvale/zuuldaiaruins,122,Zuuldaia Ruins,33,Stranglethorn Vale,0,Eastern Kingdoms,eastern kingdoms/zuuldaia ruins,pivot_060
204,720912,720896,Bal'lal Ruins,0,Azeroth,0,Eastern Kingdoms,eastern kingdoms/stranglethornvale/ballalruins,123,Bal'lal Ruins,33,Stranglethorn Vale,0,Eastern Kingdoms,eastern kingdoms/bal'lal ruins,pivot_060
205,720914,720896,Kal'ai Ruins,0,Azeroth,0,Eastern Kingdoms,eastern kingdoms/stranglethornvale/kalairuins,125,Kal'ai Ruins,33,Stranglethorn Vale,0,Eastern Kingdoms,eastern kingdoms/kal'ai ruins,pivot_060
206,720915,720896,Tkashi Ruins,0,Azeroth,0,Eastern Kingdoms,eastern kingdoms/stranglethornvale/tkashiruins,126,Tkashi Ruins,33,Stranglethorn Vale,0,Eastern Kingdoms,eastern kingdoms/tkashi ruins,pivot_060
207,720916,720896,Balia'mah Ruins,0,Azeroth,0,Eastern Kingdoms,eastern kingdoms/stranglethornvale/baliamahruins,127,Balia'mah Ruins,33,Stranglethorn Vale,0,Eastern Kingdoms,eastern kingdoms/balia'mah ruins,pivot_060
208,720917,720896,Ziata'jai Ruins,0,Azeroth,0,Eastern Kingdoms,eastern kingdoms/stranglethornvale/ziatajairuins,128,Ziata'jai Ruins,33,Stranglethorn Vale,0,Eastern Kingdoms,eastern kingdoms/ziata'jai ruins,pivot_060
209,720918,720896,Mizjah Ruins,0,Azeroth,0,Eastern Kingdoms,eastern kingdoms/stranglethornvale/mizjahruins,129,Mizjah Ruins,33,Stranglethorn Vale,0,Eastern Kingdoms,eastern kingdoms/mizjah ruins,pivot_060
210,1638400,1638400,Silverpine Forest,0,Azeroth,0,Eastern Kingdoms,eastern kingdoms/silverpineforest,130,Silverpine Forest,130,Silverpine Forest,0,Eastern Kingdoms,eastern kingdoms/silverpine forest,pivot_060
211,1048578,1048576,Kharanos,0,Azeroth,0,Eastern Kingdoms,eastern kingdoms/dunmorogh/kharanos,131,Kharanos,1,Dun Morogh,0,Eastern Kingdoms,eastern kingdoms/kharanos,pivot_060
212,1048579,1048576,Coldridge Valley,0,Azeroth,0,Eastern Kingdoms,eastern kingdoms/dunmorogh/coldridgevalley,132,Coldridge Valley,1,Dun Morogh,0,Eastern Kingdoms,eastern kingdoms/coldridge valley,pivot_060
213,1048580,1048576,Gnomeregan,0,Azeroth,0,Eastern Kingdoms,eastern kingdoms/dunmorogh/gnomeregan,133,Gnomeregan,1,Dun Morogh,0,Eastern Kingdoms,eastern kingdoms/gnomeregan,pivot_060
214,1048581,1048576,Gol'Bolar Quarry,0,Azeroth,0,Eastern Kingdoms,eastern kingdoms/dunmorogh/golbolarquarry,134,Gol'Bolar Quarry,1,Dun Morogh,0,Eastern Kingdoms,eastern kingdoms/gol'bolar quarry,pivot_060
215,1048582,1048576,Frostmane Hold,0,Azeroth,0,Eastern Kingdoms,eastern kingdoms/dunmorogh/frostmanehold,135,Frostmane Hold,1,Dun Morogh,0,Eastern Kingdoms,eastern kingdoms/frostmane hold,pivot_060
216,1048583,1048576,The Grizzled Den,0,Azeroth,0,Eastern Kingdoms,eastern kingdoms/dunmorogh/grizzledden,136,The Grizzled Den,1,Dun Morogh,0,Eastern Kingdoms,eastern kingdoms/the grizzled den,pivot_060
217,1048584,1048576,Brewnall Village,0,Azeroth,0,Eastern Kingdoms,eastern kingdoms/dunmorogh/brewnallvillage,137,Brewnall Village,1,Dun Morogh,0,Eastern Kingdoms,eastern kingdoms/brewnall village,pivot_060
218,1048585,1048576,Misty Pine Refuge,0,Azeroth,0,Eastern Kingdoms,eastern kingdoms/dunmorogh/mistypinerefuge,138,Misty Pine Refuge,1,Dun Morogh,0,Eastern Kingdoms,eastern kingdoms/misty pine refuge,pivot_060
219,1703936,1703936,Eastern Plaguelands,0,Azeroth,0,Eastern Kingdoms,eastern kingdoms/easternplaguelands,139,Eastern Plaguelands,139,Eastern Plaguelands,0,Eastern Kingdoms,eastern kingdoms/eastern plaguelands,pivot_060
221,983041,983040,Ironband's Excavation Site,0,Azeroth,0,Eastern Kingdoms,eastern kingdoms/lochmodan/ironbandsexcavationsite,142,Ironband's Excavation Site,38,Loch Modan,0,Eastern Kingdoms,eastern kingdoms/ironband's excavation site,pivot_060
222,983042,983040,Mo'grosh Stronghold,0,Azeroth,0,Eastern Kingdoms,eastern kingdoms/lochmodan/mogroshstronghold,143,Mo'grosh Stronghold,38,Loch Modan,0,Eastern Kingdoms,eastern kingdoms/mo'grosh stronghold,pivot_060
223,983043,983040,Thelsamar,0,Azeroth,0,Eastern Kingdoms,eastern kingdoms/lochmodan/thelsamar,144,Thelsamar,38,Loch Modan,0,Eastern Kingdoms,eastern kingdoms/thelsamar,pivot_060
224,983044,983040,Algaz Gate,0,Azeroth,0,Eastern Kingdoms,eastern kingdoms/lochmodan/algazgate,145,Algaz Gate,38,Loch Modan,0,Eastern Kingdoms,eastern kingdoms/algaz gate,pivot_060
225,983045,983040,Stonewrought Dam,0,Azeroth,0,Eastern Kingdoms,eastern kingdoms/lochmodan/stonewroughtdam,146,Stonewrought Dam,38,Loch Modan,0,Eastern Kingdoms,eastern kingdoms/stonewrought dam,pivot_060
226,983046,983040,The Farstrider Lodge,0,Azeroth,0,Eastern Kingdoms,eastern kingdoms/lochmodan/farstriderlodge,147,The Farstrider Lodge,38,Loch Modan,0,Eastern Kingdoms,eastern kingdoms/the farstrider lodge,pivot_060
228,983047,983040,Silver Stream Mine,0,Azeroth,0,Eastern Kingdoms,eastern kingdoms/lochmodan/silverstreammine,149,Silver Stream Mine,38,Loch Modan,0,Eastern Kingdoms,eastern kingdoms/silver stream mine,pivot_060
229,917507,917504,Menethil Harbor,0,Azeroth,0,Eastern Kingdoms,eastern kingdoms/wetlands/menethilharbor,150,Menethil Harbor,11,Wetlands,0,Eastern Kingdoms,eastern kingdoms/menethil harbor,pivot_060
230,1572865,1572864,The Bulwark,0,Azeroth,0,Eastern Kingdoms,eastern kingdoms/tirisfalglades/bulwark,152,The Bulwark,85,Tirisfal Glades,0,Eastern Kingdoms,eastern kingdoms/the bulwark,pivot_060
231,1572867,1572864,Deathknell,0,Azeroth,0,Eastern Kingdoms,eastern kingdoms/tirisfalglades/deathknell,154,Deathknell,85,Tirisfal Glades,0,Eastern Kingdoms,eastern kingdoms/deathknell,pivot_060
232,1572868,1572864,Night Web's Hollow,0,Azeroth,0,Eastern Kingdoms,eastern kingdoms/tirisfalglades/nightwebshollow,155,Night Web's Hollow,85,Tirisfal Glades,0,Eastern Kingdoms,eastern kingdoms/night web's hollow,pivot_060
233,1572869,1572864,Solliden Farmstead,0,Azeroth,0,Eastern Kingdoms,eastern kingdoms/tirisfalglades/sollidenfarmstead,156,Solliden Farmstead,85,Tirisfal Glades,0,Eastern Kingdoms,eastern kingdoms/solliden farmstead,pivot_060
234,1572870,1572864,Agamand Mills,0,Azeroth,0,Eastern Kingdoms,eastern kingdoms/tirisfalglades/agamandmills,157,Agamand Mills,85,Tirisfal Glades,0,Eastern Kingdoms,eastern kingdoms/agamand mills,pivot_060
235,1572871,1572864,Agamand Family Crypt,0,Azeroth,0,Eastern Kingdoms,eastern kingdoms/tirisfalglades/agamandfamilycrypt,158,Agamand Family Crypt,85,Tirisfal Glades,0,Eastern Kingdoms,eastern kingdoms/agamand family crypt,pivot_060
236,1572872,1572864,Brill,0,Azeroth,0,Eastern Kingdoms,eastern kingdoms/tirisfalglades/brill,159,Brill,85,Tirisfal Glades,0,Eastern Kingdoms,eastern kingdoms/brill,pivot_060
237,1572873,1572864,Whispering Gardens,0,Azeroth,0,Eastern Kingdoms,eastern kingdoms/tirisfalglades/whisperinggardens,160,Whispering Gardens,85,Tirisfal Glades,0,Eastern Kingdoms,eastern kingdoms/whispering gardens,pivot_060
238,1572874,1572864,Terrace of Repose,0,Azeroth,0,Eastern Kingdoms,eastern kingdoms/tirisfalglades/terraceofrepose,161,Terrace of Repose,85,Tirisfal Glades,0,Eastern Kingdoms,eastern kingdoms/terrace of repose,pivot_060
239,1572875,1572864,Brightwater Lake,0,Azeroth,0,Eastern Kingdoms,eastern kingdoms/tirisfalglades/brightwaterlake,162,Brightwater Lake,85,Tirisfal Glades,0,Eastern Kingdoms,eastern kingdoms/brightwater lake,pivot_060
240,1572876,1572864,Gunther's Retreat,0,Azeroth,0,Eastern Kingdoms,eastern kingdoms/tirisfalglades/gunthersretreat,163,Gunther's Retreat,85,Tirisfal Glades,0,Eastern Kingdoms,eastern kingdoms/gunther's retreat,pivot_060
241,1572877,1572864,Garren's Haunt,0,Azeroth,0,Eastern Kingdoms,eastern kingdoms/tirisfalglades/garrenshaunt,164,Garren's Haunt,85,Tirisfal Glades,0,Eastern Kingdoms,eastern kingdoms/garren's haunt,pivot_060
242,1572878,1572864,Balnir Farmstead,0,Azeroth,0,Eastern Kingdoms,eastern kingdoms/tirisfalglades/balnirfarmstead,165,Balnir Farmstead,85,Tirisfal Glades,0,Eastern Kingdoms,eastern kingdoms/balnir farmstead,pivot_060
243,1572879,1572864,Cold Hearth Manor,0,Azeroth,0,Eastern Kingdoms,eastern kingdoms/tirisfalglades/coldhearthmanor,166,Cold Hearth Manor,85,Tirisfal Glades,0,Eastern Kingdoms,eastern kingdoms/cold hearth manor,pivot_060
244,1572880,1572864,Crusader Outpost,0,Azeroth,0,Eastern Kingdoms,eastern kingdoms/tirisfalglades/crusaderoutpost,167,Crusader Outpost,85,Tirisfal Glades,0,Eastern Kingdoms,eastern kingdoms/crusader outpost,pivot_060
245,1572881,1572864,The North Coast,0,Azeroth,0,Eastern Kingdoms,eastern kingdoms/tirisfalglades/northcoast,168,The North Coast,85,Tirisfal Glades,0,Eastern Kingdoms,eastern kingdoms/the north coast,pivot_060
246,1835008,1835008,Lordamere Lake,0,Azeroth,0,Eastern Kingdoms,eastern kingdoms/lordamerelake,170,Lordamere Lake,170,Lordamere Lake,0,Eastern Kingdoms,eastern kingdoms/lordamere lake,pivot_060
247,1638401,1638400,Fenris Isle,0,Azeroth,0,Eastern Kingdoms,eastern kingdoms/silverpineforest/fenrisisle,172,Fenris Isle,130,Silverpine Forest,0,Eastern Kingdoms,eastern kingdoms/fenris isle,pivot_060
249,1048586,1048576,Steelgrill's Depot,0,Azeroth,0,Eastern Kingdoms,eastern kingdoms/dunmorogh/steelgrillsdepot,189,Steelgrill's Depot,1,Dun Morogh,0,Eastern Kingdoms,eastern kingdoms/steelgrill's depot,pivot_060
250,1245185,1245184,Hearthglenn,0,Azeroth,0,Eastern Kingdoms,eastern kingdoms/westernplaguelands/hearthglenn,28,Western Plaguelands,28,Western Plaguelands,0,Eastern Kingdoms,eastern kingdoms/western plaguelands,pivot_060_zone_only
251,1245187,1245184,Northridge Lumber Camp,0,Azeroth,0,Eastern Kingdoms,eastern kingdoms/westernplaguelands/northridgelumbercamp,192,Northridge Lumber Camp,28,Western Plaguelands,0,Eastern Kingdoms,eastern kingdoms/northridge lumber camp,pivot_060
252,1245188,1245184,Ruins of Anderhol,0,Azeroth,0,Eastern Kingdoms,eastern kingdoms/westernplaguelands/ruinsofanderhol,28,Western Plaguelands,28,Western Plaguelands,0,Eastern Kingdoms,eastern kingdoms/western plaguelands,pivot_060_zone_only
253,1245190,1245184,School of Necromancy,0,Azeroth,0,Eastern Kingdoms,eastern kingdoms/westernplaguelands/schoolofnecromancy,195,School of Necromancy,28,Western Plaguelands,0,Eastern Kingdoms,eastern kingdoms/school of necromancy,pivot_060
254,1245192,1245184,Sorrow Hill,0,Azeroth,0,Eastern Kingdoms,eastern kingdoms/westernplaguelands/sorrowhill,197,Sorrow Hill,28,Western Plaguelands,0,Eastern Kingdoms,eastern kingdoms/sorrow hill,pivot_060
255,1245193,1245184,The Weeping Cave,0,Azeroth,0,Eastern Kingdoms,eastern kingdoms/westernplaguelands/weepingcave,198,The Weeping Cave,28,Western Plaguelands,0,Eastern Kingdoms,eastern kingdoms/the weeping cave,pivot_060
256,1245194,1245184,Felstone Field,0,Azeroth,0,Eastern Kingdoms,eastern kingdoms/westernplaguelands/felstonefield,199,Felstone Field,28,Western Plaguelands,0,Eastern Kingdoms,eastern kingdoms/felstone field,pivot_060
257,1245195,1245184,Dalson's Tears,0,Azeroth,0,Eastern Kingdoms,eastern kingdoms/westernplaguelands/dalsonstears,200,Dalson's Tears,28,Western Plaguelands,0,Eastern Kingdoms,eastern kingdoms/dalson's tears,pivot_060
258,1245196,1245184,Gahrron's Withering,0,Azeroth,0,Eastern Kingdoms,eastern kingdoms/westernplaguelands/gahrronswithering,201,Gahrron's Withering,28,Western Plaguelands,0,Eastern Kingdoms,eastern kingdoms/gahrron's withering,pivot_060
259,1245197,1245184,The Writhing Haunt,0,Azeroth,0,Eastern Kingdoms,eastern kingdoms/westernplaguelands/writhinghaunt,202,The Writhing Haunt,28,Western Plaguelands,0,Eastern Kingdoms,eastern kingdoms/the writhing haunt,pivot_060
260,1245198,1245184,Mardenholde Keep,0,Azeroth,0,Eastern Kingdoms,eastern kingdoms/westernplaguelands/mardenholdekeep,203,Mardenholde Keep,28,Western Plaguelands,0,Eastern Kingdoms,eastern kingdoms/mardenholde keep,pivot_060
261,1638402,1638400,Pyrewood Village,0,Azeroth,0,Eastern Kingdoms,eastern kingdoms/silverpineforest/pyrewoodvillage,204,Pyrewood Village,130,Silverpine Forest,0,Eastern Kingdoms,eastern kingdoms/pyrewood village,pivot_060
262,917508,917504,Dun Modr,0,Azeroth,0,Eastern Kingdoms,eastern kingdoms/wetlands/dunmodr,205,Dun Modr,11,Wetlands,0,Eastern Kingdoms,eastern kingdoms/dun modr,pivot_060
268,1048587,1048576,Iceflow Lake,0,Azeroth,0,Eastern Kingdoms,eastern kingdoms/dunmorogh/iceflowlake,211,Iceflow Lake,1,Dun Morogh,0,Eastern Kingdoms,eastern kingdoms/iceflow lake,pivot_060
269,1048588,1048576,Helm's Bed Lake,0,Azeroth,0,Eastern Kingdoms,eastern kingdoms/dunmorogh/helmsbedlake,212,Helm's Bed Lake,1,Dun Morogh,0,Eastern Kingdoms,eastern kingdoms/helm's bed lake,pivot_060
270,1638403,1638400,Deep Elem Mine,0,Azeroth,0,Eastern Kingdoms,eastern kingdoms/silverpineforest/deepelemmine,213,Deep Elem Mine,130,Silverpine Forest,0,Eastern Kingdoms,eastern kingdoms/deep elem mine,pivot_060
271,1900544,1900544,The Great Sea,0,Azeroth,0,Eastern Kingdoms,eastern kingdoms/greatsea,214,The Great Sea,214,The Great Sea,0,Eastern Kingdoms,eastern kingdoms/the great sea,pivot_060
273,196621,196608,Alexston Farmstead,0,Azeroth,0,Eastern Kingdoms,eastern kingdoms/westfall/alexstonfarmstead,219,Alexston Farmstead,40,Westfall,0,Eastern Kingdoms,eastern kingdoms/alexston farmstead,pivot_060
279,1638405,1638400,Valgan's Field,0,Azeroth,0,Eastern Kingdoms,eastern kingdoms/silverpineforest/valgansfield,227,Valgan's Field,130,Silverpine Forest,0,Eastern Kingdoms,eastern kingdoms/valgan's field,pivot_060
280,1638406,1638400,The Sepulcher,0,Azeroth,0,Eastern Kingdoms,eastern kingdoms/silverpineforest/sepulcher,228,The Sepulcher,130,Silverpine Forest,0,Eastern Kingdoms,eastern kingdoms/the sepulcher,pivot_060
281,1638407,1638400,Olsen's Farthing,0,Azeroth,0,Eastern Kingdoms,eastern kingdoms/silverpineforest/olsensfarthing,229,Olsen's Farthing,130,Silverpine Forest,0,Eastern Kingdoms,eastern kingdoms/olsen's farthing,pivot_060
282,1638408,1638400,The Greymane Wall,0,Azeroth,0,Eastern Kingdoms,eastern kingdoms/silverpineforest/greymanewall,230,The Greymane Wall,130,Silverpine Forest,0,Eastern Kingdoms,eastern kingdoms/the greymane wall,pivot_060
283,1638409,1638400,Beren's Peril,0,Azeroth,0,Eastern Kingdoms,eastern kingdoms/silverpineforest/berensperil,231,Beren's Peril,130,Silverpine Forest,0,Eastern Kingdoms,eastern kingdoms/beren's peril,pivot_060
284,1638410,1638400,The Dawning Isles,0,Azeroth,0,Eastern Kingdoms,eastern kingdoms/silverpineforest/dawningisles,232,The Dawning Isles,130,Silverpine Forest,0,Eastern Kingdoms,eastern kingdoms/the dawning isles,pivot_060
285,1638411,1638400,Ambermill,0,Azeroth,0,Eastern Kingdoms,eastern kingdoms/silverpineforest/ambermill,233,Ambermill,130,Silverpine Forest,0,Eastern Kingdoms,eastern kingdoms/ambermill,pivot_060
286,1638414,1638400,Shadowfang Keep,0,Azeroth,0,Eastern Kingdoms,eastern kingdoms/silverpineforest/shadowfangkeep,236,Shadowfang Keep,130,Silverpine Forest,0,Eastern Kingdoms,eastern kingdoms/shadowfang keep,pivot_060
287,1638415,1638400,The Decrepit Ferry,0,Azeroth,0,Eastern Kingdoms,eastern kingdoms/silverpineforest/decrepitferry,237,The Decrepit Ferry,130,Silverpine Forest,0,Eastern Kingdoms,eastern kingdoms/the decrepit ferry,pivot_060
288,1638418,1638400,The Dead Field,0,Azeroth,0,Eastern Kingdoms,eastern kingdoms/silverpineforest/deadfield,240,The Dead Field,130,Silverpine Forest,0,Eastern Kingdoms,eastern kingdoms/the dead field,pivot_060
289,262151,262144,The Rotting Orchard,0,Azeroth,0,Eastern Kingdoms,eastern kingdoms/duskwood/rottingorchard,241,The Rotting Orchard,10,Duskwood,0,Eastern Kingdoms,eastern kingdoms/the rotting orchard,pivot_060
290,262152,262144,Brightwood Grove,0,Azeroth,0,Eastern Kingdoms,eastern kingdoms/duskwood/brightwoodgrove,242,Brightwood Grove,10,Duskwood,0,Eastern Kingdoms,eastern kingdoms/brightwood grove,pivot_060
291,262153,262144,Forlorn Rowe,0,Azeroth,0,Eastern Kingdoms,eastern kingdoms/duskwood/forlornrowe,243,Forlorn Rowe,10,Duskwood,0,Eastern Kingdoms,eastern kingdoms/forlorn rowe,pivot_060
292,262154,262144,The Whipple Estate,0,Azeroth,0,Eastern Kingdoms,eastern kingdoms/duskwood/whippleestate,244,The Whipple Estate,10,Duskwood,0,Eastern Kingdoms,eastern kingdoms/the whipple estate,pivot_060
293,1507329,1507328,The Cauldron,0,Azeroth,0,Eastern Kingdoms,eastern kingdoms/searinggorge/cauldron,246,The Cauldron,51,Searing Gorge,0,Eastern Kingdoms,eastern kingdoms/the cauldron,pivot_060
294,1507330,1507328,Grimesilt Dig Site,0,Azeroth,0,Eastern Kingdoms,eastern kingdoms/searinggorge/grimesiltdigsite,247,Grimesilt Dig Site,51,Searing Gorge,0,Eastern Kingdoms,eastern kingdoms/grimesilt dig site,pivot_060
296,458758,458752,The Harborage,0,Azeroth,0,Eastern Kingdoms,eastern kingdoms/swampofsorrows/harborage,657,The Harborage,8,Swamp of Sorrows,0,Eastern Kingdoms,eastern kingdoms/the harborage,pivot_060
313,2490368,2490368,Gillijim's Isle,0,Azeroth,0,Eastern Kingdoms,eastern kingdoms/gillijimsisle,408,Gillijim's Isle,408,Gillijim's Isle,0,Eastern Kingdoms,eastern kingdoms/gillijim's isle,pivot_060
314,2555904,2555904,Island of Doctor Lapidis,0,Azeroth,0,Eastern Kingdoms,eastern kingdoms/islandofdoctorlapidis,409,Island of Doctor Lapidis,409,Island of Doctor Lapidis,0,Eastern Kingdoms,eastern kingdoms/island of doctor lapidis,pivot_060
353,1572884,1572864,Scarlet Watch Post,0,Azeroth,0,Eastern Kingdoms,eastern kingdoms/tirisfalglades/scarletwatchpost,459,Scarlet Watch Post,85,Tirisfal Glades,0,Eastern Kingdoms,eastern kingdoms/scarlet watch post,pivot_060
368,720926,720896,Ruins of Jubuwal,0,Azeroth,0,Eastern Kingdoms,eastern kingdoms/stranglethornvale/ruinsofjubuwal,477,Ruins of Jubuwal,33,Stranglethorn Vale,0,Eastern Kingdoms,eastern kingdoms/ruins of jubuwal,pivot_060
382,262156,262144,Raven Hill Cemetery,0,Azeroth,0,Eastern Kingdoms,eastern kingdoms/duskwood/ravenhillcemetery,492,Raven Hill Cemetery,10,Duskwood,0,Eastern Kingdoms,eastern kingdoms/raven hill cemetery,pivot_060
385,2621440,2621440,Twilight Grove,0,Azeroth,0,Eastern Kingdoms,eastern kingdoms/duskwood/twilightgrove,856,Twilight Grove,10,Duskwood,0,Eastern Kingdoms,eastern kingdoms/twilight grove,pivot_060
403,262157,262144,Addle's Stead,0,Azeroth,0,Eastern Kingdoms,eastern kingdoms/duskwood/addlesstead,536,Addle's Stead,10,Duskwood,0,Eastern Kingdoms,eastern kingdoms/addle's stead,pivot_060
411,983048,983040,The Loch,0,Azeroth,0,Eastern Kingdoms,eastern kingdoms/lochmodan/loch,556,The Loch,38,Loch Modan,0,Eastern Kingdoms,eastern kingdoms/the loch,pivot_060
412,262158,262144,Beggar's Haunt,0,Azeroth,0,Eastern Kingdoms,eastern kingdoms/duskwood/beggarshaunt,576,Beggar's Haunt,10,Duskwood,0,Eastern Kingdoms,eastern kingdoms/beggar's haunt,pivot_060
414,393241,393216,Goldshire,0,Azeroth,0,Eastern Kingdoms,eastern kingdoms/elwynnforest/goldshire,87,Goldshire,12,Elwynn Forest,0,Eastern Kingdoms,eastern kingdoms/goldshire,pivot_060
416,393229,393216,Jasperlode Mine,0,Azeroth,0,Eastern Kingdoms,eastern kingdoms/elwynnforest/jasperlodemine,54,Jasperlode Mine,12,Elwynn Forest,0,Eastern Kingdoms,eastern kingdoms/jasperlode mine,pivot_060
417,1638404,1638400,The Skittering Dark,0,Azeroth,0,Eastern Kingdoms,eastern kingdoms/silverpineforest/skitteringdark,226,The Skittering Dark,130,Silverpine Forest,0,Eastern Kingdoms,eastern kingdoms/the skittering dark,pivot_060
421,262146,262144,The World Tree,0,Azeroth,0,Eastern Kingdoms,eastern kingdoms/duskwood/worldtree,13,The World Tree,10,Duskwood,0,Eastern Kingdoms,eastern kingdoms/the world tree,pivot_060
422,327680,327680,Deadwind Pass,0,Azeroth,0,Eastern Kingdoms,eastern kingdoms/deadwindpass,41,Deadwind Pass,41,Deadwind Pass,0,Eastern Kingdoms,eastern kingdoms/deadwind pass,pivot_060
423,524289,524288,Lake Everstill,0,Azeroth,0,Eastern Kingdoms,eastern kingdoms/redridgemountains/lakeeverstill,68,Lake Everstill,44,Redridge Mountains,0,Eastern Kingdoms,eastern kingdoms/lake everstill,pivot_060
424,393245,393216,Mirror Lake,0,Azeroth,0,Eastern Kingdoms,eastern kingdoms/elwynnforest/mirrorlake,92,Mirror Lake,12,Elwynn Forest,0,Eastern Kingdoms,eastern kingdoms/mirror lake,pivot_060
425,393246,393216,Westbrook Garrison,0,Azeroth,0,Eastern Kingdoms,eastern kingdoms/elwynnforest/westbrookgarrison,120,Westbrook Garrison,12,Elwynn Forest,0,Eastern Kingdoms,eastern kingdoms/westbrook garrison,pivot_060
429,262155,262144,The Yorgen Farmstead,0,Azeroth,0,Eastern Kingdoms,eastern kingdoms/duskwood/yorgenfarmstead,245,The Yorgen Farmstead,10,Duskwood,0,Eastern Kingdoms,eastern kingdoms/the yorgen farmstead,pivot_060
430,2097152,2097152,Stonewrought Pass,0,Azeroth,0,Eastern Kingdoms,eastern kingdoms/searinggorge/stonewroughtpass,2838,Stonewrought Pass,51,Searing Gorge,0,Eastern Kingdoms,eastern kingdoms/stonewrought pass,pivot_060_reparent
431,720921,720896,The Crystal Shore,0,Azeroth,0,Eastern Kingdoms,eastern kingdoms/stranglethornvale/crystalshore,302,The Crystal Shore,33,Stranglethorn Vale,0,Eastern Kingdoms,eastern kingdoms/the crystal shore,pivot_060
432,851984,851968,The Drowned Reef,0,Azeroth,0,Eastern Kingdoms,eastern kingdoms/arathihighlands/drownedreef,328,The Drowned Reef,45,Arathi Highlands,0,Eastern Kingdoms,eastern kingdoms/the drowned reef,pivot_060
440,720900,720896,Zul Gurub,0,Azeroth,0,Eastern Kingdoms,eastern kingdoms/stranglethornvale/zulgurub,19,Zul'Gurub,33,Stranglethorn Vale,0,Eastern Kingdoms,eastern kingdoms/zul'gurub,pivot_060
442,196618,196608,Gold Coast Quarry,0,Azeroth,0,Eastern Kingdoms,eastern kingdoms/westfall/goldcoastquarry,113,Gold Coast Quarry,40,Westfall,0,Eastern Kingdoms,eastern kingdoms/gold coast quarry,pivot_060
443,1572882,1572864,Whispering Shore,0,Azeroth,0,Eastern Kingdoms,eastern kingdoms/tirisfalglades/whisperingshore,169,Whispering Shore,85,Tirisfal Glades,0,Eastern Kingdoms,eastern kingdoms/whispering shore,pivot_060
444,1245191,1245184,Uther's Tomb,0,Azeroth,0,Eastern Kingdoms,eastern kingdoms/westernplaguelands/utherstomb,196,Uther's Tomb,28,Western Plaguelands,0,Eastern Kingdoms,eastern kingdoms/uther's tomb,pivot_060
445,589826,589824,Ruins of Thaurisan,0,Azeroth,0,Eastern Kingdoms,eastern kingdoms/burningsteppes/ruinsofthaurisan,46,Burning Steppes,46,Burning Steppes,0,Eastern Kingdoms,eastern kingdoms/burning steppes,pivot_060_zone_only
447,851978,851968,Blackwater Shipwrecks,0,Azeroth,0,Eastern Kingdoms,eastern kingdoms/arathihighlands/blackwatershipwrecks,322,Blackwater Shipwrecks,45,Arathi Highlands,0,Eastern Kingdoms,eastern kingdoms/blackwater shipwrecks,pivot_060
451,720903,720896,Nesingwary's Expedition,0,Azeroth,0,Eastern Kingdoms,eastern kingdoms/stranglethornvale/nesingwarysexpedition,100,Nesingwary's Expedition,33,Stranglethorn Vale,0,Eastern Kingdoms,eastern kingdoms/nesingwary's expedition,pivot_060
452,720905,720896,Ruins of Zul'Kunda,0,Azeroth,0,Eastern Kingdoms,eastern kingdoms/stranglethornvale/ruinsofzulkunda,102,Ruins of Zul'Kunda,33,Stranglethorn Vale,0,Eastern Kingdoms,eastern kingdoms/ruins of zul'kunda,pivot_060
453,1638416,1638400,Malden's Orchard,0,Azeroth,0,Eastern Kingdoms,eastern kingdoms/silverpineforest/maldensorchard,238,Malden's Orchard,130,Silverpine Forest,0,Eastern Kingdoms,eastern kingdoms/malden's orchard,pivot_060
454,1638417,1638400,The Ivar Patch,0,Azeroth,0,Eastern Kingdoms,eastern kingdoms/silverpineforest/ivarpatch,239,The Ivar Patch,130,Silverpine Forest,0,Eastern Kingdoms,eastern kingdoms/the ivar patch,pivot_060
455,720924,720896,Ruins of Aboraz,0,Azeroth,0,Eastern Kingdoms,eastern kingdoms/stranglethornvale/ruinsofaboraz,311,Ruins of Aboraz,33,Stranglethorn Vale,0,Eastern Kingdoms,eastern kingdoms/ruins of aboraz,pivot_060
456,851971,851968,Dabyrie's Farmstead,0,Azeroth,0,Eastern Kingdoms,eastern kingdoms/arathihighlands/dabyriesfarmstead,315,Dabyrie's Farmstead,45,Arathi Highlands,0,Eastern Kingdoms,eastern kingdoms/dabyrie's farmstead,pivot_060
457,786440,786432,Jintha'Alor,0,Azeroth,0,Eastern Kingdoms,eastern kingdoms/hinterlands/jinthaalor,354,Jintha'Alor,47,The Hinterlands,0,Eastern Kingdoms,eastern kingdoms/jintha'alor,pivot_060
458,786441,786432,The Altar of Zul,0,Azeroth,0,Eastern Kingdoms,eastern kingdoms/hinterlands/altarofzul,355,The Altar of Zul,47,The Hinterlands,0,Eastern Kingdoms,eastern kingdoms/the altar of zul,pivot_060
468,196609,196608,Lighthouse,0,Azeroth,0,Eastern Kingdoms,eastern kingdoms/westfall/lighthouse,26,Lighthouse,40,Westfall,0,Eastern Kingdoms,eastern kingdoms/lighthouse,pivot_060
472,393234,393216,Forest's Edge,0,Azeroth,0,Eastern Kingdoms,eastern kingdoms/elwynnforest/forestsedge,60,Forest's Edge,12,Elwynn Forest,0,Eastern Kingdoms,eastern kingdoms/forest's edge,pivot_060
473,1572866,1572864,Ruins of Lordaeron,0,Azeroth,0,Eastern Kingdoms,eastern kingdoms/tirisfalglades/ruinsoflordaeron,153,Ruins of Lordaeron,85,Tirisfal Glades,0,Eastern Kingdoms,eastern kingdoms/ruins of lordaeron,pivot_060
474,1638413,1638400,Fenris Keep,0,Azeroth,0,Eastern Kingdoms,eastern kingdoms/silverpineforest/fenriskeep,235,Fenris Keep,130,Silverpine Forest,0,Eastern Kingdoms,eastern kingdoms/fenris keep,pivot_060
475,851973,851968,Witherbark Village,0,Azeroth,0,Eastern Kingdoms,eastern kingdoms/arathihighlands/witherbarkvillage,317,Witherbark Village,45,Arathi Highlands,0,Eastern Kingdoms,eastern kingdoms/witherbark village,pivot_060
481,1966082,1966080,Southshore,0,Azeroth,0,Eastern Kingdoms,eastern kingdoms/hillsbradfoothills/southshore,271,Southshore,267,Hillsbrad Foothills,0,Eastern Kingdoms,eastern kingdoms/southshore,pivot_060
482,1966096,1966080,Western Strand,0,Azeroth,0,Eastern Kingdoms,eastern kingdoms/hillsbradfoothills/westernstrand,295,Western Strand,267,Hillsbrad Foothills,0,Eastern Kingdoms,eastern kingdoms/western strand,pivot_060
483,262144,262144,Duskwood,0,Azeroth,0,Eastern Kingdoms,eastern kingdoms/duskwood,10,Duskwood,10,Duskwood,0,Eastern Kingdoms,eastern kingdoms/duskwood,pivot_060
484,917504,917504,Wetlands,0,Azeroth,0,Eastern Kingdoms,eastern kingdoms/wetlands,11,Wetlands,11,Wetlands,0,Eastern Kingdoms,eastern kingdoms/wetlands,pivot_060
486,1572883,1572864,Faol's Rest,0,Azeroth,0,Eastern Kingdoms,eastern kingdoms/tirisfalglades/faolsrest,173,Faol's Rest,85,Tirisfal Glades,0,Eastern Kingdoms,eastern kingdoms/faol's rest,pivot_060
493,524292,524288,Stonewatch Falls,0,Azeroth,0,Eastern Kingdoms,eastern kingdoms/redridgemountains/stonewatchfalls,71,Stonewatch Falls,44,Redridge Mountains,0,Eastern Kingdoms,eastern kingdoms/stonewatch falls,pivot_060
494,262148,262144,Vul'Gol Ogre Mound,0,Azeroth,0,Eastern Kingdoms,eastern kingdoms/duskwood/vulgologremound,93,Vul'Gol Ogre Mound,10,Duskwood,0,Eastern Kingdoms,eastern kingdoms/vul'gol ogre mound,pivot_060
495,720910,720896,Grom'gol Base Camp,0,Azeroth,0,Eastern Kingdoms,eastern kingdoms/stranglethornvale/gromgolbasecamp,117,Grom'gol Base Camp,33,Stranglethorn Vale,0,Eastern Kingdoms,eastern kingdoms/grom'gol base camp,pivot_060
496,589830,589824,Blackrock Spire,0,Azeroth,0,Eastern Kingdoms,eastern kingdoms/burningsteppes/blackrockspire,46,Burning Steppes,46,Burning Steppes,0,Eastern Kingdoms,eastern kingdoms/burning steppes,pivot_060_zone_only
497,2293760,2293760,The Forbidding Sea,0,Azeroth,0,Eastern Kingdoms,eastern kingdoms/forbiddingsea,308,The Forbidding Sea,308,The Forbidding Sea,0,Eastern Kingdoms,eastern kingdoms/the forbidding sea,pivot_060
498,851969,851968,Northfold Manor,0,Azeroth,0,Eastern Kingdoms,eastern kingdoms/arathihighlands/northfoldmanor,313,Northfold Manor,45,Arathi Highlands,0,Eastern Kingdoms,eastern kingdoms/northfold manor,pivot_060
499,1114114,1114112,Angor Fortress,0,Azeroth,0,Eastern Kingdoms,eastern kingdoms/badlands/angorfortress,338,Angor Fortress,3,Badlands,0,Eastern Kingdoms,eastern kingdoms/angor fortress,pivot_060
500,1114115,1114112,Lethlor Ravine,0,Azeroth,0,Eastern Kingdoms,eastern kingdoms/badlands/lethlorravine,339,Lethlor Ravine,3,Badlands,0,Eastern Kingdoms,eastern kingdoms/lethlor ravine,pivot_060
505,1048589,1048576,Ironband's Compound,0,Azeroth,0,Eastern Kingdoms,eastern kingdoms/dunmorogh/ironbandscompound,716,Ironband's Compound,1,Dun Morogh,0,Eastern Kingdoms,eastern kingdoms/ironband's compound,pivot_060
