﻿src_row_id,src_areaNumber,src_parentNumber,src_name,src_mapId,src_mapName,src_mapId_xwalk,src_mapName_xwalk,src_path,tgt_id_335,tgt_name,tgt_parent_id,tgt_parent_name,tgt_mapId,tgt_mapName,tgt_path,match_method
153,1441793,1441792,Dead Man's Hole,0,Azeroth,451,Development Land,development land/programmerisle/deadmanshole,49,Dead Man's Hole,22,Programmer Isle,451,Development Land,development land/dead man's hole,pivot_060
176,1441797,1441792,Jeff NW Quadrant,0,Azeroth,451,Development Land,development land/programmerisle/jeffnwquadrant,82,Jeff NW Quadrant,22,Programmer Isle,451,Development Land,development land/jeff nw quadrant,pivot_060
177,1441798,1441792,Jeff SE Quadrant,0,Azeroth,451,Development Land,development land/programmerisle/jeffsequadrant,83,Jeff SE Quadrant,22,Programmer Isle,451,Development Land,development land/jeff se quadrant,pivot_060
178,1441799,1441792,Jeff SW Quadrant,0,Azeroth,451,Development Land,development land/programmerisle/jeffswquadrant,84,Jeff SW Quadrant,22,Programmer Isle,451,Development Land,development land/jeff sw quadrant,pivot_060
413,1441792,1441792,Programmer Isle,0,Azeroth,451,Development Land,development land/programmerisle,22,Programmer Isle,22,Programmer Isle,451,Development Land,development land/programmer isle,pivot_060
426,1769472,1769472,Designer Island,0,Azeroth,451,Development Land,development land/designerisland,151,Designer Island,151,Designer Island,451,Development Land,development land/designer island,pivot_060
441,1441796,1441792,Jeff NE Quadrant,0,Azeroth,451,Development Land,development land/programmerisle/jeffnequadrant,22,Programmer Isle,22,Programmer Isle,451,Development Land,development land/programmer isle,pivot_060_zone_only
