﻿src_mapId,src_mapName,src_areaNumber,src_parentNumber,src_name,tgt_mapId_xwalk,tgt_mapName_xwalk,tgt_areaID,tgt_parentID,tgt_name
0,Azeroth,589825,589824,Dreadmaul Rock,0,Eastern Kingdoms,249,46,Dreadmaul Rock
0,Azeroth,589827,589824,Flame Crest,0,Eastern Kingdoms,251,46,Flame Crest
0,Azeroth,589828,589824,Blackrock Stronghold,0,Eastern Kingdoms,252,46,Blackrock Stronghold
0,Azeroth,589829,589824,The Pillar of Ash,0,Eastern Kingdoms,253,46,The Pillar of Ash
0,Azeroth,589831,589824,Altar of Storms,0,Eastern Kingdoms,255,46,Altar of Storms
0,Azeroth,1966080,1966080,Hillsbrad Foothills,0,Eastern Kingdoms,267,267,Hillsbrad Foothills
0,Azeroth,2031616,2031616,Dun Algaz,0,Eastern Kingdoms,269,269,Dun Algaz
0,Azeroth,1966083,1966080,Tarren Mill,0,Eastern Kingdoms,272,267,Tarren Mill
0,Azeroth,1966086,1966080,Durnholde Keep,0,Eastern Kingdoms,275,267,Durnholde Keep
0,Azeroth,1310721,1310720,The Foothill Caverns,0,Eastern Kingdoms,277,36,The Foothill Caverns
0,Azeroth,1310722,1310720,Lordamere Internment Camp,0,Eastern Kingdoms,278,36,Lordamere Internment Camp
0,Azeroth,1310723,1310720,Dalaran,0,Eastern Kingdoms,36,36,Alterac Mountains
0,Azeroth,1310724,1310720,Strahnbrad,0,Eastern Kingdoms,280,36,Strahnbrad
0,Azeroth,1310725,1310720,Ruins of Alterac,0,Eastern Kingdoms,281,36,Ruins of Alterac
0,Azeroth,1310726,1310720,Crushridge Hold,0,Eastern Kingdoms,282,36,Crushridge Hold
0,Azeroth,1310727,1310720,Slaughter Hollow,0,Eastern Kingdoms,283,36,Slaughter Hollow
0,Azeroth,1310728,1310720,The Uplands,0,Eastern Kingdoms,284,36,The Uplands
0,Azeroth,1966087,1966080,Southpoint Tower,0,Eastern Kingdoms,285,267,Southpoint Tower
0,Azeroth,1966088,1966080,Hillsbrad Fields,0,Eastern Kingdoms,286,267,Hillsbrad Fields
0,Azeroth,1966089,1966080,Hillsbrad,0,Eastern Kingdoms,287,267,Hillsbrad
0,Azeroth,1966090,1966080,Azureload Mine,0,Eastern Kingdoms,267,267,Hillsbrad Foothills
0,Azeroth,1966091,1966080,Nethander Stead,0,Eastern Kingdoms,289,267,Nethander Stead
0,Azeroth,1966092,1966080,Dun Garok,0,Eastern Kingdoms,290,267,Dun Garok
0,Azeroth,2162688,2162688,Thoradin's Wall,0,Eastern Kingdoms,293,293,Thoradin's Wall
0,Azeroth,1966095,1966080,Eastern Strand,0,Eastern Kingdoms,294,267,Eastern Strand
0,Azeroth,2228224,2228224,South Seas,0,Eastern Kingdoms,296,296,South Seas UNUSED
0,Azeroth,720919,720896,Jaguero Isle,0,Eastern Kingdoms,297,33,Jaguero Isle
0,Azeroth,917509,917504,Baradin Bay,0,Eastern Kingdoms,298,11,Baradin Bay
0,Azeroth,917510,917504,Menethil Bay,0,Eastern Kingdoms,299,11,Menethil Bay
0,Azeroth,458757,458752,Mistyreed Strand,0,Eastern Kingdoms,300,8,Misty Reed Strand
0,Azeroth,720920,720896,The Savage Coast,0,Eastern Kingdoms,301,33,The Savage Coast
0,Azeroth,720922,720896,Shell Beach,0,Eastern Kingdoms,303,33,Shell Beach
0,Azeroth,1638419,1638400,North Tide's Run,0,Eastern Kingdoms,305,130,North Tide's Run
0,Azeroth,1638420,1638400,South Tide's Run,0,Eastern Kingdoms,306,130,South Tide's Run
0,Azeroth,786433,786432,The Overlook Cliffs,0,Eastern Kingdoms,307,47,The Overlook Cliffs
0,Azeroth,917511,917504,Ironbeard's Tomb,0,Eastern Kingdoms,309,11,Ironbeard's Tomb
0,Azeroth,720923,720896,Crystalvein Mine,0,Eastern Kingdoms,310,33,Crystalvein Mine
0,Azeroth,720925,720896,Janeiro's Point,0,Eastern Kingdoms,312,33,Janeiro's Point
0,Azeroth,851970,851968,Go'Shek Farm,0,Eastern Kingdoms,314,45,Go'Shek Farm
0,Azeroth,851972,851968,Boulderfist Hall,0,Eastern Kingdoms,316,45,Boulderfist Hall
0,Azeroth,851974,851968,Drywhisker Gorge,0,Eastern Kingdoms,318,45,Drywhisker Gorge
0,Azeroth,851976,851968,Refuge Pointe,0,Eastern Kingdoms,320,45,Refuge Pointe
0,Azeroth,851977,851968,Hammerfall,0,Eastern Kingdoms,321,45,Hammerfall
0,Azeroth,851979,851968,O'Breen's Camp,0,Eastern Kingdoms,323,45,O'Breen's Camp
0,Azeroth,851980,851968,Stromgarde Keep,0,Eastern Kingdoms,324,45,Stromgarde Keep
0,Azeroth,851981,851968,The Tower of Arathor,0,Eastern Kingdoms,325,45,The Tower of Arathor
0,Azeroth,851982,851968,The Sanctum,0,Eastern Kingdoms,326,45,The Sanctum
0,Azeroth,851983,851968,Faldir's Cove,0,Eastern Kingdoms,327,45,Faldir's Cove
0,Azeroth,2359296,2359296,Thandol Span,0,Eastern Kingdoms,330,330,Thandol Span
0,Azeroth,851985,851968,Circle of East Binding,0,Eastern Kingdoms,333,45,Circle of East Binding
0,Azeroth,851986,851968,Circle of West Binding,0,Eastern Kingdoms,334,45,Circle of West Binding
0,Azeroth,851987,851968,Circle of Inner Binding,0,Eastern Kingdoms,335,45,Circle of Inner Binding
0,Azeroth,851988,851968,Circle of Outer Binding,0,Eastern Kingdoms,336,45,Circle of Outer Binding
0,Azeroth,1114113,1114112,Apocryphan's Rest,0,Eastern Kingdoms,337,3,Apocryphan's Rest
0,Azeroth,1114116,1114112,Kargath,0,Eastern Kingdoms,340,3,Kargath
0,Azeroth,1114117,1114112,Camp Kosh,0,Eastern Kingdoms,341,3,Camp Kosh
0,Azeroth,1114118,1114112,Camp Boff,0,Eastern Kingdoms,342,3,Camp Boff
0,Azeroth,1114119,1114112,Camp Wurg,0,Eastern Kingdoms,343,3,Camp Wurg
0,Azeroth,1114120,1114112,Camp Cagg,0,Eastern Kingdoms,344,3,Camp Cagg
0,Azeroth,1114121,1114112,Agmond's End,0,Eastern Kingdoms,345,3,Agmond's End
0,Azeroth,1114122,1114112,Hammertoe's Digsite,0,Eastern Kingdoms,346,3,Hammertoe's Digsite
0,Azeroth,1114123,1114112,Dustbelch Grotto,0,Eastern Kingdoms,347,3,Dustbelch Grotto
0,Azeroth,786434,786432,Aerie Peak,0,Eastern Kingdoms,348,47,Aerie Peak
0,Azeroth,786435,786432,Wildhammer Keep,0,Eastern Kingdoms,349,47,Wildhammer Keep
0,Azeroth,786436,786432,Quel'Danil Lodge,0,Eastern Kingdoms,350,47,Quel'Danil Lodge
0,Azeroth,786437,786432,Skulk Rock,0,Eastern Kingdoms,351,47,Skulk Rock
0,Azeroth,786438,786432,Zun'watha,0,Eastern Kingdoms,352,47,Zun'watha
0,Azeroth,786439,786432,Shadra'Alor,0,Eastern Kingdoms,353,47,Shadra'Alor
0,Azeroth,786442,786432,Seradane,0,Eastern Kingdoms,356,47,Seradane
0,Azeroth,2424832,2424832,Darrowmere Lake,0,Eastern Kingdoms,2297,28,Darrowmere Lake
0,Azeroth,2424833,2424832,Caer Darrow,0,Eastern Kingdoms,2298,28,Caer Darrow
0,Azeroth,1048576,1048576,Dun Morogh,0,Eastern Kingdoms,1,1,Dun Morogh
0,Azeroth,196611,196608,Longshore,0,Eastern Kingdoms,2,40,Longshore
0,Azeroth,1114112,1114112,Badlands,0,Eastern Kingdoms,3,3,Badlands
0,Azeroth,131072,131072,Blasted Lands,0,Eastern Kingdoms,4,4,Blasted Lands
0,Azeroth,720897,720896,Blackwater Cove,0,Eastern Kingdoms,7,33,Blackwater Cove
0,Azeroth,458752,458752,Swamp of Sorrows,0,Eastern Kingdoms,8,8,Swamp of Sorrows
0,Azeroth,393218,393216,Northshire Valley,0,Eastern Kingdoms,9,12,Northshire Valley
0,Azeroth,393216,393216,Elwynn Forest,0,Eastern Kingdoms,12,12,Elwynn Forest
0,Azeroth,393220,393216,Crystal Lake,0,Eastern Kingdoms,18,12,Crystal Lake
0,Azeroth,196610,196608,Moonbrook,0,Eastern Kingdoms,20,40,Moonbrook
0,Azeroth,1376256,1376256,Kul Tiras,0,Eastern Kingdoms,21,21,Kul Tiras
0,Azeroth,393223,393216,Northshire River,0,Eastern Kingdoms,23,12,Northshire River
0,Azeroth,393224,393216,Northshire Abbey,0,Eastern Kingdoms,24,12,Northshire Abbey
0,Azeroth,1179648,1179648,Blackrock Mountain,0,Eastern Kingdoms,25,25,Blackrock Mountain
0,Azeroth,1245184,1245184,Western Plaguelands,0,Eastern Kingdoms,28,28,Western Plaguelands
0,Azeroth,655360,655360,Nine,0,Eastern Kingdoms,30,30,Nine
0,Azeroth,262147,262144,The Cemetary,0,Eastern Kingdoms,32,10,The Cemetary
0,Azeroth,720896,720896,Stranglethorn Vale,0,Eastern Kingdoms,33,33,Stranglethorn Vale
0,Azeroth,393222,393216,Echo Ridge Mine,0,Eastern Kingdoms,34,12,Echo Ridge Mine
0,Azeroth,720901,720896,Booty Bay,0,Eastern Kingdoms,35,33,Booty Bay
0,Azeroth,1310720,1310720,Alterac Mountains,0,Eastern Kingdoms,36,36,Alterac Mountains
0,Azeroth,720899,720896,Lake Nazferiti,0,Eastern Kingdoms,37,33,Lake Nazferiti
0,Azeroth,983040,983040,Loch Modan,0,Eastern Kingdoms,38,38,Loch Modan
0,Azeroth,196608,196608,Westfall,0,Eastern Kingdoms,40,40,Westfall
0,Azeroth,262145,262144,Darkshire,0,Eastern Kingdoms,42,10,Darkshire
0,Azeroth,720898,720896,Wild Shore,0,Eastern Kingdoms,43,33,Wild Shore
0,Azeroth,524288,524288,Redridge Mountains,0,Eastern Kingdoms,44,44,Redridge Mountains
0,Azeroth,851968,851968,Arathi Highlands,0,Eastern Kingdoms,45,45,Arathi Highlands
0,Azeroth,589824,589824,Burning Steppes,0,Eastern Kingdoms,46,46,Burning Steppes
0,Azeroth,786432,786432,The Hinterlands,0,Eastern Kingdoms,47,47,The Hinterlands
0,Azeroth,1507328,1507328,Searing Gorge,0,Eastern Kingdoms,51,51,Searing Gorge
0,Azeroth,393228,393216,Thieves Camp,0,Eastern Kingdoms,53,12,Thieves Camp
0,Azeroth,393230,393216,Valley of Heroes,0,Eastern Kingdoms,12,12,Elwynn Forest
0,Azeroth,393231,393216,Hero's Vigil,0,Eastern Kingdoms,12,12,Elwynn Forest
0,Azeroth,393232,393216,Fargodeep Mine,0,Eastern Kingdoms,57,12,Fargodeep Mine
0,Azeroth,393233,393216,Northshire Vineyards,0,Eastern Kingdoms,59,12,Northshire Vineyards
0,Azeroth,393235,393216,Thunder Falls,0,Eastern Kingdoms,61,12,Thunder Falls
0,Azeroth,393236,393216,Brackwell Pumpkin Patch,0,Eastern Kingdoms,62,12,Brackwell Pumpkin Patch
0,Azeroth,393237,393216,The Stonefield Farm,0,Eastern Kingdoms,63,12,The Stonefield Farm
0,Azeroth,393238,393216,The Maclure Vineyards,0,Eastern Kingdoms,64,12,The Maclure Vineyards
0,Azeroth,524290,524288,Lakeshire,0,Eastern Kingdoms,69,44,Lakeshire
0,Azeroth,524291,524288,Stonewatch,0,Eastern Kingdoms,70,44,Stonewatch
0,Azeroth,131073,131072,Dark Portal,0,Eastern Kingdoms,72,4,The Dark Portal
0,Azeroth,131074,131072,Demonic Stronghold,0,Eastern Kingdoms,4,4,Blasted Lands
0,Azeroth,458753,458752,Pool of Tears,0,Eastern Kingdoms,74,8,Pool of Tears
0,Azeroth,458754,458752,Stonard,0,Eastern Kingdoms,75,8,Stonard
0,Azeroth,458755,458752,Fallow Sanctuary,0,Eastern Kingdoms,76,8,Fallow Sanctuary
0,Azeroth,1048577,1048576,Anvilmar,0,Eastern Kingdoms,77,1,Anvilmar
0,Azeroth,393239,393216,Stormwind City,0,Eastern Kingdoms,12,12,Elwynn Forest
0,Azeroth,1572864,1572864,Tirisfal Glades,0,Eastern Kingdoms,85,85,Tirisfal Glades
0,Azeroth,393240,393216,Stone Cairn Lake,0,Eastern Kingdoms,86,12,Stone Cairn Lake
0,Azeroth,393242,393216,Eastvale Logging Camp,0,Eastern Kingdoms,88,12,Eastvale Logging Camp
0,Azeroth,393243,393216,Mirror Lake Orchard,0,Eastern Kingdoms,89,12,Mirror Lake Orchard
0,Azeroth,393244,393216,Tower of Azora,0,Eastern Kingdoms,91,12,Tower of Azora
0,Azeroth,262149,262144,Raven Hill,0,Eastern Kingdoms,94,10,Raven Hill
0,Azeroth,524293,524288,Redridge Canyons,0,Eastern Kingdoms,95,44,Redridge Canyons
0,Azeroth,524294,524288,Tower of Ilgalar,0,Eastern Kingdoms,96,44,Tower of Ilgalar
0,Azeroth,524295,524288,Alther's Mill,0,Eastern Kingdoms,97,44,Alther's Mill
0,Azeroth,524296,524288,Rethban Caverns,0,Eastern Kingdoms,98,44,Rethban Caverns
0,Azeroth,720902,720896,Rebel Camp,0,Eastern Kingdoms,99,33,Rebel Camp
0,Azeroth,720904,720896,Kurzen's Compound,0,Eastern Kingdoms,101,33,Kurzen's Compound
0,Azeroth,720906,720896,Ruins of Zul'Mamwe,0,Eastern Kingdoms,103,33,Ruins of Zul'Mamwe
0,Azeroth,720907,720896,The Vile Reef,0,Eastern Kingdoms,104,33,The Vile Reef
0,Azeroth,720908,720896,Mosh'Ogg Ogre Mound,0,Eastern Kingdoms,105,33,Mosh'Ogg Ogre Mound
0,Azeroth,720909,720896,The Stockpile,0,Eastern Kingdoms,106,33,The Stockpile
0,Azeroth,196612,196608,Saldean's Farm,0,Eastern Kingdoms,107,40,Saldean's Farm
0,Azeroth,196613,196608,Sentinel Hill,0,Eastern Kingdoms,108,40,Sentinel Hill
0,Azeroth,196614,196608,Furlbrow's Pumpkin Farm,0,Eastern Kingdoms,109,40,Furlbrow's Pumpkin Farm
0,Azeroth,196616,196608,Jangolode Mine,0,Eastern Kingdoms,111,40,Jangolode Mine
0,Azeroth,196620,196608,Westfall Lighthouse,0,Eastern Kingdoms,115,40,Westfall Lighthouse
0,Azeroth,458756,458752,Misty Valley,0,Eastern Kingdoms,116,8,Misty Valley
0,Azeroth,917505,917504,Whelgar's Excavation Site,0,Eastern Kingdoms,118,11,Whelgar's Excavation Site
0,Azeroth,262150,262144,Tranquil Gardens Cemetery,0,Eastern Kingdoms,121,10,Tranquil Gardens Cemetery
0,Azeroth,720911,720896,Zuuldaia Ruins,0,Eastern Kingdoms,122,33,Zuuldaia Ruins
0,Azeroth,720912,720896,Bal'lal Ruins,0,Eastern Kingdoms,123,33,Bal'lal Ruins
0,Azeroth,720914,720896,Kal'ai Ruins,0,Eastern Kingdoms,125,33,Kal'ai Ruins
0,Azeroth,720915,720896,Tkashi Ruins,0,Eastern Kingdoms,126,33,Tkashi Ruins
0,Azeroth,720916,720896,Balia'mah Ruins,0,Eastern Kingdoms,127,33,Balia'mah Ruins
0,Azeroth,720917,720896,Ziata'jai Ruins,0,Eastern Kingdoms,128,33,Ziata'jai Ruins
0,Azeroth,720918,720896,Mizjah Ruins,0,Eastern Kingdoms,129,33,Mizjah Ruins
0,Azeroth,1638400,1638400,Silverpine Forest,0,Eastern Kingdoms,130,130,Silverpine Forest
0,Azeroth,1048578,1048576,Kharanos,0,Eastern Kingdoms,131,1,Kharanos
0,Azeroth,1048579,1048576,Coldridge Valley,0,Eastern Kingdoms,132,1,Coldridge Valley
0,Azeroth,1048580,1048576,Gnomeregan,0,Eastern Kingdoms,133,1,Gnomeregan
0,Azeroth,1048581,1048576,Gol'Bolar Quarry,0,Eastern Kingdoms,134,1,Gol'Bolar Quarry
0,Azeroth,1048582,1048576,Frostmane Hold,0,Eastern Kingdoms,135,1,Frostmane Hold
0,Azeroth,1048583,1048576,The Grizzled Den,0,Eastern Kingdoms,136,1,The Grizzled Den
0,Azeroth,1048584,1048576,Brewnall Village,0,Eastern Kingdoms,137,1,Brewnall Village
0,Azeroth,1048585,1048576,Misty Pine Refuge,0,Eastern Kingdoms,138,1,Misty Pine Refuge
0,Azeroth,1703936,1703936,Eastern Plaguelands,0,Eastern Kingdoms,139,139,Eastern Plaguelands
0,Azeroth,983041,983040,Ironband's Excavation Site,0,Eastern Kingdoms,142,38,Ironband's Excavation Site
0,Azeroth,983042,983040,Mo'grosh Stronghold,0,Eastern Kingdoms,143,38,Mo'grosh Stronghold
0,Azeroth,983043,983040,Thelsamar,0,Eastern Kingdoms,144,38,Thelsamar
0,Azeroth,983044,983040,Algaz Gate,0,Eastern Kingdoms,145,38,Algaz Gate
0,Azeroth,983045,983040,Stonewrought Dam,0,Eastern Kingdoms,146,38,Stonewrought Dam
0,Azeroth,983046,983040,The Farstrider Lodge,0,Eastern Kingdoms,147,38,The Farstrider Lodge
0,Azeroth,983047,983040,Silver Stream Mine,0,Eastern Kingdoms,149,38,Silver Stream Mine
0,Azeroth,917507,917504,Menethil Harbor,0,Eastern Kingdoms,150,11,Menethil Harbor
0,Azeroth,1572865,1572864,The Bulwark,0,Eastern Kingdoms,152,85,The Bulwark
0,Azeroth,1572867,1572864,Deathknell,0,Eastern Kingdoms,154,85,Deathknell
0,Azeroth,1572868,1572864,Night Web's Hollow,0,Eastern Kingdoms,155,85,Night Web's Hollow
0,Azeroth,1572869,1572864,Solliden Farmstead,0,Eastern Kingdoms,156,85,Solliden Farmstead
0,Azeroth,1572870,1572864,Agamand Mills,0,Eastern Kingdoms,157,85,Agamand Mills
0,Azeroth,1572871,1572864,Agamand Family Crypt,0,Eastern Kingdoms,158,85,Agamand Family Crypt
0,Azeroth,1572872,1572864,Brill,0,Eastern Kingdoms,159,85,Brill
0,Azeroth,1572873,1572864,Whispering Gardens,0,Eastern Kingdoms,160,85,Whispering Gardens
0,Azeroth,1572874,1572864,Terrace of Repose,0,Eastern Kingdoms,161,85,Terrace of Repose
0,Azeroth,1572875,1572864,Brightwater Lake,0,Eastern Kingdoms,162,85,Brightwater Lake
0,Azeroth,1572876,1572864,Gunther's Retreat,0,Eastern Kingdoms,163,85,Gunther's Retreat
0,Azeroth,1572877,1572864,Garren's Haunt,0,Eastern Kingdoms,164,85,Garren's Haunt
0,Azeroth,1572878,1572864,Balnir Farmstead,0,Eastern Kingdoms,165,85,Balnir Farmstead
0,Azeroth,1572879,1572864,Cold Hearth Manor,0,Eastern Kingdoms,166,85,Cold Hearth Manor
0,Azeroth,1572880,1572864,Crusader Outpost,0,Eastern Kingdoms,167,85,Crusader Outpost
0,Azeroth,1572881,1572864,The North Coast,0,Eastern Kingdoms,168,85,The North Coast
0,Azeroth,1835008,1835008,Lordamere Lake,0,Eastern Kingdoms,170,170,Lordamere Lake
0,Azeroth,1638401,1638400,Fenris Isle,0,Eastern Kingdoms,172,130,Fenris Isle
0,Azeroth,1048586,1048576,Steelgrill's Depot,0,Eastern Kingdoms,189,1,Steelgrill's Depot
0,Azeroth,1245185,1245184,Hearthglenn,0,Eastern Kingdoms,28,28,Western Plaguelands
0,Azeroth,1245187,1245184,Northridge Lumber Camp,0,Eastern Kingdoms,192,28,Northridge Lumber Camp
0,Azeroth,1245188,1245184,Ruins of Anderhol,0,Eastern Kingdoms,28,28,Western Plaguelands
0,Azeroth,1245190,1245184,School of Necromancy,0,Eastern Kingdoms,195,28,School of Necromancy
0,Azeroth,1245192,1245184,Sorrow Hill,0,Eastern Kingdoms,197,28,Sorrow Hill
0,Azeroth,1245193,1245184,The Weeping Cave,0,Eastern Kingdoms,198,28,The Weeping Cave
0,Azeroth,1245194,1245184,Felstone Field,0,Eastern Kingdoms,199,28,Felstone Field
0,Azeroth,1245195,1245184,Dalson's Tears,0,Eastern Kingdoms,200,28,Dalson's Tears
0,Azeroth,1245196,1245184,Gahrron's Withering,0,Eastern Kingdoms,201,28,Gahrron's Withering
0,Azeroth,1245197,1245184,The Writhing Haunt,0,Eastern Kingdoms,202,28,The Writhing Haunt
0,Azeroth,1245198,1245184,Mardenholde Keep,0,Eastern Kingdoms,203,28,Mardenholde Keep
0,Azeroth,1638402,1638400,Pyrewood Village,0,Eastern Kingdoms,204,130,Pyrewood Village
0,Azeroth,917508,917504,Dun Modr,0,Eastern Kingdoms,205,11,Dun Modr
0,Azeroth,1048587,1048576,Iceflow Lake,0,Eastern Kingdoms,211,1,Iceflow Lake
0,Azeroth,1048588,1048576,Helm's Bed Lake,0,Eastern Kingdoms,212,1,Helm's Bed Lake
0,Azeroth,1638403,1638400,Deep Elem Mine,0,Eastern Kingdoms,213,130,Deep Elem Mine
0,Azeroth,1900544,1900544,The Great Sea,0,Eastern Kingdoms,214,214,The Great Sea
0,Azeroth,196621,196608,Alexston Farmstead,0,Eastern Kingdoms,219,40,Alexston Farmstead
0,Azeroth,1638405,1638400,Valgan's Field,0,Eastern Kingdoms,227,130,Valgan's Field
0,Azeroth,1638406,1638400,The Sepulcher,0,Eastern Kingdoms,228,130,The Sepulcher
0,Azeroth,1638407,1638400,Olsen's Farthing,0,Eastern Kingdoms,229,130,Olsen's Farthing
0,Azeroth,1638408,1638400,The Greymane Wall,0,Eastern Kingdoms,230,130,The Greymane Wall
0,Azeroth,1638409,1638400,Beren's Peril,0,Eastern Kingdoms,231,130,Beren's Peril
0,Azeroth,1638410,1638400,The Dawning Isles,0,Eastern Kingdoms,232,130,The Dawning Isles
0,Azeroth,1638411,1638400,Ambermill,0,Eastern Kingdoms,233,130,Ambermill
0,Azeroth,1638414,1638400,Shadowfang Keep,0,Eastern Kingdoms,236,130,Shadowfang Keep
0,Azeroth,1638415,1638400,The Decrepit Ferry,0,Eastern Kingdoms,237,130,The Decrepit Ferry
0,Azeroth,1638418,1638400,The Dead Field,0,Eastern Kingdoms,240,130,The Dead Field
0,Azeroth,262151,262144,The Rotting Orchard,0,Eastern Kingdoms,241,10,The Rotting Orchard
0,Azeroth,262152,262144,Brightwood Grove,0,Eastern Kingdoms,242,10,Brightwood Grove
0,Azeroth,262153,262144,Forlorn Rowe,0,Eastern Kingdoms,243,10,Forlorn Rowe
0,Azeroth,262154,262144,The Whipple Estate,0,Eastern Kingdoms,244,10,The Whipple Estate
0,Azeroth,1507329,1507328,The Cauldron,0,Eastern Kingdoms,246,51,The Cauldron
0,Azeroth,1507330,1507328,Grimesilt Dig Site,0,Eastern Kingdoms,247,51,Grimesilt Dig Site
0,Azeroth,458758,458752,The Harborage,0,Eastern Kingdoms,657,8,The Harborage
0,Azeroth,2490368,2490368,Gillijim's Isle,0,Eastern Kingdoms,408,408,Gillijim's Isle
0,Azeroth,2555904,2555904,Island of Doctor Lapidis,0,Eastern Kingdoms,409,409,Island of Doctor Lapidis
0,Azeroth,1572884,1572864,Scarlet Watch Post,0,Eastern Kingdoms,459,85,Scarlet Watch Post
0,Azeroth,720926,720896,Ruins of Jubuwal,0,Eastern Kingdoms,477,33,Ruins of Jubuwal
0,Azeroth,262156,262144,Raven Hill Cemetery,0,Eastern Kingdoms,492,10,Raven Hill Cemetery
0,Azeroth,2621440,2621440,Twilight Grove,0,Eastern Kingdoms,856,10,Twilight Grove
0,Azeroth,262157,262144,Addle's Stead,0,Eastern Kingdoms,536,10,Addle's Stead
0,Azeroth,983048,983040,The Loch,0,Eastern Kingdoms,556,38,The Loch
0,Azeroth,262158,262144,Beggar's Haunt,0,Eastern Kingdoms,576,10,Beggar's Haunt
0,Azeroth,393241,393216,Goldshire,0,Eastern Kingdoms,87,12,Goldshire
0,Azeroth,393229,393216,Jasperlode Mine,0,Eastern Kingdoms,54,12,Jasperlode Mine
0,Azeroth,1638404,1638400,The Skittering Dark,0,Eastern Kingdoms,226,130,The Skittering Dark
0,Azeroth,262146,262144,The World Tree,0,Eastern Kingdoms,13,10,The World Tree
0,Azeroth,327680,327680,Deadwind Pass,0,Eastern Kingdoms,41,41,Deadwind Pass
0,Azeroth,524289,524288,Lake Everstill,0,Eastern Kingdoms,68,44,Lake Everstill
0,Azeroth,393245,393216,Mirror Lake,0,Eastern Kingdoms,92,12,Mirror Lake
0,Azeroth,393246,393216,Westbrook Garrison,0,Eastern Kingdoms,120,12,Westbrook Garrison
0,Azeroth,262155,262144,The Yorgen Farmstead,0,Eastern Kingdoms,245,10,The Yorgen Farmstead
0,Azeroth,2097152,2097152,Stonewrought Pass,0,Eastern Kingdoms,2838,51,Stonewrought Pass
0,Azeroth,720921,720896,The Crystal Shore,0,Eastern Kingdoms,302,33,The Crystal Shore
0,Azeroth,851984,851968,The Drowned Reef,0,Eastern Kingdoms,328,45,The Drowned Reef
0,Azeroth,720900,720896,Zul Gurub,0,Eastern Kingdoms,19,33,Zul'Gurub
0,Azeroth,196618,196608,Gold Coast Quarry,0,Eastern Kingdoms,113,40,Gold Coast Quarry
0,Azeroth,1572882,1572864,Whispering Shore,0,Eastern Kingdoms,169,85,Whispering Shore
0,Azeroth,1245191,1245184,Uther's Tomb,0,Eastern Kingdoms,196,28,Uther's Tomb
0,Azeroth,589826,589824,Ruins of Thaurisan,0,Eastern Kingdoms,46,46,Burning Steppes
0,Azeroth,851978,851968,Blackwater Shipwrecks,0,Eastern Kingdoms,322,45,Blackwater Shipwrecks
0,Azeroth,720903,720896,Nesingwary's Expedition,0,Eastern Kingdoms,100,33,Nesingwary's Expedition
0,Azeroth,720905,720896,Ruins of Zul'Kunda,0,Eastern Kingdoms,102,33,Ruins of Zul'Kunda
0,Azeroth,1638416,1638400,Malden's Orchard,0,Eastern Kingdoms,238,130,Malden's Orchard
0,Azeroth,1638417,1638400,The Ivar Patch,0,Eastern Kingdoms,239,130,The Ivar Patch
0,Azeroth,720924,720896,Ruins of Aboraz,0,Eastern Kingdoms,311,33,Ruins of Aboraz
0,Azeroth,851971,851968,Dabyrie's Farmstead,0,Eastern Kingdoms,315,45,Dabyrie's Farmstead
0,Azeroth,786440,786432,Jintha'Alor,0,Eastern Kingdoms,354,47,Jintha'Alor
0,Azeroth,786441,786432,The Altar of Zul,0,Eastern Kingdoms,355,47,The Altar of Zul
0,Azeroth,196609,196608,Lighthouse,0,Eastern Kingdoms,26,40,Lighthouse
0,Azeroth,393234,393216,Forest's Edge,0,Eastern Kingdoms,60,12,Forest's Edge
0,Azeroth,1572866,1572864,Ruins of Lordaeron,0,Eastern Kingdoms,153,85,Ruins of Lordaeron
0,Azeroth,1638413,1638400,Fenris Keep,0,Eastern Kingdoms,235,130,Fenris Keep
0,Azeroth,851973,851968,Witherbark Village,0,Eastern Kingdoms,317,45,Witherbark Village
0,Azeroth,1966082,1966080,Southshore,0,Eastern Kingdoms,271,267,Southshore
0,Azeroth,1966096,1966080,Western Strand,0,Eastern Kingdoms,295,267,Western Strand
0,Azeroth,262144,262144,Duskwood,0,Eastern Kingdoms,10,10,Duskwood
0,Azeroth,917504,917504,Wetlands,0,Eastern Kingdoms,11,11,Wetlands
0,Azeroth,1572883,1572864,Faol's Rest,0,Eastern Kingdoms,173,85,Faol's Rest
0,Azeroth,524292,524288,Stonewatch Falls,0,Eastern Kingdoms,71,44,Stonewatch Falls
0,Azeroth,262148,262144,Vul'Gol Ogre Mound,0,Eastern Kingdoms,93,10,Vul'Gol Ogre Mound
0,Azeroth,720910,720896,Grom'gol Base Camp,0,Eastern Kingdoms,117,33,Grom'gol Base Camp
0,Azeroth,589830,589824,Blackrock Spire,0,Eastern Kingdoms,46,46,Burning Steppes
0,Azeroth,2293760,2293760,The Forbidding Sea,0,Eastern Kingdoms,308,308,The Forbidding Sea
0,Azeroth,851969,851968,Northfold Manor,0,Eastern Kingdoms,313,45,Northfold Manor
0,Azeroth,1114114,1114112,Angor Fortress,0,Eastern Kingdoms,338,3,Angor Fortress
0,Azeroth,1114115,1114112,Lethlor Ravine,0,Eastern Kingdoms,339,3,Lethlor Ravine
0,Azeroth,1048589,1048576,Ironband's Compound,0,Eastern Kingdoms,716,1,Ironband's Compound
