﻿src_row_id,src_areaNumber,src_parentNumber,src_name,src_mapId,src_mapName,src_mapId_xwalk,src_mapName_xwalk,src_path,tgt_id_335,tgt_name,tgt_parent_id,tgt_parent_name,tgt_mapId,tgt_mapName,tgt_path,match_method
164,0,0,***On Map Dungeon***,0,Azeroth,0,Eastern Kingdoms,eastern kingdoms/onmapdungeon,-1,,-1,,-1,,,unmatched
165,0,0,***On Map Dungeon***,1,Kalimdor,1,Kalimdor,kalimdor/onmapdungeon,-1,,-1,,-1,,,unmatched
166,0,0,***On Map Dungeon***,17,Kalidar,-1,,onmapdungeon,-1,,-1,,-1,,,unmatched
263,65536,65536,Westfall,36,DeadminesInstance,36,Deadmines,deadmines/westfall,-1,,-1,,-1,,,unmatched
265,196608,196608,Ironclad Cove,36,DeadminesInstance,36,Deadmines,deadmines/ironcladcove,-1,,-1,,-1,,,unmatched
267,0,0,***On Map Dungeon***,36,DeadminesInstance,36,Deadmines,deadmines/onmapdungeon,-1,,-1,,-1,,,unmatched
297,65536,65536,Outland,150,,-1,,outland,-1,,-1,,-1,,,unmatched
305,65536,65536,Gnomeragon,90,GnomeragonInstance,90,Gnomeregan,gnomeregan/gnomeragon,-1,,-1,,-1,,,unmatched
446,65536,65536,Plains of Snow,37,PVPZone02,37,Azshara Crater,azshara crater/plainsofsnow,-1,,-1,,-1,,,unmatched
