﻿row_key,id,parent,continentId,name
1,249,46,0,Dreadmaul Rock
2,251,46,0,Flame Crest
3,252,46,0,Blackrock Stronghold
4,253,46,0,The Pillar of Ash
5,255,46,0,Altar of Storms
6,256,141,1,Aldrassil
7,257,141,1,Shadowthread Cave
8,258,141,1,Fel Rock
9,259,141,1,Lake Al'Ameth
10,260,141,1,Starbreeze Village
11,261,141,1,Gnarlpine Hold
12,262,141,1,Ban'ethil Barrow Den
13,263,141,1,The Cleft
14,264,141,1,The Oracle Glade
15,265,141,1,Wellspring River
16,266,141,1,Wellspring Lake
17,267,267,0,Hillsbrad Foothills
18,269,269,0,Dun Algaz
19,272,267,0,Tarren Mill
20,275,267,0,Durnholde Keep
21,277,36,0,The Foothill Caverns
22,278,36,0,Lordamere Internment Camp
23,279,36,0,Dalaran
24,280,36,0,Strahnbrad
25,281,36,0,Ruins of Alterac
26,282,36,0,Crushridge Hold
27,283,36,0,Slaughter Hollow
28,284,36,0,The Uplands
29,285,267,0,Southpoint Tower
30,286,267,0,Hillsbrad Fields
31,287,267,0,Hillsbrad
32,288,267,0,Azureload Mine
33,289,267,0,Nethander Stead
34,290,267,0,Dun Garok
35,293,293,0,Thoradin's Wall
36,294,267,0,Eastern Strand
37,296,296,0,South Seas
38,297,33,0,Jaguero Isle
39,298,11,0,Baradin Bay
40,299,11,0,Menethil Bay
41,300,8,0,Mistyreed Strand
42,301,33,0,The Savage Coast
43,303,33,0,Shell Beach
44,305,130,0,North Tide's Run
45,306,130,0,South Tide's Run
46,307,47,0,The Overlook Cliffs
47,309,11,0,Ironbeard's Tomb
48,310,33,0,Crystalvein Mine
49,312,33,0,Janeiro's Point
50,314,45,0,Go'Shek Farm
51,316,45,0,Boulderfist Hall
52,318,45,0,Drywhisker Gorge
53,320,45,0,Refuge Pointe
54,321,45,0,Hammerfall
55,323,45,0,O'Breen's Camp
56,324,45,0,Stromgarde Keep
57,325,45,0,The Tower of Arathor
58,326,45,0,The Sanctum
59,327,45,0,Faldir's Cove
60,330,330,0,Thandol Span
61,331,331,1,Ashenvale
62,332,332,1,The Great Sea
63,333,45,0,Circle of East Binding
64,334,45,0,Circle of West Binding
65,335,45,0,Circle of Inner Binding
66,336,45,0,Circle of Outer Binding
67,337,3,0,Apocryphan's Rest
68,340,3,0,Kargath
69,341,3,0,Camp Kosh
70,342,3,0,Camp Boff
71,343,3,0,Camp Wurg
72,344,3,0,Camp Cagg
73,345,3,0,Agmond's End
74,346,3,0,Hammertoe's Digsite
75,347,3,0,Dustbelch Grotto
76,348,47,0,Aerie Peak
77,349,47,0,Wildhammer Keep
78,350,47,0,Quel'Danil Lodge
79,351,47,0,Skulk Rock
80,352,47,0,Zun'watha
81,353,47,0,Shadra'Alor
82,356,47,0,Seradane
83,357,357,1,Feralas
84,358,215,1,Brambleblade Ravine
85,359,17,1,Bael Modan
86,360,215,1,The Venture Co. Mine
87,361,361,1,Felwood
88,362,14,1,Razor Hill
89,363,14,1,Valley of Trials
90,364,14,1,The Den
91,365,14,1,Burning Blade Coven
92,366,14,1,Kolkar Crag
93,367,14,1,Sen'jin Village
94,368,14,1,Echo Isles
95,369,14,1,Thunder Ridge
96,370,14,1,Drygulch Ravine
97,372,14,1,Tiragarde Keep
98,373,14,1,Scuttle Coast
99,374,14,1,Bladefist Bay
100,375,14,1,Deadeye Shore
101,377,377,1,Southfury River
102,378,17,1,Camp Taurajo
103,379,17,1,Far Watch Post
104,380,17,1,The Crossroads
105,381,17,1,Boulder Load Mine
106,383,17,1,The Dry Hills
107,384,17,1,Dreadmist Peak
108,385,17,1,Northwatch Hold
109,386,17,1,The Forgotten Pools
110,388,17,1,The Stagnant Oasis
111,390,17,1,Field of Giants
112,391,17,1,The Merchant Coast
113,392,17,1,Ratchet
114,393,14,1,Darkspear Strand
115,394,394,0,Darrowmere Lake
116,395,394,0,Caer Darrow
117,396,215,1,Winterhoof Water Well
118,397,215,1,Thunderhorn Water Well
119,1,1,0,Dun Morogh
120,2,40,0,Longshore
121,3,3,0,Badlands
122,4,4,0,Blasted Lands
123,7,33,0,Blackwater Cove
124,8,8,0,Swamp of Sorrows
125,9,12,0,Northshire Valley
126,12,12,0,Elwynn Forest
127,14,14,1,Durotar
128,15,15,1,Dustwallow Marsh
129,16,16,1,Aszhara
130,17,17,1,The Barrens
131,18,12,0,Crystal Lake
132,20,40,0,Moonbrook
133,21,21,0,Kul Tiras
134,23,12,0,Northshire River
135,24,12,0,Northshire Abbey
136,25,25,0,Blackrock Mountain
137,28,28,0,Western Plaguelands
138,30,30,0,Nine
139,32,10,0,The Cemetary
140,33,33,0,Stranglethorn Vale
141,34,12,0,Echo Ridge Mine
142,35,33,0,Booty Bay
143,36,36,0,Alterac Mountains
144,37,33,0,Lake Nazferiti
145,38,38,0,Loch Modan
146,40,40,0,Westfall
147,42,10,0,Darkshire
148,43,33,0,Wild Shore
149,44,44,0,Redridge Mountains
150,45,45,0,Arathi Highlands
151,46,46,0,Burning Steppes
152,47,47,0,The Hinterlands
153,49,22,0,Dead Man's Hole
154,51,51,0,Searing Gorge
155,53,12,0,Thieves Camp
156,55,12,0,Valley of Heroes
157,56,12,0,Heroes' Vigil
158,57,12,0,Fargodeep Mine
159,59,12,0,Northshire Vineyards
160,61,12,0,Thunder Falls
161,62,12,0,Brackwell Pumpkin Patch
162,63,12,0,The Stonefield Farm
163,64,12,0,The Maclure Vineyards
164,65,65,0,***On Map Dungeon***
165,66,66,1,***On Map Dungeon***
166,67,67,17,***On Map Dungeon***
167,69,44,0,Lakeshire
168,70,44,0,Stonewatch
169,72,4,0,Dark Portal
170,73,4,0,Demonic Stronghold
171,74,8,0,Pool of Tears
172,75,8,0,Stonard
173,76,8,0,Fallow Sanctuary
174,77,1,0,Anvilmar
175,80,12,0,Stormwind City
176,82,22,0,Jeff NW Quadrant
177,83,22,0,Jeff SE Quadrant
178,84,22,0,Jeff SW Quadrant
179,85,85,0,Tirisfal Glades
180,86,12,0,Stone Cairn Lake
181,88,12,0,Eastvale Logging Camp
182,89,12,0,Mirror Lake Orchard
183,91,12,0,Tower of Azora
184,94,10,0,Raven Hill
185,95,44,0,Redridge Canyons
186,96,44,0,Tower of Ilgalar
187,97,44,0,Alther's Mill
188,98,44,0,Rethban Caverns
189,99,33,0,Rebel Camp
190,101,33,0,Kurzen's Compound
191,103,33,0,Ruins of Zul'Mamwe
192,104,33,0,The Vile Reef
193,105,33,0,Mosh'Ogg Ogre Mound
194,106,33,0,The Stockpile
195,107,40,0,Saldean's Farm
196,108,40,0,Sentinel Hill
197,109,40,0,Furlbrow's Pumpkin Farm
198,111,40,0,Jangolode Mine
199,115,40,0,Westfall Lighthouse
200,116,8,0,Misty Valley
201,118,11,0,Whelgar's Excavation Site
202,121,10,0,Tranquil Gardens Cemetery
203,122,33,0,Zuuldaia Ruins
204,123,33,0,Bal'lal Ruins
205,125,33,0,Kal'ai Ruins
206,126,33,0,Tkashi Ruins
207,127,33,0,Balia'mah Ruins
208,128,33,0,Ziata'jai Ruins
209,129,33,0,Mizjah Ruins
210,130,130,0,Silverpine Forest
211,131,1,0,Kharanos
212,132,1,0,Coldridge Valley
213,133,1,0,Gnomeregan
214,134,1,0,Gol'Bolar Quarry
215,135,1,0,Frostmane Hold
216,136,1,0,The Grizzled Den
217,137,1,0,Brewnall Village
218,138,1,0,Misty Pine Refuge
219,139,139,0,Eastern Plaguelands
220,141,141,1,Teldrassil
221,142,38,0,Ironband's Excavation Site
222,143,38,0,Mo'grosh Stronghold
223,144,38,0,Thelsamar
224,145,38,0,Algaz Gate
225,146,38,0,Stonewrought Dam
226,147,38,0,The Farstrider Lodge
227,148,148,1,Darkshore
228,149,38,0,Silver Stream Mine
229,150,11,0,Menethil Harbor
230,152,85,0,The Bulwark
231,154,85,0,Deathknell
232,155,85,0,Night Web's Hollow
233,156,85,0,Solliden Farmstead
234,157,85,0,Agamand Mills
235,158,85,0,Agamand Family Crypt
236,159,85,0,Brill
237,160,85,0,Whispering Gardens
238,161,85,0,Terrace of Repose
239,162,85,0,Brightwater Lake
240,163,85,0,Gunther's Retreat
241,164,85,0,Garren's Haunt
242,165,85,0,Balnir Farmstead
243,166,85,0,Cold Hearth Manor
244,167,85,0,Crusader Outpost
245,168,85,0,The North Coast
246,170,170,0,Lordamere Lake
247,172,130,0,Fenris Isle
248,187,141,1,Darnassus
249,189,1,0,Steelgrill's Depot
250,190,28,0,Hearthglenn
251,192,28,0,Northridge Lumber Camp
252,193,28,0,Ruins of Anderhol
253,195,28,0,School of Necromancy
254,197,28,0,Sorrow Hill
255,198,28,0,The Weeping Cave
256,199,28,0,Felstone Field
257,200,28,0,Dalson's Tears
258,201,28,0,Gahrron's Withering
259,202,28,0,The Writhing Haunt
260,203,28,0,Mardenholde Keep
261,204,130,0,Pyrewood Village
262,205,11,0,Dun Modr
263,206,206,36,Westfall
264,207,207,36,The Great Sea
265,208,208,36,Ironclad Cove
266,209,209,33,Shadowfang
267,210,210,36,***On Map Dungeon***
268,211,1,0,Iceflow Lake
269,212,1,0,Helm's Bed Lake
270,213,130,0,Deep Elem Mine
271,214,214,0,The Great Sea
272,215,215,1,Mulgore
273,219,40,0,Alexston Farmstead
274,221,215,1,Camp Narache
275,222,215,1,Bloodhoof Village
276,223,215,1,Stonebull Lake
277,224,215,1,Ravaged Caravan
278,225,215,1,Red Rocks
279,227,130,0,Valgan's Field
280,228,130,0,The Sepulcher
281,229,130,0,Olsen's Farthing
282,230,130,0,The Greymane Wall
283,231,130,0,Beren's Peril
284,232,130,0,The Dawning Isles
285,233,130,0,Ambermill
286,236,130,0,Shadowfang Keep
287,237,130,0,The Decrepit Ferry
288,240,130,0,The Dead Field
289,241,10,0,The Rotting Orchard
290,242,10,0,Brightwood Grove
291,243,10,0,Forlorn Rowe
292,244,10,0,The Whipple Estate
293,246,51,0,The Cauldron
294,247,51,0,Grimesilt Dig Site
295,656,493,1,Lake Elune'ara
296,657,8,0,The Harborage
297,676,676,150,Outland
298,696,141,1,Craftsmen's Terrace
299,697,141,1,Tradesmen's Terrace
300,698,141,1,The Temple Gardens
301,699,141,1,Temple of Elune
302,700,141,1,Cenarion Enclave
303,701,141,1,Warrior's Terrace
304,702,141,1,Rut'theran Village
305,721,721,90,Gnomeragon
306,838,38,0,North Gate Pass
307,839,38,0,South Gate Pass
308,398,215,1,Wildmane Water Well
309,400,400,1,Thousand Needles
310,401,17,1,The Tidus Stair
311,404,215,1,Bael'Dun Digsite
312,405,405,1,Desolace
313,406,406,1,Stonetalon Mountains
314,407,14,1,Orgrimmar
315,408,408,0,Gillijim's Isle
316,409,409,0,Island of Doctor Lapidis
317,410,14,1,Razorwind Canyon
318,411,331,1,Bathran's Haunt
319,413,331,1,Maestra's Post
320,414,331,1,The Zoram Strand
321,415,331,1,Astranaar
322,416,331,1,The Shrine of Aessina
323,417,331,1,Fire Scar Shrine
324,418,331,1,The Ruins of Stardust
325,419,331,1,The Howling Vale
326,420,331,1,Silverwind Refuge
327,421,331,1,Mystral Lake
328,422,331,1,Fallen Sky Lake
329,424,331,1,Iris Lake
330,426,331,1,Raynewood Retreat
331,427,331,1,The Shady Nook
332,430,331,1,Satyrnaar
333,432,331,1,The Dor'Danil Barrow Den
334,433,331,1,Falfarren River
335,435,331,1,Demon Fall Canyon
336,436,331,1,Demon Fall Ridge
337,438,331,1,Bough Shadow
338,439,400,1,The Shimmering Flats
339,440,440,1,Tanaris
340,441,331,1,Lake Falathim
341,442,148,1,Auberdine
342,443,148,1,Ruins of Mathystra
343,444,148,1,Tower of Althalaxx
344,445,148,1,Cliffspring Falls
345,446,148,1,Bashal'Aran
346,447,148,1,Ameth'Aran
347,448,148,1,Grove of the Ancients
348,449,148,1,The Master's Glaive
349,450,148,1,Remtravel's Excavation
350,452,148,1,Mist's Edge
351,454,148,1,Wildbend River
352,455,148,1,Blackwood Den
353,456,148,1,Cliffspring River
354,458,17,1,Gold Road
355,459,85,0,Scarlet Watch Post
356,460,406,1,Sun Rock Retreat
357,461,406,1,Windshear Crag
358,463,406,1,Cragpool Lake
359,464,406,1,Mirkfallon Lake
360,465,406,1,The Charred Vale
361,466,406,1,Valley of the Bloodfuries
362,468,406,1,The Talon Den
363,469,406,1,Greatwood Vale
364,470,215,1,Thunder Bluff
365,471,215,1,Brave Wind Mesa
366,472,215,1,Fire Stone Mesa
367,474,215,1,Hunter Rise
368,475,215,1,Spirit Rise
369,476,215,1,Elder Rise
370,477,33,0,Ruins of Jubuwal
371,478,141,1,Pools of Arlithrien
372,479,400,1,The Rustmaul Dig Site
373,480,400,1,Camp E'thok
374,482,400,1,Highperch
375,483,400,1,The Screeching Canyon
376,484,400,1,Freewind Post
377,485,400,1,The Great Lift
378,486,400,1,Galak Hold
379,487,400,1,Roguefeather Den
380,488,400,1,The Weathered Nook
381,489,357,1,Thalanaar
382,490,490,1,Ungoro Crater
383,491,491,47,Razorfen Kraul
384,492,10,0,Raven Hill Cemetery
385,493,493,1,Moonglade
386,496,15,1,Brackenwall Village
387,495,495,0,DELETE ME
388,497,15,1,Swamplight Manor
389,498,15,1,Bloodfen Burrow
390,499,15,1,Darkmist Cavern
391,504,15,1,North Point Tower
392,505,15,1,West Point Tower
393,506,15,1,Lost Point
394,507,15,1,Bluefen
395,508,15,1,Stonemaul Ruins
396,509,15,1,The Den of Flame
397,511,15,1,Wyrmbog
398,512,15,1,Onyxia's Lair
399,513,15,1,Theramore Isle
400,514,15,1,Foothold Citadel
401,515,15,1,Ironclad Prison
402,516,15,1,Dustwallow Bay
403,517,15,1,Tidefury Cove
404,518,15,1,Dreadmurk Shore
405,536,10,0,Addle's Stead
406,537,490,1,Fire Plume Ridge
407,538,490,1,Lik'ash Tar Pits
408,539,490,1,Terror Run
409,540,490,1,The Slithering Scar
410,541,490,1,Marshal's Refuge
411,542,490,1,Fungal Rock
412,543,490,1,Golakka Hot Springs
413,556,38,0,The Loch
414,576,10,0,Beggar's Haunt
415,22,22,0,Programmer Isle
416,87,12,0,Goldshire
417,425,331,1,Moonwell
418,54,12,0,Jasperlode Mine
419,226,130,0,The Skittering Dark
420,382,17,1,The Sludge Fen
421,431,331,1,Solace Glade
422,473,215,1,Mantle Rock
423,13,10,0,The World Tree
424,41,41,0,Deadwind Pass
425,68,44,0,Lake Everstill
426,92,12,0,Mirror Lake
427,120,12,0,Westbrook Garrison
428,151,151,0,Designer Island
429,188,141,1,Shadowglen
430,220,215,1,Red Cloud Mesa
431,245,10,0,The Yorgen Farmstead
432,276,276,0,Stonewrought Pass
433,302,33,0,The Crystal Shore
434,328,45,0,The Drowned Reef
435,371,14,1,Dustwind Cave
436,403,15,1,Shady Rest Inn
437,428,331,1,Night Run
438,434,331,1,Felfire Hill
439,457,457,1,The Veiled Sea
440,481,400,1,Splithoof Crag
441,503,15,1,Sentry Point
442,19,33,0,Zul Gurub
443,81,22,0,Jeff NE Quadrant
444,113,40,0,Gold Coast Quarry
445,169,85,0,Whispering Shore
446,196,28,0,Uther's Tomb
447,250,46,0,Ruins of Thaurisan
448,268,268,37,Plains of Snow
449,322,45,0,Blackwater Shipwrecks
450,387,17,1,Lushwater Oasis
451,453,148,1,The Long Wash
452,510,15,1,The Dragonmurk
453,100,33,0,Nesingwary's Expedition
454,102,33,0,Ruins of Zul'Kunda
455,238,130,0,Malden's Orchard
456,239,130,0,The Ivar Patch
457,311,33,0,Ruins of Aboraz
458,315,45,0,Dabyrie's Farmstead
459,354,47,0,Jintha'Alor
460,355,47,0,The Altar of Zul
461,596,405,1,Kodo Graveyard
462,597,405,1,Ghost Walker Post
463,598,405,1,Sar'theris Strand
464,599,405,1,Thunder Axe Fortress
465,600,405,1,Bolgan's Hole
466,609,405,1,Kolkar Village
467,602,405,1,Mannoroc Coven
468,603,405,1,Sargeron
469,604,405,1,Magram Village
470,26,40,0,Lighthouse
471,606,405,1,Gelkis Village
472,607,405,1,Valley of Spears
473,608,405,1,Nijel's Point
474,60,12,0,Forest's Edge
475,153,85,0,Ruins of Lordaeron
476,235,130,0,Fenris Keep
477,317,45,0,Witherbark Village
478,399,215,1,Skyline Ridge
479,429,331,1,Xavian
480,437,331,1,Kargathia Outpost
481,467,406,1,Stonetalon Peak
482,501,15,1,Beezil's Wreck
483,271,267,0,Southshore
484,295,267,0,Western Strand
485,10,10,0,Duskwood
486,11,11,0,Wetlands
487,616,616,1,Hyjal
488,173,85,0,Faol's Rest
489,618,618,1,Winterspring
490,186,141,1,Dolanaar
491,500,15,1,Moggle Point
492,502,15,1,Witch Hill
493,412,331,1,The Ruins of Ordil'Aran
494,636,406,1,Blackwolf River
495,71,44,0,Stonewatch Falls
496,93,10,0,Vul'Gol Ogre Mound
497,117,33,0,Grom'gol Base Camp
498,254,46,0,Blackrock Spire
499,308,308,0,The Forbidding Sea
500,313,45,0,Northfold Manor
501,338,3,0,Angor Fortress
502,339,3,0,Lethlor Ravine
503,637,215,1,Kodo Rock
504,638,14,1,Hidden Path
505,639,14,1,Spirit Rock
506,640,14,1,Shrine of the Dormant Flame
507,716,1,0,Ironband's Compound
508,717,717,34,The Stockade
509,718,718,43,Wailing Caverns
510,719,719,48,Blackfathom Deeps
511,720,17,1,Fray Island
512,722,722,129,Razorfen Downs
513,736,141,1,Ban'ethil Hollow
514,796,796,189,Scarlet Monastary
515,797,12,0,Jerod's Landing
516,798,12,0,Ridgepoint Tower
517,799,10,0,The Darkened Bank
518,800,1,0,Coldridge Pass
519,801,1,0,Chill Breeze Valley
520,802,1,0,Shimmer Ridge
521,803,1,0,Amberstill Ranch
522,804,1,0,The Tundrid Hills
523,805,1,0,South Gate Pass
524,806,1,0,South Gate Outpost
525,807,1,0,North Gate Pass
526,808,1,0,North Gate Outpost
527,809,1,0,Ironforge
528,810,85,0,Stillwater Pond
529,811,85,0,Nightmare Vale
530,812,85,0,Venomweb Vale
531,813,28,0,The Bulwark
532,814,14,1,Southfury River
533,815,17,1,Southfury River
534,816,14,1,Razormane Grounds
535,817,14,1,Skull Rock
536,818,215,1,Palemane Rock
537,819,215,1,Windfury Ridge
538,820,215,1,The Golden Plains
539,821,215,1,The Rolling Plains
540,836,11,0,Dun Algaz
541,837,38,0,Dun Algaz
542,856,10,0,Twilight Grove
543,876,876,1,GM Island
544,877,17,1,Delete ME
545,878,16,1,Southfury Rivr
546,879,331,1,Southfury River
547,880,45,0,Thandol Span
548,881,11,0,Thandol Span
